Workbook

Sheet 읽어주세요
A1: 쏠 타로 하우스 — 미리 써 두는 문장 DB
A2: 기준 데이터: tarot_data.json v2.5 (2026-10-07). 모든 문장은 Claude 초안이며 상담사 검수 전입니다. 결과 리포트는 이 문장들을 서버가 조립하고, AI는 고민 맞춤 한 줄·질문·이야기만 짧게 씁니다.
A4: 쓰는 법
A5: 1. 시트 하나를 열고 '현재 문장'을 읽습니다. 노란 칸(상태 · 수정안 · 검수 메모)만 고쳐 주세요.
A6: 2. 그대로 써도 되면 상태를 '확정'으로 바꿉니다. 고칠 문장은 '수정안'에 새 문장을 쓰고 상태를 '확정'으로 둡니다.
A7: 3. 직접 고치기 어렵거나 의견만 남길 때는 상태 '수정요청' + '검수 메모'에 이유를 적어 주세요.
A8: 4. '현재 문장'과 ID 칸은 고치지 마세요. 수정안이 있으면 수정안이, 없으면 현재 문장이 최종 문장이 됩니다.
A9: 5. {name} · {nickname} 같은 중괄호는 닉네임 등이 들어갈 자리라 그대로 남겨 주세요.
A10: 6. '분량 확인'이 뜨면 기준 글자 수를 벗어난 문장이에요. 꼭 맞출 필요는 없지만 화면에서 너무 길거나 짧을 수 있어요.
A11: 7. 다 끝나면 파일을 돌려주세요. 개발 쪽에서 import_db.py로 tarot_data.json에 한 번에 반영합니다(확정만 반영하는 옵션 있음).
A13: 색 · 상태
A14: 노란 칸 | B14: 검수자가 쓰는 칸 (상태 · 수정안 · 검수 메모)
A15: 확정 | B15: 이대로 결과에 쓴다 (수정안이 있으면 수정안으로)
A16: 수정요청 | B16: 고쳐야 하지만 수정안을 아직 못 씀 — 메모 확인
A17: 검수중 | B17: 읽는 중, 나중에 다시 봄
A18: 초안 | B18: 아직 안 봄 (처음 상태)
A19: 삭제 | B19: 이 문장을 빼고 싶음 — 개발 쪽과 구조를 함께 바꿔야 해서 자동 반영되지 않음
A21: 작성 예시 (실제 시트와 같은 칸 구성)
A22: ID | B22: 카드 · 분류 | C22: 항목 | D22: 현재 문장 (초안) | F22: 상태 | G22: 수정안 | I22: 검수 메모
A23: cards.12.positions.now | B23: 12 바위 위의 쉼 · 물범 | C23: 지금의 마음 · 정방향 | D23: 몸도 마음도 쉬고 싶다는 신호를 보내고 있어요. 열심히 해 왔는데 생각만큼 앞으로 나아가지 않는 느낌이 들 수 있어요. | F23: 확정 | G23: 몸도 마음도 잠시 쉬어 가자는 신호를 보내고 있어요. 열심히 달려왔는데 제자리인 것 같은 느낌이 들 수 있어요. | I23: '나아가지 않는'이 실패처럼 들려서 '제자리인 것 같은'으로 부드럽게
A25: 진행 현황 (자동 계산)
A26: 시트 | B26: 무엇인가 | C26: 결과에서 쓰이는 곳 | D26: 단계 | E26: 문장 수 | F26: 확정 | G26: 수정요청 | H26: 초안 | I26: 확정 비율 | J26: 분량 확인
A27: 위치해석 | B27: 카드 22장 × 위치 3곳 × 정·역방향 해석 | C27: 결과 2·3·4번 카드 섹션 본문 | D27: 출시 1단계 | E27: =COUNTA(위치해석!A:A)-1 -> 132 | F27: =COUNTIF(위치해석!E:E,"확정") -> 0 | G27: =COUNTIF(위치해석!E:E,"수정요청") -> 0 | H27: =COUNTIF(위치해석!E:E,"초안") -> 132 | I27: =IF(E27=0,0,F27/E27) -> 0 | J27: =COUNTIF(위치해석!I:I,"분량 확인") -> 0
A28: 깊이읽기 | B28: 카드 22장 × 위치 3곳 × 단락 2개 + 역방향 공통 3개 | C28: 결과 2·3·4번 '조금 더 들여다보기' | D28: 2단계 → 초안 완료 | E28: =COUNTA(깊이읽기!A:A)-1 -> 198 | F28: =COUNTIF(깊이읽기!E:E,"확정") -> 0 | G28: =COUNTIF(깊이읽기!E:E,"수정요청") -> 0 | H28: =COUNTIF(깊이읽기!E:E,"초안") -> 198 | I28: =IF(E28=0,0,F28/E28) -> 0 | J28: =COUNTIF(깊이읽기!I:I,"분량 확인") -> 0
A29: 핵심메시지 | B29: 카드별 핵심 메시지 정·역방향 | C29: 결과 2·3·4번 카드명 아래 한 줄 | D29: 출시 1단계 | E29: =COUNTA(핵심메시지!A:A)-1 -> 44 | F29: =COUNTIF(핵심메시지!E:E,"확정") -> 0 | G29: =COUNTIF(핵심메시지!E:E,"수정요청") -> 0 | H29: =COUNTIF(핵심메시지!E:E,"초안") -> 44 | I29: =IF(E29=0,0,F29/E29) -> 0 | J29: =COUNTIF(핵심메시지!I:I,"분량 확인") -> 0
A30: 카드설명 | B30: 카드별 '어떤 카드인가요' 두 문장 | C30: 결과 1번 세 장 한눈에 + 카드 섹션 '어떤 카드인가요' | D30: 출시 1단계 | E30: =COUNTA(카드설명!A:A)-1 -> 44 | F30: =COUNTIF(카드설명!E:E,"확정") -> 0 | G30: =COUNTIF(카드설명!E:E,"수정요청") -> 0 | H30: =COUNTIF(카드설명!E:E,"초안") -> 44 | I30: =IF(E30=0,0,F30/E30) -> 0 | J30: =COUNTIF(카드설명!I:I,"분량 확인") -> 0
A31: 상황질문 | B31: 카드별 기본 질문 2개 (AI 맞춤 질문이 없을 때) | C31: 결과 2·3·4번 질문 2개 | D31: 출시 1단계 | E31: =COUNTA(상황질문!A:A)-1 -> 88 | F31: =COUNTIF(상황질문!E:E,"확정") -> 0 | G31: =COUNTIF(상황질문!E:E,"수정요청") -> 0 | H31: =COUNTIF(상황질문!E:E,"초안") -> 88 | I31: =IF(E31=0,0,F31/E31) -> 0 | J31: =COUNTIF(상황질문!I:I,"분량 확인") -> 0
A32: 마무리 | B32: 세 번째 카드로 나왔을 때 마무리 문장 | C32: 결과 5번 이야기 뒤 | D32: 출시 1단계 | E32: =COUNTA(마무리!A:A)-1 -> 44 | F32: =COUNTIF(마무리!E:E,"확정") -> 0 | G32: =COUNTIF(마무리!E:E,"수정요청") -> 0 | H32: =COUNTIF(마무리!E:E,"초안") -> 44 | I32: =IF(E32=0,0,F32/E32) -> 0 | J32: =COUNTIF(마무리!I:I,"분량 확인") -> 0
A33: 실천카드 | B33: 카드별 실천 3개 × 제목·방법·시간·이유 | C33: 결과 7번 이번 주 실천 카드 | D33: 출시 1단계 | E33: =COUNTA(실천카드!A:A)-1 -> 264 | F33: =COUNTIF(실천카드!E:E,"확정") -> 0 | G33: =COUNTIF(실천카드!E:E,"수정요청") -> 0 | H33: =COUNTIF(실천카드!E:E,"초안") -> 264 | I33: =IF(E33=0,0,F33/E33) -> 0 | J33: =COUNTIF(실천카드!I:I,"분량 확인") -> 0
A34: 웰니스처방 | B34: 고민 영역×필요 36 + 필요별 6 × 제목·방법·이유 | C34: 결과 6번 웰니스 처방 | D34: 출시 1단계 | E34: =COUNTA(웰니스처방!A:A)-1 -> 126 | F34: =COUNTIF(웰니스처방!E:E,"확정") -> 0 | G34: =COUNTIF(웰니스처방!E:E,"수정요청") -> 0 | H34: =COUNTIF(웰니스처방!E:E,"초안") -> 126 | I34: =IF(E34=0,0,F34/E34) -> 0 | J34: =COUNTIF(웰니스처방!I:I,"분량 확인") -> 3
A35: 대체문장 | B35: AI가 실패하거나 고민을 적지 않았을 때 5번에 들어가는 문장 — 고민 영역별 2개 | C35: 결과 5번 이야기·내 고민에 대어 보면 | D35: v2.5 신규 | E35: =COUNTA(대체문장!A:A)-1 -> 28 | F35: =COUNTIF(대체문장!E:E,"확정") -> 0 | G35: =COUNTIF(대체문장!E:E,"수정요청") -> 0 | H35: =COUNTIF(대체문장!E:E,"초안") -> 28 | I35: =IF(E35=0,0,F35/E35) -> 0 | J35: =COUNTIF(대체문장!I:I,"분량 확인") -> 0
A36: 안전키워드 | B36: 고민 원문에서 찾는 위험·주의·폭력 신호 단어 (한 칸에 쉼표로) | C36: 고민 제출 직후 안전 확인 | D36: v2.5 신규 | E36: =COUNTA(안전키워드!A:A)-1 -> 5 | F36: =COUNTIF(안전키워드!E:E,"확정") -> 0 | G36: =COUNTIF(안전키워드!E:E,"수정요청") -> 0 | H36: =COUNTIF(안전키워드!E:E,"초안") -> 5 | I36: =IF(E36=0,0,F36/E36) -> 0 | J36: =COUNTIF(안전키워드!I:I,"분량 확인") -> 0
A37: 감정문장 | B37: 감정 8개 × 한 문장 | C37: 결과 2번 첫 번째 카드 섹션 | D37: 출시 1단계 | E37: =COUNTA(감정문장!A:A)-1 -> 8 | F37: =COUNTIF(감정문장!E:E,"확정") -> 0 | G37: =COUNTIF(감정문장!E:E,"수정요청") -> 0 | H37: =COUNTIF(감정문장!E:E,"초안") -> 8 | I37: =IF(E37=0,0,F37/E37) -> 0 | J37: =COUNTIF(감정문장!I:I,"분량 확인") -> 0
A38: 화면문구 | B38: 인트로부터 결과까지 화면에 보이는 고정 문구 | C38: 각 화면 | D38: 출시 1단계 | E38: =COUNTA(화면문구!A:A)-1 -> 71 | F38: =COUNTIF(화면문구!E:E,"확정") -> 0 | G38: =COUNTIF(화면문구!E:E,"수정요청") -> 0 | H38: =COUNTIF(화면문구!E:E,"초안") -> 71 | I38: =IF(E38=0,0,F38/E38) -> 0 | J38: =COUNTIF(화면문구!I:I,"분량 확인") -> 0
A39: 합계 | E39: =SUM(E27:E38) -> 1052 | F39: =SUM(F27:F38) -> 0 | G39: =SUM(G27:G38) -> 0 | H39: =SUM(H27:H38) -> 1052 | I39: =IF(E39=0,0,F39/E39) -> 0 | J39: =SUM(J27:J38) -> 3
A40: 깊이읽기 시트(금색 탭)는 이번에 새로 쓴 2단계 초안입니다. 역방향은 위치별 공통 단락 3개를 22장 모두에 씁니다.

Sheet 점검이력
A1: ID | B1: 구분 | C1: 처리 | D1: 무엇이 문제였나 | E1: 전 | F1: 후 (현재 문장)
A2: cards.11.deep.step.0 | B2: 우려 | C2: 반영 | D2: '단정할 수 없는 부분이 많다는 걸 알게 돼요' - 단정이고, 폭력·부당한 대우를 겪은 사람에게 '네 해석일 수 있다'는 식으로 경험을 깎아내리는 말로 읽힐 수 있음 | E2: 사실과 해석을 나누면 감정의 온도가 조금 내려가요. 실제로 일어난 일과, 그 일에 내가 붙인 의미를 따로 보면 생각보다 단정할 수 없는 부분이 많다는 걸 알게 돼요. | F2: 사실과 해석을 나누면 감정의 온도가 조금 내려가요. 실제로 일어난 일과, 그 일에 내가 붙인 의미를 따로 보면 어디까지가 사실이고 어디부터가 내 해석인지 조금 더 또렷해져요.
A3: cards.11.practices.0.why | B3: 우려 | C3: 반영 | D3: 무겁게 하던 것이 '일어난 일이 아니라 내 해석이었음'이라고 단정 — 실제로 힘든 일(폭력 등)을 겪는 사람에게 상처가 될 수 있음 | E3: 사실과 해석을 떼어 놓으면, 마음을 무겁게 하던 것이 일어난 일이 아니라 내 해석이었음을 알아차리기 쉬워져요. | F3: 사실과 해석을 떼어 놓으면, 마음을 무겁게 하던 것 중 어디까지가 일어난 일이고 어디부터가 내 해석인지 알아차리기 쉬워져요.
A4: cards.13.core | B4: 우려 | C4: 반영 | D4: '-아야 들어갈 수 있어요'가 지금 관계·직장을 떠나야 한다는 단정으로 읽힐 수 있음 | E4: 맞지 않는 껍데기를 내려놓아야 새 집에 들어갈 수 있어요. | F4: 맞지 않는 껍데기를 내려놓을 때 새 집으로 옮겨 갈 수 있어요.
A5: cards.13.reversed.core | B5: 우려 | C5: 반영 | D5: '끝내야 할 것'이 관계 종료 권유나 위기 상황에서 위험하게 읽힐 수 있음 | E5: 끝내야 할 것을 아직 놓지 못하고 있어요. | F5: 내려놓을 것을 아직 놓지 못하고 있어요.
A6: cards.15.deep.hold.0 | B6: 우려 | C6: 반영 | D6: '그 순간에는 분명 도움이 돼요' - 단정어 '분명'. 불안할 때 반복하는 습관에 자해·음주 등이 포함될 수 있어 '분명 도움이 된다'는 말은 위험 | E6: 불안할 때 반복하는 습관은 그 순간에는 분명 도움이 돼요. 그래서 계속하게 되지만, 습관이 길어지면 불안을 달래 주던 방법이 오히려 나를 붙잡는 끈이 되기도 해요. | F6: 불안할 때 반복하는 습관은 그 순간에는 잠깐 마음을 편하게 해 주기도 해요. 그래서 계속하게 되지만, 습관이 길어지면 불안을 달래 주던 방법이 오히려 나를 붙잡는 끈이 되기도 해요.
A7: cards.16.deep.step.1 | B7: 우려 | C7: 반영 | D7: '연락 하나' - 다가가기형이 아닌 문장에서 연락을 권함. 이별·관계 붕괴 고민에서 상대에게 연락하라는 뜻으로 읽힐 수 있음 | E7: 오늘 할 수 있는 가장 작은 한 조각을 정해 보세요. 연락 하나, 정리 하나, 계획 한 줄이면 충분해요. 매일 쌓은 조각을 기록해 두면, 무너진 자리 위에 무언가가 다시 자라고 있다는 걸 눈으로 확인할 수 있어요. | F7: 오늘 할 수 있는 가장 작은 한 조각을 정해 보세요. 확인 하나, 정리 하나, 계획 한 줄이면 충분해요. 매일 쌓은 조각을 기록해 두면, 무너진 자리 위에 무언가가 다시 자라고 있다는 걸 눈으로 확인할 수 있어요.
A8: cards.17.core | B8: 우려 | C8: 반영 | D8: '분명히'로 회복을 단정 | E8: 천천히, 그러나 분명히 회복은 일어나요. | F8: 천천히, 그래도 조금씩 회복은 일어날 수 있어요.
A9: cards.18.practices.1.why | B9: 우려 | C9: 반영 | D9: 걱정이 '실제보다 커져 있었음'을 전제로 단정 — 실제 위험이 있는 상황에서 위험을 축소하게 할 수 있음 | E9: 막연한 걱정을 숫자로 적으면, 머릿속 시나리오가 실제보다 커져 있었음을 알아차리기 쉬워져요. | F9: 막연한 걱정을 숫자로 적으면, 머릿속 시나리오가 실제보다 커져 있지는 않은지 살펴보기 쉬워져요.
A10: cards.21.deep.step.1 | B10: 우려 | C10: 반영 | D10: '감사의 말을 전하고 싶은 사람... 메시지를 보내 보는 것도 좋아요' - 다가가기형이 아닌 문장에서 상대에게 마음을 전하라는 제안. '함께한 것들이 다음 바다를 비춰 줄 거예요'는 예언형 | E10: 이번 여정에서 고마웠던 사람과 순간을 세 가지 적어 보세요. 감사의 말을 전하고 싶은 사람이 떠오른다면 짧은 메시지를 보내 보는 것도 좋아요. 바다 친구들이 둥글게 모이듯, 함께한 것들이 다음 바다를 비춰 줄 거예요. | F10: 이번 여정에서 고마웠던 사람과 순간을 세 가지 적어 보세요. 고마운 얼굴이 떠오른다면 마음속으로 감사의 말을 건네 보는 것도 좋아요. 바다 친구들이 둥글게 모이듯, 함께한 것들이 다음 바다를 비춰 줄 수 있어요.
A11: cards.3.practices.0.title | B11: 우려 | C11: 반영 | D11: '자기자비'는 이론 용어 | E11: 자기자비 쉼표 | F11: 나에게 다정한 쉼표
A12: cards.5.practices.0.how | B12: 우려 | C12: 다가가기형으로 분류(문장 유지) | D12: 다가가기형이 아닌데 다른 사람에게 메시지를 보내라고 함(폭력·통제 신호가 있어도 빠지지 않음)
A13: cards.5.practices.0.why | B13: 우려 | C13: 다가가기형으로 분류(문장 유지) | D13: '묻는 것 자체가 외로움을 덜어 줘요'가 연락을 전제로 함(다가가기형 아님)
A14: cards.5.reversed.core | B14: 우려 | C14: 반영 | D14: '도움을 구하는 길이 닫혀 있어요'는 위기 상황에서 절망적으로 읽힘 | E14: 도움을 구하는 길이 아직 닫혀 있어요. | F14: 도움을 구하는 문을 아직 두드리지 못하고 있어요.
A15: cards.6.deep.step.1 | B15: 우려 | C15: 반영 | D15: '관계'를 가치와 비교해 '가까운 쪽을 고르면' - 관계 하나를 두고 읽으면 관계를 유지할지 끝낼지 고르라는 권유로 읽힐 수 있음 | E15: 내가 소중히 여기는 가치 세 가지를 적고, 지금 고민 중인 관계나 선택이 그 가치와 얼마나 가까운지 살펴보세요. 가까운 쪽을 고르면, 결과와 상관없이 그 선택을 내 것으로 받아들이기가 쉬워져요. | F15: 내가 소중히 여기는 가치 세 가지를 적고, 지금 고민 중인 관계나 선택이 그 가치와 얼마나 가까운지 살펴보세요. 그 가치를 기준으로 삼으면, 결과와 상관없이 내 선택을 내 것으로 받아들이기가 쉬워져요.
A16: cards.6.practices.1.how | B16: 우려 | C16: 반영 (Claude 조정) | D16: 누구에게 전하는지 빠져 있음. 서운함·갈등을 상대에게 직접 말하게 해서, 폭력 신호를 밝히지 않은 사용자에게는 위험할 수 있음 | E16: '나는 ~할 때 ~하게 느껴져'라는 형식으로 내 마음 하나를 전해요. | F16: 편하게 말할 수 있는 사람에게 '나는 ~할 때 ~하게 느껴져'라는 형식으로 내 마음 하나를 전해요.
A17: cards.6.practices.1.title | B17: 우려 | C17: 반영 (Claude 조정) | D17: '나-전달법'은 이론·기법명(전문 용어) | E17: 나-전달법 한 문장 | F17: '나는'으로 시작하는 한 문장
A18: cards.8.closing | B18: 우려 | C18: 반영 | D18: '불편함을 품는 시간'이 상황을 견디라는 뜻으로 읽힐 수 있음 | E18: 이 세 장이 함께 말하는 한 가지는, 불편함을 품는 시간이 나를 단단하게 만드는 진주가 될 수 있다는 점이에요. | F18: 이 세 장이 함께 말하는 한 가지는, 불편한 감정을 품어 주는 시간이 나를 단단하게 만드는 진주가 될 수 있다는 점이에요.
A19: cards.8.core | B19: 우려 | C19: 반영 | D19: '불편함을 품는 시간'이 상황(폭력 등)을 참으라는 뜻으로 읽힐 수 있음 | E19: 불편함을 품는 시간이 단단함을 만들어요. | F19: 불편한 감정을 품어 주는 시간이 단단함을 만들어요.
A20: cards.8.deep.now.0 | B20: 우려 | C20: 반영 | D20: '견뎌 온 당신의 마음은 이미 꽤 단단해져 있어요' - '당신' 호칭에 단정, 참고 견디는 것을 칭찬해 폭력·학대 상황에서 계속 견디라는 뜻으로 읽힐 수 있음. 역방향 위치해석('견디는 것만이 강한 거라는 생각이 도움을 청하는 길을 막고')과도 결이 부딪힘 | E20: 드러내지 않은 불편함을 품고 하루를 지켜 낸다는 건 생각보다 많은 힘이 드는 일이에요. 아무도 몰라도, 그 시간을 견뎌 온 당신의 마음은 이미 꽤 단단해져 있어요. | F20: 드러내지 않은 불편함을 품고 하루를 지켜 낸다는 건 생각보다 많은 힘이 드는 일이에요. 아무도 몰라도, 그 시간을 지나온 내 마음의 수고는 충분히 알아줄 만해요.
A21: cards.8.deep.step.0 | B21: 우려 | C21: 반영 | D21: '해결하지 못하는 시간이 오히려 마음의 결을 단단하게 다듬어 줘요' - 단정이고, 고통을 견디는 시간이 이롭다는 뜻으로 읽혀 위기·폭력 상황에서 부적절할 수 있음 | E21: 조개는 모래알을 뱉어 내지 못할 때 그것을 감싸 진주로 만들어요. 불편함과 함께 있는 연습도 비슷해서, 감정을 바로 해결하지 못하는 시간이 오히려 마음의 결을 단단하게 다듬어 줘요. | F21: 조개는 모래알을 뱉어 내지 못할 때 그것을 감싸 진주로 만들어요. 불편함과 함께 있는 연습도 비슷해서, 감정을 바로 해결하지 못하는 시간이 마음의 결을 단단하게 다듬어 줄 수 있어요.
A22: cards.8.positions.now | B22: 우려 | C22: 반영 | D22: 견디는 것 자체를 힘으로 칭찬해 폭력 상황에서 '참아라'로 읽힐 수 있음, '당신' 사용 | E22: 쉽게 드러내지 않지만 마음속에 꽤 오래 품고 있는 불편함이 있어요. 그걸 견디며 하루를 지켜 내고 있는 것 자체가 당신의 힘이에요. | F22: 쉽게 드러내지 않지만 마음속에 꽤 오래 품고 있는 불편함이 있어요. 그 마음을 안고 하루를 지내 온 것만으로도 이미 애쓰고 있는 거예요.
A23: copy.safety.urgent_contacts.0.note | B23: 우려 | C23: 반영 (Claude 조정) | D23: 노출 문구에 '[확인필요: 출시 전 최신 번호 확인]' 내부 메모 포함(contacts.1.note도 동일) | E23: 24시간 [확인필요: 출시 전 최신 번호 확인] | F23: 24시간
A24: copy.safety.urgent_contacts.0.number | B24: 우려 | C24: 판단 필요 | D24: 화면에 보이던 내부 메모 '[확인필요]'는 뺐음. 109·1577-0199 번호는 출시 전 최신 확인 필요
A25: copy.safety.violence_box | B25: 우려 | C25: 반영 (Claude 조정) | D25: 사용자 노출 문구 안에 '[확인필요]' 표기가 들어 있고, 여성긴급전화만 안내해 성별을 가정함 | E25: 혹시 상대가 무섭게 느껴지거나 통제받는다고 느낀다면, 그건 혼자 해결해야 할 고민이 아니에요. 여성긴급전화 1366(24시간), 긴급 시 112에서 도움받을 수 있어요. [확인필요] | F25: 혹시 상대가 무섭게 느껴지거나 통제받는다고 느낀다면, 그건 혼자 해결해야 할 고민이 아니에요. 여성긴급전화 1366(24시간), 긴급 시 112에서 도움받을 수 있어요.
A26: copy.safety.violence_box | B26: 우려 | C26: 판단 필요 | D26: 1366(여성긴급전화)만 안내해 피해자를 여성으로 가정할 수 있음. 성별과 상관없는 안내를 함께 둘지 결정 필요. 번호는 출시 전 확인
A27: prescriptions.by_domain_need.FAM_BOUNDARY.how | B27: 우려 | C27: 다가가기형으로 분류(문장 유지) | D27: 다가가기형이 아닌데 간섭하는 가족에게 직접 선을 긋는 말을 하도록 제안
A28: cards.0.practices.1.how | B28: 오류 | C28: 반영 | D28: 하나를 적고 '그중 하나'를 고르라고 해서 앞뒤가 맞지 않음 | E28: 오늘 궁금했던 것 하나를 메모장에 적고, 그중 하나를 10분만 찾아봐요. | F28: 오늘 궁금했던 것 몇 가지를 메모장에 적고, 그중 하나를 10분만 찾아봐요.
A29: cards.19.deep.now.0 | B29: 오류 | C29: 반영 | D29: '웃을 수 있는 순간은 ~가볍게 여겨서가 아니라, ~힘이 되어 줘요' - '-서가 아니라' 뒤에 짝이 맞지 않는 서술어가 와 비문 | E29: 고민이 있는데도 기쁨과 기대가 살아 있다는 건, 마음에 회복할 힘이 충분히 남아 있다는 뜻이에요. 웃을 수 있는 순간은 고민을 가볍게 여겨서가 아니라, 그 고민을 견딜 힘이 되어 줘요. | F29: 고민이 있는데도 기쁨과 기대가 살아 있다는 건, 마음에 회복할 힘이 충분히 남아 있다는 뜻이에요. 웃을 수 있는 건 고민을 가볍게 여겨서가 아니에요. 그런 순간이 오히려 그 고민을 견딜 힘이 되어 줘요.
A30: cards.3.deep.now.0 | B30: 오류 | C30: 반영 | D30: 한 문장 안에서 '당신이 가진 큰 힘'과 '내 쪽 그릇'이 섞임(BRIEF의 예시와 같은 유형). 위치해석 문장('그 따뜻함이 당신의 큰 힘이지만')도 거의 그대로 반복 | E30: 누군가를 돌보는 일은 마음을 꽤 많이 쓰는 일이에요. 그 따뜻함은 당신이 가진 큰 힘이지만, 쓴 만큼 채워지지 않으면 어느새 내 쪽 그릇이 비어 가기도 해요. | F30: 누군가를 돌보는 일은 마음을 꽤 많이 쓰는 일이에요. 그 따뜻함은 큰 힘이지만, 쓴 만큼 채워지지 않으면 어느새 내 쪽 그릇이 비어 가기도 해요.
A31: cards.3.positions.now | B31: 오류 | C31: 반영 (Claude 조정) | D31: 한 문장 안에 '당신'과 '나'가 섞임(기준 예시와 동일) | E31: 누군가를 챙기고 돌보느라 마음을 많이 쓰고 있어요. 그 따뜻함이 당신의 큰 힘이지만, 정작 나를 돌볼 여유는 줄어 있을 수 있어요. | F31: 누군가를 챙기고 돌보느라 마음을 많이 쓰고 있어요. 그 따뜻함은 큰 힘이지만, 정작 나를 돌볼 여유는 줄어 있을 수 있어요.
A32: cards.4.practices.1.how | B32: 오류 | C32: 반영 | D32: '잠자리를 해요'로 읽혀 뜻이 어색함(성관계로도 읽힘), '이번 주는'도 어색 | E32: 기상, 식사, 잠자리 중 하나를 골라 이번 주는 같은 시간에 해요. | F32: 기상, 식사, 잠자리에 드는 시간 중 하나를 골라 이번 주에는 매일 같은 시간에 해요.
A33: cards.7.positions.step | B33: 오류 | C33: 반영 | D33: '잘 되고' 띄어쓰기 | E33: 방향을 하나로 정하고 흐름을 이용해 보세요. 돌고래가 파도를 거스르지 않고 그 힘을 빌려 나아가듯, 이미 잘 되고 있는 흐름에 힘을 실어 보는 거예요. | F33: 방향을 하나로 정하고 흐름을 이용해 보세요. 돌고래가 파도를 거스르지 않고 그 힘을 빌려 나아가듯, 이미 잘되고 있는 흐름에 힘을 실어 보는 거예요.
A34: cards.7.practices.2.title | B34: 오류 | C34: 반영 (Claude 조정) | D34: '잘되다'는 한 단어 | E34: 잘 된 흐름 찾기 | F34: 잘 풀린 흐름 찾기
A35: cards.7.practices.2.why | B35: 오류 | C35: 반영 (Claude 조정) | D35: '잘되다'는 한 단어 | E35: 이미 잘 된 경험에서 조건을 찾으면, 새로 애쓰기보다 그 흐름을 다시 만들 수 있어요. | F35: 이미 잘 풀린 경험에서 조건을 찾으면, 새로 애쓰기보다 그 흐름을 다시 만들 수 있어요.
A36: copy.first_time.body | B36: 오류 | C36: 제안만(문구 유지) | D36: '한 번'(시도의 뜻은 '한번'), '비춰 주는지 들어봅시다' 감각 불일치, '타로 카드가 설명하는 현재 상황에 적절한' 번역투, '쏠 하우스' 명칭 불일치 | F36: 오늘 {nickname}님의 고민을 타로카드가 어떻게 비춰 주는지 함께 살펴봐요. 쏠 타로 하우스만의 특제 레시피로 {nickname}님의 카드가 비춰 준 지금 상황에 맞는 웰니스 제안을 해 드릴게요. 이제 한번 해 볼까요?
A37: copy.intro.button | B37: 오류 | C37: 제안만(문구 유지) | D37: '테스트하다'는 붙여 씀 | F37: 테스트하기
A38: copy.safety.urgent_contacts.1.note | B38: 오류 | C38: 반영 (Claude) | D38: Claude 점검 | E38: 24시간 [확인필요] | F38: 24시간
A39: copy.worry.placeholder_examples.4 | B39: 오류 | C39: 반영 | D39: '부탁을 거절을' 목적격 조사 중복 | E39: 부탁을 거절을 못 해서 매번 손해 보는 느낌이에요. | F39: 부탁을 거절하지 못해서 매번 손해 보는 느낌이에요.
A40: emotion_lines.HUR | B40: 오류 | C40: 반영 (Claude 조정) | D40: '{name}님'과 '나에게'가 한 문장에 섞여 시점이 맞지 않음, '가장 분명한'은 단정 | E40: 지금 {name}님이 느끼는 서운함은 그 관계가 나에게 소중하다는 가장 분명한 표시예요. | F40: 지금 {name}님이 느끼는 서운함은 그 관계가 그만큼 소중하다는 표시예요.
A41: cards.0.about_origin | B41: 다듬기 | C41: 반영 | D41: 한 문장 안 '뜻합니다'와 '읽어요' 어체 섞임 | E41: 원래 타로의 '바보' 카드 자리로, 전통적으로 순수한 출발과 모험을 뜻합니다. 쏠 타로에서는 완벽하게 준비되지 않아도 내딛는 첫걸음의 용기로 읽어요. | F41: 원래 타로의 '바보' 카드 자리로, 전통적으로 순수한 출발과 모험을 뜻해요. 쏠 타로에서는 완벽하게 준비되지 않아도 내딛는 첫걸음의 용기로 읽어요.
A42: cards.0.deep.now.0 | B42: 다듬기 | C42: 반영 | D42: '그 자체로 살아 있다는 신호'에서 무엇이 살아 있는지 주어가 빠져 뜻이 모호함 | E42: 새로운 걸 해 보고 싶은 마음은 대개 지금의 자리가 조금 좁게 느껴질 때 찾아와요. 그 마음이 아직 흐릿하더라도, 무언가를 바꾸고 싶다는 감각은 그 자체로 살아 있다는 신호예요. | F42: 새로운 걸 해 보고 싶은 마음은 대개 지금의 자리가 조금 좁게 느껴질 때 찾아와요. 그 마음이 아직 흐릿하더라도, 무언가를 바꾸고 싶다는 감각은 그 자체로 내 안의 에너지가 살아 있다는 신호예요.
A43: cards.0.positions.now | B43: 다듬기 | C43: 반영 | D43: '당신' 사용 | E43: 마음 한쪽에 새로 시작하고 싶은 무언가가 있어요. 아직 이름을 붙이지 못했을 수 있지만, 지금 당신 안에 움직이고 싶은 에너지가 살아 있다는 뜻으로 읽을 수 있어요. | F43: 마음 한쪽에 새로 시작하고 싶은 무언가가 있어요. 아직 이름을 붙이지 못했을 수 있지만, 지금 내 안에 움직이고 싶은 에너지가 살아 있다는 뜻으로 읽을 수 있어요.
A44: cards.0.positions.step | B44: 다듬기 | C44: 반영 (Claude 조정) | D44: '발끝으로 대 보듯' 어색(대다는 '을/를' 목적어) | E44: 결과보다 '해 보는 것' 자체를 목표로 삼아 보세요. 수달이 물이 차가운지 발끝으로 먼저 대 보듯, 아주 작게 한 번 시도해 보는 거예요. | F44: 결과보다 '해 보는 것' 자체를 목표로 삼아 보세요. 수달이 물이 차가운지 발끝을 먼저 대 보듯, 아주 작게 한 번 시도해 보는 거예요.
A45: cards.1.about_origin | B45: 다듬기 | C45: 반영 | D45: 한 문장 안 '뜻합니다'와 '읽어요' 어체 섞임 | E45: 원래 타로의 '마법사' 카드 자리로, 가진 재능과 도구로 무언가를 이뤄 내는 힘을 뜻합니다. 쏠 타로에서는 이미 내 손에 있는 자원을 알아보는 힘으로 읽어요. | F45: 원래 타로의 '마법사' 카드 자리로, 가진 재능과 도구로 무언가를 이뤄 내는 힘을 뜻해요. 쏠 타로에서는 이미 내 손에 있는 자원을 알아보는 힘으로 읽어요.
A46: cards.1.core | B46: 다듬기 | C46: 반영 (Claude 조정) | D46: '당신' 사용 | E46: 필요한 것은 이미 당신 손 안에 꽤 많이 있어요. | F46: 필요한 것은 이미 내 손 안에 꽤 많이 있어요.
A47: cards.1.deep.now.0 | B47: 다듬기 | C47: 반영 | D47: '당신의 성실함' - 보고서는 '당신' 대신 주어 생략 권장 | E47: 해내고 싶은 마음이 크면 손이 저절로 여러 곳으로 뻗어요. 지금의 분주함은 그만큼 많은 걸 책임지고 싶은 당신의 성실함에서 나온 것일 수 있어요. | F47: 해내고 싶은 마음이 크면 손이 저절로 여러 곳으로 뻗어요. 지금의 분주함은 그만큼 많은 걸 책임지고 싶은 성실함에서 나온 것일 수 있어요.
A48: cards.1.deep.now.1 | B48: 다듬기 | C48: 반영 | D48: '뻗어 있는 손들 가운데 내가 쥐고 싶은 것' - 손이 쥘 대상인 것처럼 읽혀 논리가 어긋남 | E48: 지금 뻗어 있는 손들 가운데 정말 내가 쥐고 싶은 것은 무엇인가요? 모든 손에 같은 힘을 줄 필요는 없어요. 가장 마음이 가는 한두 곳을 먼저 골라 보면 분주함 속에서도 중심이 생겨요. | F48: 지금 손을 뻗고 있는 곳들 가운데 정말 내가 쥐고 싶은 것은 무엇인가요? 모든 손에 같은 힘을 줄 필요는 없어요. 가장 마음이 가는 한두 곳을 먼저 골라 보면 분주함 속에서도 중심이 생겨요.
A49: cards.1.reversed.positions.step | B49: 다듬기 | C49: 반영 (Claude 조정) | D49: '여덟 갈래'와 '한 손'의 단위가 맞지 않음 | E49: 여덟 갈래 중 지금 꼭 필요한 한 손만 남기고, 나머지는 잠시 내려놓아 보세요. | F49: 여덟 갈래의 손 중 지금 꼭 필요한 한 손만 남기고, 나머지는 잠시 내려놓아 보세요.
... A118: cards.9.reversed.positions.step | B118: 다듬기 | C118: 반영 | D118: '사람과 짧게 이어져 보세요' 어색 | E118: 등불을 들고 한 걸음만 밖으로 나와, 편한 사람 한 명과 짧게 이어져 보세요. | F118: 등불을 들고 한 걸음만 밖으로 나와, 편한 사람 한 명과 짧게라도 연결되어 보세요.
A119: copy.cta_chat.body | B119: 다듬기 | C119: 제안만(문구 유지) | D119: '지금'이 한 문장에 두 번 | F119: 카드에서 마음에 걸린 문장이 있다면 쏘웰라에게 이어서 이야기해 보세요. 쏘웰라는 전문 상담사가 설계한 웰니스 대화예요. 타로를 보신 분들은 3일 동안 무료로 이용할 수 있어요. 지금 계정 그대로 쏘웰라에 접속할 수 있으니 바로 대화해 볼까요?
A120: copy.experience.sub | B120: 다듬기 | C120: 제안만(문구 유지) | D120: '처음이신지요?'가 예스럽고 딱딱함 | F120: 타로카드는 처음이신가요?
A121: copy.pick.guide | B121: 다듬기 | C121: 제안만(문구 유지) | D121: 카드 단위 '3개'가 다른 화면('세 장')과 불일치 | F121: 고민을 되새기면서 가장 마음이 가는 카드 세 장을 뽑아주세요.
A122: copy.safety.watch_box | B122: 다듬기 | C122: 반영 | D122: '함께'가 한 문장에 두 번 | E122: 요즘 마음이 많이 무거우셨던 것 같아요. 카드 해석과 함께, 필요할 때 언제든 기댈 수 있는 곳도 함께 적어 둘게요. | F122: 요즘 마음이 많이 무거우셨던 것 같아요. 카드 해석과 함께, 필요할 때 언제든 기댈 수 있는 곳도 적어 둘게요.
A123: copy.shuffle.guide | B123: 다듬기 | C123: 제안만(문구 유지) | D123: '구체적으로 생각하고 뽑을수록'은 '많이 뽑을수록'으로 읽혀 비문, 합쇼체·해요체 섞임 | F123: 이제 카드를 고를 시간이에요. 가장 고민되는 부분을 생각하면서 골라 주세요. 고민을 구체적으로 떠올릴수록 좋아요.
A124: copy.worry.sub | B124: 다듬기 | C124: 제안만(문구 유지) | D124: '도움이 됩니다'와 '볼 수 있어요' 어체 섞임 | F124: 구체적으로 쓸수록 도움이 돼요. 고민을 굳이 작성하지 않으셔도 타로카드는 볼 수 있어요.
A125: deep_reversed_common.now | B125: 다듬기 | C125: 반영 | D125: '과하게 느껴진다면, 그건 그만큼 이 고민을 오래 품어 왔다는 신호' - 막힘/과함과 '오래 품어 왔다'의 연결이 비약이고 모두에게 해당하지 않는 넘겨짚기 | E125: 역방향으로 나온 카드는 그 카드의 힘이 사라졌다는 뜻이 아니라, 아직 안쪽에 머물러 있거나 평소와 다른 방향으로 흐르고 있다는 뜻이에요. 지금의 마음이 조금 막히거나 과하게 느껴진다면, 그건 그만큼 이 고민을 오래 품어 왔다는 신호일 수 있어요. 무엇이 그 힘을 안쪽에 묶어 두고 있는지 천천히 살펴보는 것부터 시작해 보세요. | F125: 역방향으로 나온 카드는 그 카드의 힘이 사라졌다는 뜻이 아니라, 아직 안쪽에 머물러 있거나 평소와 다른 방향으로 흐르고 있다는 뜻이에요. 지금의 마음이 조금 막히거나 과하게 느껴진다면, 그건 그만큼 이 고민이 나에게 중요하다는 신호일 수 있어요. 무엇이 그 힘을 안쪽에 묶어 두고 있는지 천천히 살펴보는 것부터 시작해 보세요.

Sheet 위치해석
A1: ID (수정 금지) | B1: 카드 · 분류 | C1: 항목 | D1: 현재 문장 (초안) | E1: 상태 | F1: 수정안 | G1: 검수 메모 | H1: 최종 글자 수 | I1: 분량
A2: cards.0.positions.now | B2: 00 첫 물장구 · 수달 | C2: 지금의 마음 · 정방향 | D2: 마음 한쪽에 새로 시작하고 싶은 무언가가 있어요. 아직 이름을 붙이지 못했을 수 있지만, 지금 내 안에 움직이고 싶은 에너지가 살아 있다는 뜻으로 읽을 수 있어요. | E2: 초안 | G2: [Claude 점검 · 고침] '당신' 사용 (전: 마음 한쪽에 새로 시작하고 싶은 무언가가 있어요. 아직 이름을 붙이지 못했을 수 있지만, 지금 당신 안에 움직이고 싶은 에너지가 살아 있다는 뜻으로 읽을 수 있어요.) | H2: =LEN(IF(F2<>"",F2,D2)) -> 91 | I2: =IF(OR(H2<25,H2>140),"분량 확인","")
A3: cards.0.positions.hold | B3: 00 첫 물장구 · 수달 | C3: 나를 붙잡는 것 · 정방향 | D3: '제대로 준비되면 시작해야지'라는 생각이 발목을 잡고 있을 수 있어요. 준비가 끝나는 날은 잘 오지 않아서, 기다리는 동안 시작하고 싶은 마음이 조금씩 식기도 해요. | E3: 초안 | H3: =LEN(IF(F3<>"",F3,D3)) -> 92 | I3: =IF(OR(H3<25,H3>140),"분량 확인","")
A4: cards.0.positions.step | B4: 00 첫 물장구 · 수달 | C4: 다음 한 걸음 · 정방향 | D4: 결과보다 '해 보는 것' 자체를 목표로 삼아 보세요. 수달이 물이 차가운지 발끝을 먼저 대 보듯, 아주 작게 한 번 시도해 보는 거예요. | E4: 초안 | G4: [Claude 점검 · 고침] '발끝으로 대 보듯' 어색(대다는 '을/를' 목적어) (전: 결과보다 '해 보는 것' 자체를 목표로 삼아 보세요. 수달이 물이 차가운지 발끝으로 먼저 대 보듯, 아주 작게 한 번 시도해 보는 거예요.) | H4: =LEN(IF(F4<>"",F4,D4)) -> 76 | I4: =IF(OR(H4<25,H4>140),"분량 확인","")
A5: cards.0.reversed.positions.now | B5: 00 첫 물장구 · 수달 | C5: 지금의 마음 · 역방향 | D5: 새로 시작하고 싶은 마음은 있지만, 실패할까 봐 발끝만 물에 대고 있는 상태일 수 있어요. | E5: 초안 | H5: =LEN(IF(F5<>"",F5,D5)) -> 50 | I5: =IF(OR(H5<25,H5>140),"분량 확인","")
A6: cards.0.reversed.positions.hold | B6: 00 첫 물장구 · 수달 | C6: 나를 붙잡는 것 · 역방향 | D6: '처음부터 잘해야 한다'는 기준이 첫걸음을 무겁게 만들고 있을 수 있어요. | E6: 초안 | H6: =LEN(IF(F6<>"",F6,D6)) -> 41 | I6: =IF(OR(H6<25,H6>140),"분량 확인","")
A7: cards.0.reversed.positions.step | B7: 00 첫 물장구 · 수달 | C7: 다음 한 걸음 · 역방향 | D7: 거창한 시작 대신, 물 온도만 재 보듯 오늘 아주 작은 시도 하나면 충분해요. | E7: 초안 | H7: =LEN(IF(F7<>"",F7,D7)) -> 43 | I7: =IF(OR(H7<25,H7>140),"분량 확인","")
A8: cards.1.positions.now | B8: 01 여덟 갈래의 손 · 문어 | C8: 지금의 마음 · 정방향 | D8: 해결하고 싶은 마음이 분명하고, 무엇이든 해 볼 준비가 되어 있어요. 다만 할 일이 많아 손이 여러 군데로 뻗어 있는 상태일 수 있어요. | E8: 초안 | H8: =LEN(IF(F8<>"",F8,D8)) -> 76 | I8: =IF(OR(H8<25,H8>140),"분량 확인","")
A9: cards.1.positions.hold | B9: 01 여덟 갈래의 손 · 문어 | C9: 나를 붙잡는 것 · 정방향 | D9: 없는 것에 시선이 먼저 가서, 이미 가진 강점과 도움을 놓치고 있을 수 있어요. '아직 부족하다'는 느낌이 실제보다 크게 자리 잡기 쉬워요. | E9: 초안 | H9: =LEN(IF(F9<>"",F9,D9)) -> 78 | I9: =IF(OR(H9<25,H9>140),"분량 확인","")
A10: cards.1.positions.step | B10: 01 여덟 갈래의 손 · 문어 | C10: 다음 한 걸음 · 정방향 | D10: 지금 가진 자원을 눈에 보이게 펼쳐 보세요. 시간, 사람, 경험, 작은 기술까지 적어 보면 생각보다 쓸 수 있는 손이 많다는 걸 알게 될 수 있어요. | E10: 초안 | H10: =LEN(IF(F10<>"",F10,D10)) -> 83 | I10: =IF(OR(H10<25,H10>140),"분량 확인","")
A11: cards.1.reversed.positions.now | B11: 01 여덟 갈래의 손 · 문어 | C11: 지금의 마음 · 역방향 | D11: 손이 여러 군데로 뻗어 있어 무엇 하나에도 힘이 잘 실리지 않는 느낌일 수 있어요. | E11: 초안 | H11: =LEN(IF(F11<>"",F11,D11)) -> 46 | I11: =IF(OR(H11<25,H11>140),"분량 확인","")
A12: cards.1.reversed.positions.hold | B12: 01 여덟 갈래의 손 · 문어 | C12: 나를 붙잡는 것 · 역방향 | D12: 모든 걸 다 해내야 한다는 마음이 에너지를 조각조각 나누고 있을 수 있어요. | E12: 초안 | H12: =LEN(IF(F12<>"",F12,D12)) -> 42 | I12: =IF(OR(H12<25,H12>140),"분량 확인","")
A13: cards.1.reversed.positions.step | B13: 01 여덟 갈래의 손 · 문어 | C13: 다음 한 걸음 · 역방향 | D13: 여덟 갈래의 손 중 지금 꼭 필요한 한 손만 남기고, 나머지는 잠시 내려놓아 보세요. | E13: 초안 | G13: [Claude 점검 · 고침] '여덟 갈래'와 '한 손'의 단위가 맞지 않음 (전: 여덟 갈래 중 지금 꼭 필요한 한 손만 남기고, 나머지는 잠시 내려놓아 보세요.) | H13: =LEN(IF(F13<>"",F13,D13)) -> 47 | I13: =IF(OR(H13<25,H13>140),"분량 확인","")
A14: cards.2.positions.now | B14: 02 고요히 바라보기 · 왜가리 | C14: 지금의 마음 · 정방향 | D14: 겉으로는 담담해 보여도 속으로는 많은 것을 느끼고 헤아리고 있어요. 아직 말로 정리되지 않은 감각이 마음 아래쪽에 머물러 있을 수 있어요. | E14: 초안 | H14: =LEN(IF(F14<>"",F14,D14)) -> 77 | I14: =IF(OR(H14<25,H14>140),"분량 확인","")
A15: cards.2.positions.hold | B15: 02 고요히 바라보기 · 왜가리 | C15: 나를 붙잡는 것 · 정방향 | D15: 다른 사람의 의견과 '해야 하는 것'이 커서, 내 안의 작은 목소리가 잘 들리지 않을 수 있어요. 남의 기준으로 고르면 정답처럼 보여도 마음은 개운하지 않기 쉬워요. | E15: 초안 | H15: =LEN(IF(F15<>"",F15,D15)) -> 92 | I15: =IF(OR(H15<25,H15>140),"분량 확인","")
A16: cards.2.positions.step | B16: 02 고요히 바라보기 · 왜가리 | C16: 다음 한 걸음 · 정방향 | D16: 바로 결정하지 말고 물가에 선 왜가리처럼 잠시 지켜보는 시간을 가져 보세요. 판단하지 않고 바라보면 내가 정말 원하는 것이 천천히 떠오를 수 있어요. | E16: 초안 | H16: =LEN(IF(F16<>"",F16,D16)) -> 83 | I16: =IF(OR(H16<25,H16>140),"분량 확인","")
A17: cards.2.reversed.positions.now | B17: 02 고요히 바라보기 · 왜가리 | C17: 지금의 마음 · 역방향 | D17: 생각이 너무 많아 직감이 흐려져 있거나, 느낌을 애써 외면하고 있을 수 있어요. | E17: 초안 | H17: =LEN(IF(F17<>"",F17,D17)) -> 44 | I17: =IF(OR(H17<25,H17>140),"분량 확인","")
A18: cards.2.reversed.positions.hold | B18: 02 고요히 바라보기 · 왜가리 | C18: 나를 붙잡는 것 · 역방향 | D18: 남의 의견을 계속 찾아보는 습관이 내 판단을 미루게 하고 있을 수 있어요. | E18: 초안 | H18: =LEN(IF(F18<>"",F18,D18)) -> 41 | I18: =IF(OR(H18<25,H18>140),"분량 확인","")
A19: cards.2.reversed.positions.step | B19: 02 고요히 바라보기 · 왜가리 | C19: 다음 한 걸음 · 역방향 | D19: 검색과 조언 구하기를 잠시 멈추고, 하루 10분은 아무 정보 없이 내 마음만 들어 보세요. | E19: 초안 | G19: [Claude 점검 · 고침] '조언을 멈추고'는 조언을 하는 쪽으로 읽힘 (전: 검색과 조언을 잠시 멈추고, 하루 10분은 아무 정보 없이 내 마음만 들어 보세요.) | H19: =LEN(IF(F19<>"",F19,D19)) -> 50 | I19: =IF(OR(H19<25,H19>140),"분량 확인","")
A20: cards.3.positions.now | B20: 03 품어 주는 품 · 해달 | C20: 지금의 마음 · 정방향 | D20: 누군가를 챙기고 돌보느라 마음을 많이 쓰고 있어요. 그 따뜻함은 큰 힘이지만, 정작 나를 돌볼 여유는 줄어 있을 수 있어요. | E20: 초안 | G20: [Claude 점검 · 고침] 한 문장 안에 '당신'과 '나'가 섞임(기준 예시와 동일) (전: 누군가를 챙기고 돌보느라 마음을 많이 쓰고 있어요. 그 따뜻함이 당신의 큰 힘이지만, 정작 나를 돌볼 여유는 줄어 있을 수 있어요.) | H20: =LEN(IF(F20<>"",F20,D20)) -> 69 | I20: =IF(OR(H20<25,H20>140),"분량 확인","")
A21: cards.3.positions.hold | B21: 03 품어 주는 품 · 해달 | C21: 나를 붙잡는 것 · 정방향 | D21: '나까지 챙기면 이기적인 것 같다'는 생각이 쉬어야 할 순간을 자꾸 미루게 할 수 있어요. 바닥난 채로 계속 주다 보면 다정함도 지쳐 서운함으로 바뀌기 쉬워요. | E21: 초안 | H21: =LEN(IF(F21<>"",F21,D21)) -> 89 | I21: =IF(OR(H21<25,H21>140),"분량 확인","")
A22: cards.3.positions.step | B22: 03 품어 주는 품 · 해달 | C22: 다음 한 걸음 · 정방향 | D22: 남에게 건네는 다정한 말을 나에게도 건네 보세요. 해달이 새끼를 배 위에 올려 품듯, 오늘 하루는 내 몸과 마음을 먼저 품어 주는 거예요. | E22: 초안 | H22: =LEN(IF(F22<>"",F22,D22)) -> 77 | I22: =IF(OR(H22<25,H22>140),"분량 확인","")
A23: cards.3.reversed.positions.now | B23: 03 품어 주는 품 · 해달 | C23: 지금의 마음 · 역방향 | D23: 돌봄을 주는 데 익숙해서, 받는 일이 어색하거나 미안하게 느껴질 수 있어요. | E23: 초안 | H23: =LEN(IF(F23<>"",F23,D23)) -> 42 | I23: =IF(OR(H23<25,H23>140),"분량 확인","")
A24: cards.3.reversed.positions.hold | B24: 03 품어 주는 품 · 해달 | C24: 나를 붙잡는 것 · 역방향 | D24: '내가 챙겨야 한다'는 마음이 지나쳐 스스로를 소진시키고 있을 수 있어요. | E24: 초안 | H24: =LEN(IF(F24<>"",F24,D24)) -> 41 | I24: =IF(OR(H24<25,H24>140),"분량 확인","")
A25: cards.3.reversed.positions.step | B25: 03 품어 주는 품 · 해달 | C25: 다음 한 걸음 · 역방향 | D25: 오늘은 누군가를 챙기기 전에 나에게 먼저 물 한 잔, 쉼 한 번을 건네 보세요. | E25: 초안 | H25: =LEN(IF(F25<>"",F25,D25)) -> 44 | I25: =IF(OR(H25<25,H25>140),"분량 확인","")
A26: cards.4.positions.now | B26: 04 지키는 자리 · 펭귄 | C26: 지금의 마음 · 정방향 | D26: 지켜야 할 것이 많고 책임감이 커요. 맡은 자리를 묵묵히 버티고 있는 모습이 주변 사람들에게 든든한 힘이 되고 있을지도 몰라요. | E26: 초안 | G26: [Claude 점검 · 고침] '당신' 사용, '커요'가 두 문장에서 반복, 상대 반응 단정 (전: 지켜야 할 것이 많고 책임감이 커요. 맡은 자리를 묵묵히 버티고 있는 당신은 주변 사람들에게 든든한 존재일 가능성이 커요.) | H26: =LEN(IF(F26<>"",F26,D26)) -> 71 | I26: =IF(OR(H26<25,H26>140),"분량 확인","")
A27: cards.4.positions.hold | B27: 04 지키는 자리 · 펭귄 | C27: 나를 붙잡는 것 · 정방향 | D27: 모든 걸 혼자 책임져야 한다는 생각이 어깨를 무겁게 하고 있을 수 있어요. 통제할 수 없는 것까지 붙잡으려 하면 쉬어도 쉰 것 같지 않기 쉬워요. | E27: 초안 | H27: =LEN(IF(F27<>"",F27,D27)) -> 81 | I27: =IF(OR(H27<25,H27>140),"분량 확인","")
A28: cards.4.positions.step | B28: 04 지키는 자리 · 펭귄 | C28: 다음 한 걸음 · 정방향 | D28: 내가 바꿀 수 있는 것과 바꿀 수 없는 것을 구분해 보세요. 펭귄 무리가 자리를 바꿔 가며 추위를 함께 견디듯, 바꿀 수 있는 쪽에 힘을 쓰고 나머지는 함께 나눠 지는 거예요. | E28: 초안 | G28: [Claude 점검 · 고침] '나눠 보세요'와 '나눠 지는'이 다른 뜻으로 반복되고, '바꾸-'가 네 번 나옴 (전: 내가 바꿀 수 있는 것과 바꿀 수 없는 것을 나눠 보세요. 펭귄 무리가 자리를 바꿔 가며 추위를 함께 견디듯, 바꿀 수 있는 쪽에 힘을 쓰고 나머지는 나눠 지는 거예요.) | H28: =LEN(IF(F28<>"",F28,D28)) -> 98 | I28: =IF(OR(H28<25,H28>140),"분량 확인","")
A29: cards.4.reversed.positions.now | B29: 04 지키는 자리 · 펭귄 | C29: 지금의 마음 · 역방향 | D29: 책임을 놓지 못해 긴장이 계속 이어지고 있거나, 반대로 기댈 질서가 없어 흔들리고 있을 수 있어요. | E29: 초안 | H29: =LEN(IF(F29<>"",F29,D29)) -> 55 | I29: =IF(OR(H29<25,H29>140),"분량 확인","")
A30: cards.4.reversed.positions.hold | B30: 04 지키는 자리 · 펭귄 | C30: 나를 붙잡는 것 · 역방향 | D30: 통제하려는 마음이 커질수록 작은 변화에도 쉽게 지칠 수 있어요. | E30: 초안 | H30: =LEN(IF(F30<>"",F30,D30)) -> 35 | I30: =IF(OR(H30<25,H30>140),"분량 확인","")
A31: cards.4.reversed.positions.step | B31: 04 지키는 자리 · 펭귄 | C31: 다음 한 걸음 · 역방향 | D31: 완벽한 질서 대신 하루 한 가지 작은 규칙만 지키는 데서 다시 시작해 보세요. | E31: 초안 | H31: =LEN(IF(F31<>"",F31,D31)) -> 43 | I31: =IF(OR(H31<25,H31>140),"분량 확인","")
A32: cards.5.positions.now | B32: 05 오래된 지혜 · 거북 | C32: 지금의 마음 · 정방향 | D32: 혼자서 답을 찾으려고 오래 고민해 왔을 수 있어요. 스스로 해내려는 힘이 크지만, 그만큼 생각이 같은 자리를 맴돌기도 해요. | E32: 초안 | H32: =LEN(IF(F32<>"",F32,D32)) -> 69 | I32: =IF(OR(H32<25,H32>140),"분량 확인","")
A33: cards.5.positions.hold | B33: 05 오래된 지혜 · 거북 | C33: 나를 붙잡는 것 · 정방향 | D33: '이런 걸 물어봐도 되나' 하는 망설임이 도움을 구하는 길을 막고 있을 수 있어요. 혼자 끌어안은 고민은 실제보다 무겁게 느껴지기 쉬워요. | E33: 초안 | H33: =LEN(IF(F33<>"",F33,D33)) -> 77 | I33: =IF(OR(H33<25,H33>140),"분량 확인","")
A34: cards.5.positions.step | B34: 05 오래된 지혜 · 거북 | C34: 다음 한 걸음 · 정방향 | D34: 믿을 만한 사람이나 오래 검증된 지혜에 기대어 보세요. 거북이 천천히 오래된 바닷길을 따라가듯, 같은 길을 먼저 지나간 사람의 이야기를 들어 보는 거예요. | E34: 초안 | H34: =LEN(IF(F34<>"",F34,D34)) -> 86 | I34: =IF(OR(H34<25,H34>140),"분량 확인","")
A35: cards.5.reversed.positions.now | B35: 05 오래된 지혜 · 거북 | C35: 지금의 마음 · 역방향 | D35: 혼자 해결해야 한다는 생각에 묻는 것 자체를 망설이고 있을 수 있어요. | E35: 초안 | H35: =LEN(IF(F35<>"",F35,D35)) -> 39 | I35: =IF(OR(H35<25,H35>140),"분량 확인","")
A36: cards.5.reversed.positions.hold | B36: 05 오래된 지혜 · 거북 | C36: 나를 붙잡는 것 · 역방향 | D36: '다들 하는 방식'에 나를 맞추려다 내게 맞는 답을 놓치고 있을 수 있어요. | E36: 초안 | H36: =LEN(IF(F36<>"",F36,D36)) -> 42 | I36: =IF(OR(H36<25,H36>140),"분량 확인","")
A37: cards.5.reversed.positions.step | B37: 05 오래된 지혜 · 거북 | C37: 다음 한 걸음 · 역방향 | D37: 정답을 찾기보다, 믿을 만한 한 사람에게 지금 상황을 있는 그대로 말해 보세요. | E37: 초안 | H37: =LEN(IF(F37<>"",F37,D37)) -> 44 | I37: =IF(OR(H37<25,H37>140),"분량 확인","")
A38: cards.6.positions.now | B38: 06 나란히 헤엄 · 원앙 | C38: 지금의 마음 · 정방향 | D38: 누군가와 더 가까워지고 싶거나, 중요한 선택 앞에서 마음이 오가고 있을 수 있어요. 관계와 선택 모두 나에게 그만큼 소중하다는 뜻으로 읽을 수 있어요. | E38: 초안 | G38: [Claude 점검 · 고침] '마음, 또는 ~마음이 오가고' 병렬이 어긋남, '당신' 사용 (전: 누군가와 더 가까워지고 싶은 마음, 또는 중요한 선택 앞에서 마음이 오가고 있어요. 관계와 선택 모두 당신에게 그만큼 소중하다는 뜻으로 읽을 수 있어요.) | H38: =LEN(IF(F38<>"",F38,D38)) -> 84 | I38: =IF(OR(H38<25,H38>140),"분량 확인","")
A39: cards.6.positions.hold | B39: 06 나란히 헤엄 · 원앙 | C39: 나를 붙잡는 것 · 정방향 | D39: 상대의 마음을 먼저 확인하고 싶어서 내 마음은 말하지 못하고 있을 수 있어요. 혹은 남이 보기에 좋은 선택과 내가 원하는 선택 사이에서 머뭇거리고 있을 수 있어요. | E39: 초안 | H39: =LEN(IF(F39<>"",F39,D39)) -> 91 | I39: =IF(OR(H39<25,H39>140),"분량 확인","")
A40: cards.6.positions.step | B40: 06 나란히 헤엄 · 원앙 | C40: 다음 한 걸음 · 정방향 | D40: 관계와 삶에서 내가 무엇을 소중히 여기는지 먼저 확인해 보세요. 원앙이 나란히 헤엄치듯, 가치가 같은 방향을 볼 때 연결도 선택도 한결 편안해질 수 있어요. | E40: 초안 | H40: =LEN(IF(F40<>"",F40,D40)) -> 87 | I40: =IF(OR(H40<25,H40>140),"분량 확인","")
A41: cards.6.reversed.positions.now | B41: 06 나란히 헤엄 · 원앙 | C41: 지금의 마음 · 역방향 | D41: 가까워지고 싶은 마음과 상처받기 싫은 마음이 함께 있어 머뭇거리고 있을 수 있어요. | E41: 초안 | H41: =LEN(IF(F41<>"",F41,D41)) -> 46 | I41: =IF(OR(H41<25,H41>140),"분량 확인","")
A42: cards.6.reversed.positions.hold | B42: 06 나란히 헤엄 · 원앙 | C42: 나를 붙잡는 것 · 역방향 | D42: 상대의 반응을 먼저 확인하려는 마음이 내 진심을 미루게 하고 있을 수 있어요. | E42: 초안 | H42: =LEN(IF(F42<>"",F42,D42)) -> 43 | I42: =IF(OR(H42<25,H42>140),"분량 확인","")
A43: cards.6.reversed.positions.step | B43: 06 나란히 헤엄 · 원앙 | C43: 다음 한 걸음 · 역방향 | D43: 상대에게 맞추기 전에, 내가 이 관계에서 진짜 원하는 것 한 가지를 먼저 적어 보세요. | E43: 초안 | H43: =LEN(IF(F43<>"",F43,D43)) -> 48 | I43: =IF(OR(H43<25,H43>140),"분량 확인","")
A44: cards.7.positions.now | B44: 07 파도를 타는 힘 · 돌고래 | C44: 지금의 마음 · 정방향 | D44: 앞으로 나아가고 싶은 힘이 차오르고 있어요. 가고 싶은 방향이 어렴풋이 보이고, 움직일 준비가 된 상태일 수 있어요. | E44: 초안 | H44: =LEN(IF(F44<>"",F44,D44)) -> 65 | I44: =IF(OR(H44<25,H44>140),"분량 확인","")
A45: cards.7.positions.hold | B45: 07 파도를 타는 힘 · 돌고래 | C45: 나를 붙잡는 것 · 정방향 | D45: 여러 방향의 기대를 모두 맞추려다 힘이 흩어지고 있을 수 있어요. 혹은 너무 세게 밀어붙이느라 쉬는 법을 잊고 있을 수도 있어요. | E45: 초안 | H45: =LEN(IF(F45<>"",F45,D45)) -> 72 | I45: =IF(OR(H45<25,H45>140),"분량 확인","")
A46: cards.7.positions.step | B46: 07 파도를 타는 힘 · 돌고래 | C46: 다음 한 걸음 · 정방향 | D46: 방향을 하나로 정하고 흐름을 이용해 보세요. 돌고래가 파도를 거스르지 않고 그 힘을 빌려 나아가듯, 이미 잘되고 있는 흐름에 힘을 실어 보는 거예요. | E46: 초안 | G46: [Claude 점검 · 고침] '잘 되고' 띄어쓰기 (전: 방향을 하나로 정하고 흐름을 이용해 보세요. 돌고래가 파도를 거스르지 않고 그 힘을 빌려 나아가듯, 이미 잘 되고 있는 흐름에 힘을 실어 보는 거예요.) | H46: =LEN(IF(F46<>"",F46,D46)) -> 83 | I46: =IF(OR(H46<25,H46>140),"분량 확인","")
A47: cards.7.reversed.positions.now | B47: 07 파도를 타는 힘 · 돌고래 | C47: 지금의 마음 · 역방향 | D47: 애는 많이 쓰는데 앞으로 가는 느낌이 들지 않아 조급해질 수 있어요. | E47: 초안 | H47: =LEN(IF(F47<>"",F47,D47)) -> 38 | I47: =IF(OR(H47<25,H47>140),"분량 확인","")
A48: cards.7.reversed.positions.hold | B48: 07 파도를 타는 힘 · 돌고래 | C48: 나를 붙잡는 것 · 역방향 | D48: 쉬지 않고 밀어붙이는 데만 익숙해져 힘이 바닥나고 있을 수 있어요. | E48: 초안 | G48: [Claude 점검 · 고침] 정방향 hold('여러 방향의 기대를 모두 맞추려다 힘이 흩어지고')와 거의 같은 문장 (전: 여러 방향을 동시에 밀어붙이다 힘이 흩어지고 있을 수 있어요.) | H48: =LEN(IF(F48<>"",F48,D48)) -> 37 | I48: =IF(OR(H48<25,H48>140),"분량 확인","")
A49: cards.7.reversed.positions.step | B49: 07 파도를 타는 힘 · 돌고래 | C49: 다음 한 걸음 · 역방향 | D49: 속도를 올리기보다 방향을 하나로 다시 정하는 것부터 해 보세요. | E49: 초안 | H49: =LEN(IF(F49<>"",F49,D49)) -> 35 | I49: =IF(OR(H49<25,H49>140),"분량 확인","")
A50: cards.8.positions.now | B50: 08 진주를 품는 힘 · 조개 | C50: 지금의 마음 · 정방향 | D50: 쉽게 드러내지 않지만 마음속에 꽤 오래 품고 있는 불편함이 있어요. 그 마음을 안고 하루를 지내 온 것만으로도 이미 애쓰고 있는 거예요. | E50: 초안 | G50: [Claude 점검 · 고침] 견디는 것 자체를 힘으로 칭찬해 폭력 상황에서 '참아라'로 읽힐 수 있음, '당신' 사용 (전: 쉽게 드러내지 않지만 마음속에 꽤 오래 품고 있는 불편함이 있어요. 그걸 견디며 하루를 지켜 내고 있는 것 자체가 당신의 힘이에요.) | H50: =LEN(IF(F50<>"",F50,D50)) -> 76 | I50: =IF(OR(H50<25,H50>140),"분량 확인","")
A51: cards.8.positions.hold | B51: 08 진주를 품는 힘 · 조개 | C51: 나를 붙잡는 것 · 정방향 | D51: 불편한 감정을 빨리 없애야 한다는 생각이 오히려 그 감정을 더 크게 만들 수 있어요. 밀어낼수록 더 자주 떠오르는 마음들이 있어요. | E51: 초안 | H51: =LEN(IF(F51<>"",F51,D51)) -> 73 | I51: =IF(OR(H51<25,H51>140),"분량 확인","")
A52: cards.8.positions.step | B52: 08 진주를 품는 힘 · 조개 | C52: 다음 한 걸음 · 정방향 | D52: 감정을 없애려 하기보다 잠시 곁에 두고 바라봐 주세요. 조개가 모래알을 품어 진주를 만들듯, 불편함과 함께 있는 연습이 마음을 단단하게 해 줄 수 있어요. | E52: 초안 | H52: =LEN(IF(F52<>"",F52,D52)) -> 86 | I52: =IF(OR(H52<25,H52>140),"분량 확인","")
A53: cards.8.reversed.positions.now | B53: 08 진주를 품는 힘 · 조개 | C53: 지금의 마음 · 역방향 | D53: 참는 데 익숙해져 이미 버거운 것도 '괜찮다'고 넘기고 있을 수 있어요. | E53: 초안 | H53: =LEN(IF(F53<>"",F53,D53)) -> 40 | I53: =IF(OR(H53<25,H53>140),"분량 확인","")
A54: cards.8.reversed.positions.hold | B54: 08 진주를 품는 힘 · 조개 | C54: 나를 붙잡는 것 · 역방향 | D54: 견디는 것만이 강한 거라는 생각이 도움을 청하는 길을 막고 있을 수 있어요. | E54: 초안 | H54: =LEN(IF(F54<>"",F54,D54)) -> 42 | I54: =IF(OR(H54<25,H54>140),"분량 확인","")
A55: cards.8.reversed.positions.step | B55: 08 진주를 품는 힘 · 조개 | C55: 다음 한 걸음 · 역방향 | D55: 오늘은 견디는 대신, 불편한 마음 하나를 말이나 글로 꺼내 보세요. | E55: 초안 | H55: =LEN(IF(F55<>"",F55,D55)) -> 37 | I55: =IF(OR(H55<25,H55>140),"분량 확인","")
A56: cards.9.positions.now | B56: 09 나만의 등불 · 바다의 노인 | C56: 지금의 마음 · 정방향 | D56: 사람들 사이에서 조금 떨어져 혼자 생각할 시간이 필요한 때일 수 있어요. 말수가 줄었다면 마음이 안쪽을 정리하는 중일지도 몰라요. | E56: 초안 | H56: =LEN(IF(F56<>"",F56,D56)) -> 72 | I56: =IF(OR(H56<25,H56>140),"분량 확인","")
A57: cards.9.positions.hold | B57: 09 나만의 등불 · 바다의 노인 | C57: 나를 붙잡는 것 · 정방향 | D57: 혼자 있고 싶은 마음과 외로운 마음이 섞여 지금 무엇이 필요한지 헷갈릴 수 있어요. 혼자 오래 머물다 보면 생각이 한쪽으로만 깊어지기도 해요. | E57: 초안 | H57: =LEN(IF(F57<>"",F57,D57)) -> 79 | I57: =IF(OR(H57<25,H57>140),"분량 확인","")
A58: cards.9.positions.step | B58: 09 나만의 등불 · 바다의 노인 | C58: 다음 한 걸음 · 정방향 | D58: 혼자만의 시간을 의도적으로 가지되, 등불 하나는 켜 두세요. 조용히 돌아보는 시간과 함께, 믿는 사람 한 명과의 연결은 이어 두는 거예요. | E58: 초안 | H58: =LEN(IF(F58<>"",F58,D58)) -> 77 | I58: =IF(OR(H58<25,H58>140),"분량 확인","")
A59: cards.9.reversed.positions.now | B59: 09 나만의 등불 · 바다의 노인 | C59: 지금의 마음 · 역방향 | D59: 혼자 있는 시간이 길어지면서 마음이 더 무거워지고 있을 수 있어요. | E59: 초안 | H59: =LEN(IF(F59<>"",F59,D59)) -> 37 | I59: =IF(OR(H59<25,H59>140),"분량 확인","")
A60: cards.9.reversed.positions.hold | B60: 09 나만의 등불 · 바다의 노인 | C60: 나를 붙잡는 것 · 역방향 | D60: '아무도 이해 못 할 거야'라는 생각이 사람들과의 거리를 넓히고 있을 수 있어요. | E60: 초안 | H60: =LEN(IF(F60<>"",F60,D60)) -> 45 | I60: =IF(OR(H60<25,H60>140),"분량 확인","")
A61: cards.9.reversed.positions.step | B61: 09 나만의 등불 · 바다의 노인 | C61: 다음 한 걸음 · 역방향 | D61: 등불을 들고 한 걸음만 밖으로 나와, 편한 사람 한 명과 짧게라도 연결되어 보세요. | E61: 초안 | G61: [Claude 점검 · 고침] '사람과 짧게 이어져 보세요' 어색 (전: 등불을 들고 한 걸음만 밖으로 나와, 편한 사람 한 명과 짧게 이어져 보세요.) | H61: =LEN(IF(F61<>"",F61,D61)) -> 46 | I61: =IF(OR(H61<25,H61>140),"분량 확인","")
A62: cards.10.positions.now | B62: 10 물살의 순환 · 가오리 | C62: 지금의 마음 · 정방향 | D62: 내 뜻과 상관없이 상황이 바뀌고 있어요. 예상하지 못한 변화 앞에서 어디에 발을 디뎌야 할지 살피고 있을 수 있어요. | E62: 초안 | H62: =LEN(IF(F62<>"",F62,D62)) -> 65 | I62: =IF(OR(H62<25,H62>140),"분량 확인","")
A63: cards.10.positions.hold | B63: 10 물살의 순환 · 가오리 | C63: 나를 붙잡는 것 · 정방향 | D63: '지금 이 상태가 계속될 것'이라는 생각이 마음을 무겁게 할 수 있어요. 좋은 때도 힘든 때도 영원하지 않다는 걸 잠시 잊기 쉬워요. | E63: 초안 | H63: =LEN(IF(F63<>"",F63,D63)) -> 74 | I63: =IF(OR(H63<25,H63>140),"분량 확인","")
A64: cards.10.positions.step | B64: 10 물살의 순환 · 가오리 | C64: 다음 한 걸음 · 정방향 | D64: 바꿀 수 없는 흐름은 받아들이고, 그 안에서 내가 고를 수 있는 움직임을 찾아보세요. 가오리가 물살에 몸을 맡기면서도 방향을 잃지 않듯이요. | E64: 초안 | H64: =LEN(IF(F64<>"",F64,D64)) -> 78 | I64: =IF(OR(H64<25,H64>140),"분량 확인","")
A65: cards.10.reversed.positions.now | B65: 10 물살의 순환 · 가오리 | C65: 지금의 마음 · 역방향 | D65: 바뀌는 상황을 받아들이기 어려워 같은 자리에서 버티고 있을 수 있어요. | E65: 초안 | H65: =LEN(IF(F65<>"",F65,D65)) -> 39 | I65: =IF(OR(H65<25,H65>140),"분량 확인","")
A66: cards.10.reversed.positions.hold | B66: 10 물살의 순환 · 가오리 | C66: 나를 붙잡는 것 · 역방향 | D66: '예전으로 돌아가야 한다'는 생각이 새 흐름을 타는 걸 막고 있을 수 있어요. | E66: 초안 | H66: =LEN(IF(F66<>"",F66,D66)) -> 43 | I66: =IF(OR(H66<25,H66>140),"분량 확인","")
A67: cards.10.reversed.positions.step | B67: 10 물살의 순환 · 가오리 | C67: 다음 한 걸음 · 역방향 | D67: 흐름을 거스르기보다, 바뀐 상황에서 내가 고를 수 있는 것 하나를 찾아보세요. | E67: 초안 | H67: =LEN(IF(F67<>"",F67,D67)) -> 43 | I67: =IF(OR(H67<25,H67>140),"분량 확인","")
A68: cards.11.positions.now | B68: 11 고요한 균형 · 백조 | C68: 지금의 마음 · 정방향 | D68: 무엇이 옳은지, 누가 더 잘못했는지 따져 보느라 마음이 분주할 수 있어요. 그만큼 공정하고 싶은 마음이 크다는 뜻이에요. | E68: 초안 | H68: =LEN(IF(F68<>"",F68,D68)) -> 67 | I68: =IF(OR(H68<25,H68>140),"분량 확인","")
A69: cards.11.positions.hold | B69: 11 고요한 균형 · 백조 | C69: 나를 붙잡는 것 · 정방향 | D69: 남에게는 너그럽고 나에게는 유독 엄격한 저울을 쓰고 있을 수 있어요. 혹은 한쪽 이야기만 계속 되뇌며 결론을 서두르고 있을 수 있어요. | E69: 초안 | H69: =LEN(IF(F69<>"",F69,D69)) -> 75 | I69: =IF(OR(H69<25,H69>140),"분량 확인","")
A70: cards.11.positions.step | B70: 11 고요한 균형 · 백조 | C70: 다음 한 걸음 · 정방향 | D70: 상황을 사실과 해석으로 나눠 보세요. 백조가 물 위에서 고요히 균형을 잡듯, 감정이 가라앉은 자리에서 양쪽을 다시 저울에 올려 보는 거예요. | E70: 초안 | H70: =LEN(IF(F70<>"",F70,D70)) -> 78 | I70: =IF(OR(H70<25,H70>140),"분량 확인","")
A71: cards.11.reversed.positions.now | B71: 11 고요한 균형 · 백조 | C71: 지금의 마음 · 역방향 | D71: 나에게만 지나치게 엄격하거나, 상황을 한쪽 시선으로만 보고 있을 수 있어요. | E71: 초안 | H71: =LEN(IF(F71<>"",F71,D71)) -> 42 | I71: =IF(OR(H71<25,H71>140),"분량 확인","")
A72: cards.11.reversed.positions.hold | B72: 11 고요한 균형 · 백조 | C72: 나를 붙잡는 것 · 역방향 | D72: 옳고 그름을 따지는 데 에너지를 쓰느라 마음이 쉬지 못하고 있을 수 있어요. | E72: 초안 | H72: =LEN(IF(F72<>"",F72,D72)) -> 42 | I72: =IF(OR(H72<25,H72>140),"분량 확인","")
A73: cards.11.reversed.positions.step | B73: 11 고요한 균형 · 백조 | C73: 다음 한 걸음 · 역방향 | D73: 판단을 잠시 내려놓고, 사실과 내 해석을 한 줄씩 나눠 적어 보세요. | E73: 초안 | H73: =LEN(IF(F73<>"",F73,D73)) -> 38 | I73: =IF(OR(H73<25,H73>140),"분량 확인","")
... A83: cards.13.reversed.positions.now | B83: 13 새 집으로 이사 · 소라게 | C83: 지금의 마음 · 역방향 | D83: 변화가 필요하다는 걸 알지만, 익숙한 껍데기를 떠나는 게 두려울 수 있어요. | E83: 초안 | H83: =LEN(IF(F83<>"",F83,D83)) -> 42 | I83: =IF(OR(H83<25,H83>140),"분량 확인","")
A84: cards.13.reversed.positions.hold | B84: 13 새 집으로 이사 · 소라게 | C84: 나를 붙잡는 것 · 역방향 | D84: 끝을 인정하면 모든 게 무너질 것 같은 마음이 새 껍데기로 옮겨 가는 걸 미루게 하고 있을 수 있어요. | E84: 초안 | G84: [Claude 점검 · 고침] '이사' 비유가 설명 없이 나와 실제 이사로 읽힘 (전: 끝을 인정하면 모든 게 무너질 것 같은 마음이 이사를 미루게 하고 있을 수 있어요.) | H84: =LEN(IF(F84<>"",F84,D84)) -> 57 | I84: =IF(OR(H84<25,H84>140),"분량 확인","")
A85: cards.13.reversed.positions.step | B85: 13 새 집으로 이사 · 소라게 | C85: 다음 한 걸음 · 역방향 | D85: 한 번에 떠나지 않아도 괜찮아요. 오늘은 내려놓을 것 하나에만 이름을 붙여 보세요. | E85: 초안 | H85: =LEN(IF(F85<>"",F85,D85)) -> 46 | I85: =IF(OR(H85<25,H85>140),"분량 확인","")
A86: cards.14.positions.now | B86: 14 물과 뭍 사이 · 개구리 | C86: 지금의 마음 · 정방향 | D86: 두 가지 사이에서 균형을 찾으려 애쓰고 있어요. 일과 쉼, 나와 남, 해야 할 것과 하고 싶은 것 사이에서 저울질하고 있을 수 있어요. | E86: 초안 | G86: [Claude 점검 · 고침] '나와 너'가 역방향의 '나와 남'과 다르고 반말 느낌 (전: 두 가지 사이에서 균형을 찾으려 애쓰고 있어요. 일과 쉼, 나와 너, 해야 할 것과 하고 싶은 것 사이에서 저울질하고 있을 수 있어요.) | H86: =LEN(IF(F86<>"",F86,D86)) -> 75 | I86: =IF(OR(H86<25,H86>140),"분량 확인","")
A87: cards.14.positions.hold | B87: 14 물과 뭍 사이 · 개구리 | C87: 나를 붙잡는 것 · 정방향 | D87: '전부 아니면 전무'로 생각하면, 하나를 고르는 순간 다른 하나를 잃는 것 같아 아무것도 고르지 못할 수 있어요. | E87: 초안 | H87: =LEN(IF(F87<>"",F87,D87)) -> 63 | I87: =IF(OR(H87<25,H87>140),"분량 확인","")
A88: cards.14.positions.step | B88: 14 물과 뭍 사이 · 개구리 | C88: 다음 한 걸음 · 정방향 | D88: 둘 중 하나가 아니라 알맞은 비율을 찾아보세요. 개구리가 물과 뭍을 오가며 살듯, 오늘은 7 대 3, 내일은 5 대 5로 조금씩 조절해도 괜찮아요. | E88: 초안 | H88: =LEN(IF(F88<>"",F88,D88)) -> 82 | I88: =IF(OR(H88<25,H88>140),"분량 확인","")
A89: cards.14.reversed.positions.now | B89: 14 물과 뭍 사이 · 개구리 | C89: 지금의 마음 · 역방향 | D89: 일과 쉼, 나와 남 중 한쪽에 너무 많이 쏠려 있어 지쳐 있을 수 있어요. | E89: 초안 | H89: =LEN(IF(F89<>"",F89,D89)) -> 41 | I89: =IF(OR(H89<25,H89>140),"분량 확인","")
A90: cards.14.reversed.positions.hold | B90: 14 물과 뭍 사이 · 개구리 | C90: 나를 붙잡는 것 · 역방향 | D90: 하나를 고르면 다른 하나를 다 잃을 것 같은 생각이 알맞은 중간을 찾지 못하게 하고 있을 수 있어요. | E90: 초안 | G90: [Claude 점검 · 고침] 정방향 hold와 '전부 아니면 전무' 표현이 그대로 겹침 (전: '전부 아니면 전무'라는 생각이 알맞은 중간을 찾지 못하게 하고 있을 수 있어요.) | H90: =LEN(IF(F90<>"",F90,D90)) -> 56 | I90: =IF(OR(H90<25,H90>140),"분량 확인","")
A91: cards.14.reversed.positions.step | B91: 14 물과 뭍 사이 · 개구리 | C91: 다음 한 걸음 · 역방향 | D91: 이번 주는 기울어진 쪽에서 딱 한 칸만 반대쪽으로 옮겨 보세요. | E91: 초안 | H91: =LEN(IF(F91<>"",F91,D91)) -> 35 | I91: =IF(OR(H91<25,H91>140),"분량 확인","")
A92: cards.15.positions.now | B92: 15 부풀어 오른 마음 · 복어 | C92: 지금의 마음 · 정방향 | D92: 상처받지 않으려고 마음이 잔뜩 부풀어 있을 수 있어요. 예민해지고 날이 서 있다면, 그만큼 지키고 싶은 무언가가 있다는 뜻이에요. | E92: 초안 | H92: =LEN(IF(F92<>"",F92,D92)) -> 72 | I92: =IF(OR(H92<25,H92>140),"분량 확인","")
A93: cards.15.positions.hold | B93: 15 부풀어 오른 마음 · 복어 | C93: 나를 붙잡는 것 · 정방향 | D93: 불안할 때마다 반복하는 습관이 잠깐은 마음을 편하게 해 주지만 오래 나를 붙잡고 있을 수 있어요. 확인하기, 미루기, 과하게 맞추기, 늦게까지 화면 보기 같은 것들이요. | E93: 초안 | H93: =LEN(IF(F93<>"",F93,D93)) -> 94 | I93: =IF(OR(H93<25,H93>140),"분량 확인","")
A94: cards.15.positions.step | B94: 15 부풀어 오른 마음 · 복어 | C94: 다음 한 걸음 · 정방향 | D94: 부풀어 오르는 순간을 알아차려 보세요. 복어가 위험이 지나가면 다시 작아지듯, '아, 지금 내가 부풀었구나' 하고 이름 붙이는 것만으로 가시가 조금 누그러질 수 있어요. | E94: 초안 | H94: =LEN(IF(F94<>"",F94,D94)) -> 94 | I94: =IF(OR(H94<25,H94>140),"분량 확인","")
A95: cards.15.reversed.positions.now | B95: 15 부풀어 오른 마음 · 복어 | C95: 지금의 마음 · 역방향 | D95: 부풀었던 마음을 스스로 알아차리고, 조금씩 가라앉히고 있는 중일 수 있어요. | E95: 초안 | H95: =LEN(IF(F95<>"",F95,D95)) -> 42 | I95: =IF(OR(H95<25,H95>140),"분량 확인","")
A96: cards.15.reversed.positions.hold | B96: 15 부풀어 오른 마음 · 복어 | C96: 나를 붙잡는 것 · 역방향 | D96: 방어를 내려놓는 게 아직 낯설어서 예전 습관으로 돌아갈까 걱정될 수 있어요. | E96: 초안 | H96: =LEN(IF(F96<>"",F96,D96)) -> 42 | I96: =IF(OR(H96<25,H96>140),"분량 확인","")
A97: cards.15.reversed.positions.step | B97: 15 부풀어 오른 마음 · 복어 | C97: 다음 한 걸음 · 역방향 | D97: 풀려나기 시작한 지금, 그 습관 대신 할 작은 행동 하나를 정해 두세요. | E97: 초안 | H97: =LEN(IF(F97<>"",F97,D97)) -> 40 | I97: =IF(OR(H97<25,H97>140),"분량 확인","")
A98: cards.16.positions.now | B98: 16 다시 쌓는 둑 · 비버 | C98: 지금의 마음 · 정방향 | D98: 믿어 왔던 계획이나 기대가 갑자기 흔들렸을 수 있어요. 당황스럽고 허탈한 마음이 드는 게 자연스러운 때예요. | E98: 초안 | H98: =LEN(IF(F98<>"",F98,D98)) -> 60 | I98: =IF(OR(H98<25,H98>140),"분량 확인","")
A99: cards.16.positions.hold | B99: 16 다시 쌓는 둑 · 비버 | C99: 나를 붙잡는 것 · 정방향 | D99: '처음부터 다시'라는 생각이 너무 커서 손을 대기 어려울 수 있어요. 무너진 것만 보느라 남아 있는 기둥을 보지 못하기 쉬워요. | E99: 초안 | H99: =LEN(IF(F99<>"",F99,D99)) -> 71 | I99: =IF(OR(H99<25,H99>140),"분량 확인","")
A100: cards.16.positions.step | B100: 16 다시 쌓는 둑 · 비버 | C100: 다음 한 걸음 · 정방향 | D100: 남아 있는 것을 먼저 확인하고, 나뭇가지 하나부터 다시 쌓아 보세요. 비버가 무너진 둑을 한 번에 다 짓지 않듯, 오늘 할 수 있는 한 조각이면 충분해요. | E100: 초안 | G100: [Claude 점검 · 고침] '~부터'가 한 문장에 두 번 (전: 남아 있는 것부터 확인하고, 나뭇가지 하나부터 다시 쌓아 보세요. 비버가 무너진 둑을 한 번에 다 짓지 않듯, 오늘 할 수 있는 한 조각이면 충분해요.) | H100: =LEN(IF(F100<>"",F100,D100)) -> 86 | I100: =IF(OR(H100<25,H100>140),"분량 확인","")
A101: cards.16.reversed.positions.now | B101: 16 다시 쌓는 둑 · 비버 | C101: 지금의 마음 · 역방향 | D101: 흔들리는 걸 인정하지 않으려고 버티고 있거나, 무너진 뒤 다시 손댈 엄두가 안 날 수 있어요. | E101: 초안 | H101: =LEN(IF(F101<>"",F101,D101)) -> 52 | I101: =IF(OR(H101<25,H101>140),"분량 확인","")
A102: cards.16.reversed.positions.hold | B102: 16 다시 쌓는 둑 · 비버 | C102: 나를 붙잡는 것 · 역방향 | D102: '다시 무너지면 어떡하지'라는 걱정이 다시 쌓는 일을 미루게 하고 있을 수 있어요. | E102: 초안 | H102: =LEN(IF(F102<>"",F102,D102)) -> 46 | I102: =IF(OR(H102<25,H102>140),"분량 확인","")
A103: cards.16.reversed.positions.step | B103: 16 다시 쌓는 둑 · 비버 | C103: 다음 한 걸음 · 역방향 | D103: 완벽한 둑이 아니라 오늘 쌓을 나뭇가지 하나에만 집중해 보세요. | E103: 초안 | H103: =LEN(IF(F103<>"",F103,D103)) -> 35 | I103: =IF(OR(H103<25,H103>140),"분량 확인","")
A104: cards.17.positions.now | B104: 17 다시 빛나는 별 · 불가사리 | C104: 지금의 마음 · 정방향 | D104: 힘든 시간을 지나 조금씩 숨이 돌아오고 있을 수 있어요. 아직 완전하지 않아도 마음 한쪽에 작은 빛이 켜져 있어요. | E104: 초안 | H104: =LEN(IF(F104<>"",F104,D104)) -> 64 | I104: =IF(OR(H104<25,H104>140),"분량 확인","")
A105: cards.17.positions.hold | B105: 17 다시 빛나는 별 · 불가사리 | C105: 나를 붙잡는 것 · 정방향 | D105: '예전으로 돌아가야 한다'는 기준이 지금의 회복을 작아 보이게 할 수 있어요. 회복에도 저마다의 속도가 있다는 걸 잊고 스스로를 재촉하기 쉬워요. | E105: 초안 | G105: [Claude 점검 · 고침] '예전처럼 돌아가야' 호응 어색 (전: '예전처럼 돌아가야 한다'는 기준이 지금의 회복을 작아 보이게 할 수 있어요. 회복에도 저마다의 속도가 있다는 걸 잊고 스스로를 재촉하기 쉬워요.) | H105: =LEN(IF(F105<>"",F105,D105)) -> 81 | I105: =IF(OR(H105<25,H105>140),"분량 확인","")
A106: cards.17.positions.step | B106: 17 다시 빛나는 별 · 불가사리 | C106: 다음 한 걸음 · 정방향 | D106: 작게 나아진 것을 알아봐 주세요. 불가사리가 잃은 팔을 천천히 다시 키우듯, 매일의 작은 회복을 기록하면 희망이 눈에 보일 수 있어요. | E106: 초안 | G106: [Claude 점검 · 고침] '희망이 눈에 보이게 돼요' 결과 단정 (전: 작게 나아진 것을 알아봐 주세요. 불가사리가 잃은 팔을 천천히 다시 키우듯, 매일의 작은 회복을 기록하면 희망이 눈에 보이게 돼요.) | H106: =LEN(IF(F106<>"",F106,D106)) -> 75 | I106: =IF(OR(H106<25,H106>140),"분량 확인","")
A107: cards.17.reversed.positions.now | B107: 17 다시 빛나는 별 · 불가사리 | C107: 지금의 마음 · 역방향 | D107: 나아지고 있는데도 그 변화가 잘 보이지 않아 실망하고 있을 수 있어요. | E107: 초안 | H107: =LEN(IF(F107<>"",F107,D107)) -> 39 | I107: =IF(OR(H107<25,H107>140),"분량 확인","")
A108: cards.17.reversed.positions.hold | B108: 17 다시 빛나는 별 · 불가사리 | C108: 나를 붙잡는 것 · 역방향 | D108: 회복이 빨라야 한다는 기대가 지금의 작은 빛을 가리고 있을 수 있어요. | E108: 초안 | H108: =LEN(IF(F108<>"",F108,D108)) -> 39 | I108: =IF(OR(H108<25,H108>140),"분량 확인","")
A109: cards.17.reversed.positions.step | B109: 17 다시 빛나는 별 · 불가사리 | C109: 다음 한 걸음 · 역방향 | D109: 오늘 하루 조금이라도 나아진 것 하나를 찾아 기록해 보세요. | E109: 초안 | H109: =LEN(IF(F109<>"",F109,D109)) -> 33 | I109: =IF(OR(H109<25,H109>140),"분량 확인","")
...

Sheet 깊이읽기
A1: ID (수정 금지) | B1: 카드 · 분류 | C1: 항목 | D1: 현재 문장 (초안) | E1: 상태 | F1: 수정안 | G1: 검수 메모 | H1: 최종 글자 수 | I1: 분량
A2: cards.0.deep.now.0 | B2: 00 첫 물장구 · 수달 | C2: 지금의 마음 · 단락 1 | D2: 새로운 걸 해 보고 싶은 마음은 대개 지금의 자리가 조금 좁게 느껴질 때 찾아와요. 그 마음이 아직 흐릿하더라도, 무언가를 바꾸고 싶다는 감각은 그 자체로 내 안의 에너지가 살아 있다는 신호예요. | E2: 초안 | G2: [Claude 점검 · 고침] '그 자체로 살아 있다는 신호'에서 무엇이 살아 있는지 주어가 빠져 뜻이 모호함 (전: 새로운 걸 해 보고 싶은 마음은 대개 지금의 자리가 조금 좁게 느껴질 때 찾아와요. 그 마음이 아직 흐릿하더라도, 무언가를 바꾸고 싶다는 감각은 그 자체로 살아 있다는 신호예요.) | H2: =LEN(IF(F2<>"",F2,D2)) -> 109 | I2: =IF(OR(H2<60,H2>220),"분량 확인","")
A3: cards.0.deep.now.1 | B3: 00 첫 물장구 · 수달 | C3: 지금의 마음 · 단락 2 | D3: 요즘 나도 모르게 자꾸 눈길이 가는 것이 있다면 무엇인가요? 거창한 목표가 아니어도 괜찮아요. 그 작은 끌림에 이름을 하나 붙여 보는 것만으로도 시작은 이미 한 발 가까워져요. | E3: 초안 | H3: =LEN(IF(F3<>"",F3,D3)) -> 98 | I3: =IF(OR(H3<60,H3>220),"분량 확인","")
A4: cards.0.deep.hold.0 | B4: 00 첫 물장구 · 수달 | C4: 나를 붙잡는 것 · 단락 1 | D4: 준비를 더 하고 싶은 마음 밑에는 서툰 모습을 보이고 싶지 않은 마음이 있을 때가 많아요. 잘하고 싶은 만큼 첫 시도의 어색함이 크게 느껴지는 건 자연스러운 일이에요. | E4: 초안 | H4: =LEN(IF(F4<>"",F4,D4)) -> 93 | I4: =IF(OR(H4<60,H4>220),"분량 확인","")
A5: cards.0.deep.hold.1 | B5: 00 첫 물장구 · 수달 | C5: 나를 붙잡는 것 · 단락 2 | D5: 지금 기다리고 있는 '준비 완료'의 기준이 무엇인지 한번 적어 보세요. 적어 놓고 보면 그중 몇 가지는 시작한 뒤에야 채울 수 있는 것들이라는 걸 발견하게 될 수도 있어요. | E5: 초안 | H5: =LEN(IF(F5<>"",F5,D5)) -> 96 | I5: =IF(OR(H5<60,H5>220),"분량 확인","")
A6: cards.0.deep.step.0 | B6: 00 첫 물장구 · 수달 | C6: 다음 한 걸음 · 단락 1 | D6: 첫걸음이 작을수록 실패의 무게도 가벼워져요. 결과를 정해 두지 않고 '해 봤다'는 경험을 목표로 삼으면, 다음에 무엇을 할지는 해 보는 과정에서 조금씩 보이기 시작해요. | E6: 초안 | H6: =LEN(IF(F6<>"",F6,D6)) -> 94 | I6: =IF(OR(H6<60,H6>220),"분량 확인","")
A7: cards.0.deep.step.1 | B7: 00 첫 물장구 · 수달 | C7: 다음 한 걸음 · 단락 2 | D7: 오늘 할 수 있는 가장 작은 버전은 무엇일까요? 검색 한 번, 문의 한 통, 10분 연습처럼 물 온도를 재 보는 정도의 크기면 충분해요. 해 본 뒤의 느낌을 짧게 남겨 두면 다음 물장구가 한결 쉬워져요. | E7: 초안 | H7: =LEN(IF(F7<>"",F7,D7)) -> 113 | I7: =IF(OR(H7<60,H7>220),"분량 확인","")
A8: cards.1.deep.now.0 | B8: 01 여덟 갈래의 손 · 문어 | C8: 지금의 마음 · 단락 1 | D8: 해내고 싶은 마음이 크면 손이 저절로 여러 곳으로 뻗어요. 지금의 분주함은 그만큼 많은 걸 책임지고 싶은 성실함에서 나온 것일 수 있어요. | E8: 초안 | G8: [Claude 점검 · 고침] '당신의 성실함' - 보고서는 '당신' 대신 주어 생략 권장 (전: 해내고 싶은 마음이 크면 손이 저절로 여러 곳으로 뻗어요. 지금의 분주함은 그만큼 많은 걸 책임지고 싶은 당신의 성실함에서 나온 것일 수 있어요.) | H8: =LEN(IF(F8<>"",F8,D8)) -> 77 | I8: =IF(OR(H8<60,H8>220),"분량 확인","")
A9: cards.1.deep.now.1 | B9: 01 여덟 갈래의 손 · 문어 | C9: 지금의 마음 · 단락 2 | D9: 지금 손을 뻗고 있는 곳들 가운데 정말 내가 쥐고 싶은 것은 무엇인가요? 모든 손에 같은 힘을 줄 필요는 없어요. 가장 마음이 가는 한두 곳을 먼저 골라 보면 분주함 속에서도 중심이 생겨요. | E9: 초안 | G9: [Claude 점검 · 고침] '뻗어 있는 손들 가운데 내가 쥐고 싶은 것' - 손이 쥘 대상인 것처럼 읽혀 논리가 어긋남 (전: 지금 뻗어 있는 손들 가운데 정말 내가 쥐고 싶은 것은 무엇인가요? 모든 손에 같은 힘을 줄 필요는 없어요. 가장 마음이 가는 한두 곳을 먼저 골라 보면 분주함 속에서도 중심이 생겨요.) | H9: =LEN(IF(F9<>"",F9,D9)) -> 106 | I9: =IF(OR(H9<60,H9>220),"분량 확인","")
A10: cards.1.deep.hold.0 | B10: 01 여덟 갈래의 손 · 문어 | C10: 나를 붙잡는 것 · 단락 1 | D10: 부족한 점이 먼저 눈에 들어오는 건 더 잘하고 싶은 마음이 크기 때문이기도 해요. 다만 그 시선이 오래 머물면, 이미 해 온 일과 곁에 있는 도움이 배경처럼 흐려지기 쉬워요. | E10: 초안 | H10: =LEN(IF(F10<>"",F10,D10)) -> 97 | I10: =IF(OR(H10<60,H10>220),"분량 확인","")
A11: cards.1.deep.hold.1 | B11: 01 여덟 갈래의 손 · 문어 | C11: 나를 붙잡는 것 · 단락 2 | D11: 최근에 '이건 내가 꽤 잘했다' 싶었던 순간을 하나 떠올려 보세요. 그때 쓴 힘은 지금의 고민에도 그대로 쓸 수 있는 힘이에요. 없는 것의 목록 옆에 있는 것의 목록도 나란히 적어 보세요. | E11: 초안 | H11: =LEN(IF(F11<>"",F11,D11)) -> 105 | I11: =IF(OR(H11<60,H11>220),"분량 확인","")
A12: cards.1.deep.step.0 | B12: 01 여덟 갈래의 손 · 문어 | C12: 다음 한 걸음 · 단락 1 | D12: 자원을 눈에 보이게 펼쳐 두면 막연하던 고민이 '이걸로 무엇을 해 볼까'라는 질문으로 바뀌어요. 문어가 여덟 갈래의 손을 각각 다르게 쓰듯, 가진 것마다 맡길 수 있는 역할이 달라요. | E12: 초안 | H12: =LEN(IF(F12<>"",F12,D12)) -> 102 | I12: =IF(OR(H12<60,H12>220),"분량 확인","")
A13: cards.1.deep.step.1 | B13: 01 여덟 갈래의 손 · 문어 | C13: 다음 한 걸음 · 단락 2 | D13: 시간, 사람, 경험, 작은 기술을 네 칸으로 나눠 적어 보세요. 그중 이번 주에 바로 꺼내 쓸 수 있는 것 하나를 골라 고민에 연결해 보면, 해결이 생각보다 가까이 있다는 감각이 생길 수 있어요. | E13: 초안 | H13: =LEN(IF(F13<>"",F13,D13)) -> 109 | I13: =IF(OR(H13<60,H13>220),"분량 확인","")
A14: cards.2.deep.now.0 | B14: 02 고요히 바라보기 · 왜가리 | C14: 지금의 마음 · 단락 1 | D14: 말로 꺼내기 전의 감각은 대개 조용하고 느리게 움직여요. 겉으로는 담담해 보여도 속에서 많은 것을 헤아리고 있다는 건, 그만큼 이 고민을 섬세하게 다루고 있다는 뜻이에요. | E14: 초안 | H14: =LEN(IF(F14<>"",F14,D14)) -> 95 | I14: =IF(OR(H14<60,H14>220),"분량 확인","")
A15: cards.2.deep.now.1 | B15: 02 고요히 바라보기 · 왜가리 | C15: 지금의 마음 · 단락 2 | D15: 지금 마음 아래에 머물러 있는 느낌을 한 단어로 불러 본다면 무엇일까요? 정확하지 않아도 괜찮아요. 떠오르는 대로 불러 보면 그 감각이 조금씩 모양을 갖추기 시작해요. | E15: 초안 | H15: =LEN(IF(F15<>"",F15,D15)) -> 93 | I15: =IF(OR(H15<60,H15>220),"분량 확인","")
A16: cards.2.deep.hold.0 | B16: 02 고요히 바라보기 · 왜가리 | C16: 나를 붙잡는 것 · 단락 1 | D16: 다른 사람의 의견이나 '해야 하는 것'은 소리가 크고 분명해서 쉽게 들려요. 반면 내 안의 목소리는 작고 머뭇거릴 때가 많아서, 바쁜 날에는 그 소리를 놓치기 쉬워요. | E16: 초안 | G16: [Claude 점검 · 고침] '목소리는 작고 망설이는 모양이라' - 목소리에 '모양'이 어울리지 않음 (전: 다른 사람의 의견이나 '해야 하는 것'은 소리가 크고 분명해서 쉽게 들려요. 반면 내 안의 목소리는 작고 망설이는 모양이라, 바쁜 날에는 그 소리를 놓치기 쉬워요.) | H16: =LEN(IF(F16<>"",F16,D16)) -> 93 | I16: =IF(OR(H16<60,H16>220),"분량 확인","")
A17: cards.2.deep.hold.1 | B17: 02 고요히 바라보기 · 왜가리 | C17: 나를 붙잡는 것 · 단락 2 | D17: 누군가의 기대를 잠시 내려놓고 '아무도 평가하지 않는다면 나는 무엇을 고를까?' 하고 물어보세요. 바로 답하지 않아도 괜찮아요. 질문을 품고 하루를 보내면 마음이 기우는 쪽이 은근히 드러나요. | E17: 초안 | H17: =LEN(IF(F17<>"",F17,D17)) -> 107 | I17: =IF(OR(H17<60,H17>220),"분량 확인","")
A18: cards.2.deep.step.0 | B18: 02 고요히 바라보기 · 왜가리 | C18: 다음 한 걸음 · 단락 1 | D18: 판단을 잠시 미루는 건 결정을 피하는 것과 달라요. 충분히 바라본 뒤의 선택은 덜 흔들리고, 고른 뒤에도 나를 덜 탓하게 해 줘요. | E18: 초안 | H18: =LEN(IF(F18<>"",F18,D18)) -> 73 | I18: =IF(OR(H18<60,H18>220),"분량 확인","")
A19: cards.2.deep.step.1 | B19: 02 고요히 바라보기 · 왜가리 | C19: 다음 한 걸음 · 단락 2 | D19: 오늘은 결론을 내리지 않기로 정하고, 고민이 떠오를 때마다 드는 느낌만 짧게 적어 보세요. 며칠 모아 읽어 보면 반복해서 나오는 마음이 보이고, 그게 내가 원하는 방향의 실마리가 될 수 있어요. | E19: 초안 | H19: =LEN(IF(F19<>"",F19,D19)) -> 108 | I19: =IF(OR(H19<60,H19>220),"분량 확인","")
A20: cards.3.deep.now.0 | B20: 03 품어 주는 품 · 해달 | C20: 지금의 마음 · 단락 1 | D20: 누군가를 돌보는 일은 마음을 꽤 많이 쓰는 일이에요. 그 따뜻함은 큰 힘이지만, 쓴 만큼 채워지지 않으면 어느새 내 쪽 그릇이 비어 가기도 해요. | E20: 초안 | G20: [Claude 점검 · 고침] 한 문장 안에서 '당신이 가진 큰 힘'과 '내 쪽 그릇'이 섞임(BRIEF의 예시와 같은 유형). 위치해석 문장('그 따뜻함이 당신의 큰 힘이지만')도 거의 그대로 반복 (전: 누군가를 돌보는 일은 마음을 꽤 많이 쓰는 일이에요. 그 따뜻함은 당신이 가진 큰 힘이지만, 쓴 만큼 채워지지 않으면 어느새 내 쪽 그릇이 비어 가기도 해요.) | H20: =LEN(IF(F20<>"",F20,D20)) -> 81 | I20: =IF(OR(H20<60,H20>220),"분량 확인","")
A21: cards.3.deep.now.1 | B21: 03 품어 주는 품 · 해달 | C21: 지금의 마음 · 단락 2 | D21: 요즘 나를 위해 쓴 시간은 하루에 얼마나 되나요? 숫자로 떠올려 보면 생각보다 적을 수 있어요. 그 시간을 조금 늘리는 건 돌봄을 줄이는 게 아니라, 오래 돌볼 수 있게 나를 채우는 일이에요. | E21: 초안 | H21: =LEN(IF(F21<>"",F21,D21)) -> 107 | I21: =IF(OR(H21<60,H21>220),"분량 확인","")
A22: cards.3.deep.hold.0 | B22: 03 품어 주는 품 · 해달 | C22: 나를 붙잡는 것 · 단락 1 | D22: 나를 챙기는 게 이기적으로 느껴진다면, 오랫동안 남을 먼저 생각하는 쪽이 익숙했기 때문일 수 있어요. 그 습관은 다정함에서 시작됐지만, 지친 상태에선 그 다정함마저 무겁게 느껴질 수 있어요. | E22: 초안 | H22: =LEN(IF(F22<>"",F22,D22)) -> 106 | I22: =IF(OR(H22<60,H22>220),"분량 확인","")
A23: cards.3.deep.hold.1 | B23: 03 품어 주는 품 · 해달 | C23: 나를 붙잡는 것 · 단락 2 | D23: 소중한 사람이 지금의 나처럼 지쳐 있다면 뭐라고 말해 줄까요? 그 말을 그대로 나에게 돌려줘 보세요. 남에게는 당연한 쉼을 나에게도 똑같이 조금씩 허락해 보는 거예요. | E23: 초안 | G23: [Claude 점검 · 고침] '당연하다는 걸 허락해 보는 거예요' - 사실(~라는 것)을 허락한다는 어색한 연결 (전: 소중한 사람이 지금의 나처럼 지쳐 있다면 뭐라고 말해 줄까요? 그 말을 그대로 나에게 돌려줘 보세요. 남에게는 당연한 쉼이 나에게도 똑같이 당연하다는 걸 조금씩 허락해 보는 거예요.) | H23: =LEN(IF(F23<>"",F23,D23)) -> 93 | I23: =IF(OR(H23<60,H23>220),"분량 확인","")
A24: cards.3.deep.step.0 | B24: 03 품어 주는 품 · 해달 | C24: 다음 한 걸음 · 단락 1 | D24: 나를 품어 주는 일은 거창하지 않아도 돼요. 따뜻한 음료 한 잔, 일찍 눕는 저녁, 나에게 건네는 다정한 말 한마디처럼 몸과 마음이 '돌봄을 받았다'고 느끼는 순간이면 충분해요. | E24: 초안 | H24: =LEN(IF(F24<>"",F24,D24)) -> 99 | I24: =IF(OR(H24<60,H24>220),"분량 확인","")
A25: cards.3.deep.step.1 | B25: 03 품어 주는 품 · 해달 | C25: 다음 한 걸음 · 단락 2 | D25: 오늘 나를 위해 해 줄 수 있는 돌봄 하나를 미리 정해 두세요. 그리고 그 시간만큼은 다른 사람을 챙기는 생각을 잠시 내려놓아 보세요. 채워진 품이어야 다시 누군가를 넉넉히 안을 수 있어요. | E25: 초안 | H25: =LEN(IF(F25<>"",F25,D25)) -> 106 | I25: =IF(OR(H25<60,H25>220),"분량 확인","")
A26: cards.4.deep.now.0 | B26: 04 지키는 자리 · 펭귄 | C26: 지금의 마음 · 단락 1 | D26: 책임감이 큰 사람은 흔들리는 상황에서도 자리를 지키는 쪽을 택해요. 그 묵묵함 덕분에 주변이 안정을 얻기도 하지만, 그만큼 내 어깨에도 무게가 실려 있어요. | E26: 초안 | G26: [Claude 점검 · 고침] '당신의 어깨' 호칭, '가능성이 커요'가 위치해석('든든한 존재일 가능성이 커요')과 겹침 (전: 책임감이 큰 사람은 흔들리는 상황에서도 자리를 지키는 쪽을 택해요. 그 묵묵함 덕분에 주변이 안정을 얻고 있을 가능성이 커요. 그만큼 당신의 어깨에도 무게가 실려 있어요.) | H26: =LEN(IF(F26<>"",F26,D26)) -> 87 | I26: =IF(OR(H26<60,H26>220),"분량 확인","")
A27: cards.4.deep.now.1 | B27: 04 지키는 자리 · 펭귄 | C27: 지금의 마음 · 단락 2 | D27: 지금 지키고 있는 것들을 하나씩 떠올려 보세요. 그 목록 안에 '나 자신'도 들어 있나요? 지키는 사람도 지켜질 필요가 있다는 걸 오늘은 잠깐 기억해 주세요. | E27: 초안 | H27: =LEN(IF(F27<>"",F27,D27)) -> 88 | I27: =IF(OR(H27<60,H27>220),"분량 확인","")
A28: cards.4.deep.hold.0 | B28: 04 지키는 자리 · 펭귄 | C28: 나를 붙잡는 것 · 단락 1 | D28: 모든 걸 붙잡으려는 마음은 '내가 놓으면 무너질 것 같다'는 걱정에서 시작될 때가 많아요. 하지만 통제할 수 없는 것까지 쥐고 있으면, 정작 바꿀 수 있는 일에 쓸 힘이 남지 않아요. | E28: 초안 | H28: =LEN(IF(F28<>"",F28,D28)) -> 102 | I28: =IF(OR(H28<60,H28>220),"분량 확인","")
A29: cards.4.deep.hold.1 | B29: 04 지키는 자리 · 펭귄 | C29: 나를 붙잡는 것 · 단락 2 | D29: 요즘 마음을 쓰고 있는 일들을 '내가 바꿀 수 있는 것'과 '내 손 밖의 것'으로 나눠 보세요. 손 밖의 것을 내려놓는다고 책임을 버리는 건 아니에요. 오히려 힘을 써야 할 곳이 선명해져요. | E29: 초안 | H29: =LEN(IF(F29<>"",F29,D29)) -> 106 | I29: =IF(OR(H29<60,H29>220),"분량 확인","")
A30: cards.4.deep.step.0 | B30: 04 지키는 자리 · 펭귄 | C30: 다음 한 걸음 · 단락 1 | D30: 작은 질서는 흔들리는 날의 발판이 돼요. 정해진 시간에 하는 정리, 하루의 끝을 표시하는 습관처럼 예측할 수 있는 무언가가 있으면 마음이 기댈 곳이 생겨요. | E30: 초안 | H30: =LEN(IF(F30<>"",F30,D30)) -> 87 | I30: =IF(OR(H30<60,H30>220),"분량 확인","")
A31: cards.4.deep.step.1 | B31: 04 지키는 자리 · 펭귄 | C31: 다음 한 걸음 · 단락 2 | D31: 혼자 지던 무게 중 나눌 수 있는 것이 있다면 무엇일까요? 부탁 하나, 위임 하나, 미뤄도 되는 일 하나를 골라 보세요. 펭귄 무리처럼 자리를 바꿔 가며 견디면 추위도 덜 매섭게 느껴져요. | E31: 초안 | H31: =LEN(IF(F31<>"",F31,D31)) -> 105 | I31: =IF(OR(H31<60,H31>220),"분량 확인","")
A32: cards.5.deep.now.0 | B32: 05 오래된 지혜 · 거북 | C32: 지금의 마음 · 단락 1 | D32: 스스로 답을 찾으려는 힘은 큰 장점이에요. 다만 같은 질문을 혼자 오래 붙잡고 있으면, 생각이 새 길을 찾기보다 익숙한 길을 다시 걷게 되기 쉬워요. | E32: 초안 | G32: [Claude 점검 · 고침] '당신이 가진 큰 장점' - '당신' 호칭 (전: 스스로 답을 찾으려는 힘은 당신이 가진 큰 장점이에요. 다만 같은 질문을 혼자 오래 붙잡고 있으면, 생각이 새 길을 찾기보다 익숙한 길을 다시 걷게 되기 쉬워요.) | H32: =LEN(IF(F32<>"",F32,D32)) -> 83 | I32: =IF(OR(H32<60,H32>220),"분량 확인","")
A33: cards.5.deep.now.1 | B33: 05 오래된 지혜 · 거북 | C33: 지금의 마음 · 단락 2 | D33: 이 고민을 처음 품었을 때와 지금, 생각이 얼마나 달라졌나요? 크게 달라지지 않았다면, 이제는 바깥의 시선을 조금 빌릴 때일 수 있어요. 혼자 쌓아 온 고민은 누군가와 나눌 때 새로운 결이 생겨요. | E33: 초안 | H33: =LEN(IF(F33<>"",F33,D33)) -> 110 | I33: =IF(OR(H33<60,H33>220),"분량 확인","")
A34: cards.5.deep.hold.0 | B34: 05 오래된 지혜 · 거북 | C34: 나를 붙잡는 것 · 단락 1 | D34: 도움을 청하기 어려운 건 상대에게 부담이 될까 봐, 혹은 '이 정도는 혼자 해야지' 하는 마음 때문일 때가 많아요. 그 배려와 책임감이 오히려 나를 고립시키고 있을 수도 있어요. | E34: 초안 | H34: =LEN(IF(F34<>"",F34,D34)) -> 99 | I34: =IF(OR(H34<60,H34>220),"분량 확인","")
A35: cards.5.deep.hold.1 | B35: 05 오래된 지혜 · 거북 | C35: 나를 붙잡는 것 · 단락 2 | D35: 내가 누군가의 고민을 들었을 때 부담스러웠던 적이 많았나요? 오히려 믿고 말해 줘서 고마웠던 기억이 더 많을지도 몰라요. 묻는 일은 약함이 아니라, 관계를 믿는 방식이기도 해요. | E35: 초안 | H35: =LEN(IF(F35<>"",F35,D35)) -> 99 | I35: =IF(OR(H35<60,H35>220),"분량 확인","")
A36: cards.5.deep.step.0 | B36: 05 오래된 지혜 · 거북 | C36: 다음 한 걸음 · 단락 1 | D36: 오래 검증된 지혜는 책 한 권일 수도, 경험 많은 선배의 한마디일 수도, 전문가의 도움일 수도 있어요. 먼저 그 길을 걸어 본 사람의 이야기에는 내가 아직 보지 못한 지도가 담겨 있을 수 있어요. | E36: 초안 | G36: [Claude 점검 · 고침] '같은 길을 먼저 지나간 사람의 이야기'가 위치해석 문장을 그대로 반복하고, '지도가 담겨 있어요'는 단정 (전: 오래 검증된 지혜는 책 한 권일 수도, 경험 많은 선배의 한마디일 수도, 전문가의 도움일 수도 있어요. 같은 길을 먼저 지나간 사람의 이야기에는 내가 아직 보지 못한 지도가 담겨 있어요.) | H36: =LEN(IF(F36<>"",F36,D36)) -> 109 | I36: =IF(OR(H36<60,H36>220),"분량 확인","")
A37: cards.5.deep.step.1 | B37: 05 오래된 지혜 · 거북 | C37: 다음 한 걸음 · 단락 2 | D37: 이 고민에 대해 이야기를 들어 보고 싶은 사람이나 자료를 하나 떠올려 보세요. 거북이 천천히 가듯 서두를 필요는 없어요. 묻고 싶은 질문 하나를 미리 적어 두는 것부터 시작해도 충분해요. | E37: 초안 | H37: =LEN(IF(F37<>"",F37,D37)) -> 104 | I37: =IF(OR(H37<60,H37>220),"분량 확인","")
A38: cards.6.deep.now.0 | B38: 06 나란히 헤엄 · 원앙 | C38: 지금의 마음 · 단락 1 | D38: 가까워지고 싶은 마음과 선택 앞의 망설임은 모두 무언가가 나에게 중요하다는 데서 나와요. 마음이 오가는 건 우유부단해서가 아니라, 그만큼 신중하게 아끼고 있다는 뜻이에요. | E38: 초안 | H38: =LEN(IF(F38<>"",F38,D38)) -> 95 | I38: =IF(OR(H38<60,H38>220),"분량 확인","")
A39: cards.6.deep.now.1 | B39: 06 나란히 헤엄 · 원앙 | C39: 지금의 마음 · 단락 2 | D39: 이 관계나 선택에서 내가 가장 지키고 싶은 것은 무엇인가요? 편안함, 존중, 성장, 함께하는 시간처럼 한두 단어로 적어 보세요. 그 단어가 앞으로 마음을 정할 때 기준이 되어 줄 수 있어요. | E39: 초안 | G39: [Claude 점검 · 고침] '앞으로의 마음을 고르는 기준' - 마음을 고른다는 표현이 어색함 (전: 이 관계나 선택에서 내가 가장 지키고 싶은 것은 무엇인가요? 편안함, 존중, 성장, 함께하는 시간처럼 한두 단어로 적어 보세요. 그 단어가 앞으로의 마음을 고르는 기준이 되어 줄 수 있어요.) | H39: =LEN(IF(F39<>"",F39,D39)) -> 106 | I39: =IF(OR(H39<60,H39>220),"분량 확인","")
A40: cards.6.deep.hold.0 | B40: 06 나란히 헤엄 · 원앙 | C40: 나를 붙잡는 것 · 단락 1 | D40: 상대의 마음을 먼저 확인하고 싶은 건 상처받고 싶지 않은 마음에서 비롯될 때가 많아요. 또 남이 보기에 좋은 선택을 따르면 적어도 탓을 덜 들을 것 같아 안전하게 느껴지기도 해요. | E40: 초안 | G40: [Claude 점검 · 고침] '탓을 덜 받을' - 관용 표현은 '탓을 듣다' (전: 상대의 마음을 먼저 확인하고 싶은 건 상처받고 싶지 않은 마음에서 비롯될 때가 많아요. 또 남이 보기에 좋은 선택을 따르면 적어도 탓을 덜 받을 것 같아 안전하게 느껴지기도 해요.) | H40: =LEN(IF(F40<>"",F40,D40)) -> 100 | I40: =IF(OR(H40<60,H40>220),"분량 확인","")
A41: cards.6.deep.hold.1 | B41: 06 나란히 헤엄 · 원앙 | C41: 나를 붙잡는 것 · 단락 2 | D41: 상대의 반응이나 남의 시선을 잠시 빼고, 내 마음만 놓고 본다면 무엇을 원하나요? 그 답을 당장 꺼내지 않아도 괜찮아요. 내가 먼저 알고 있는 것만으로도 관계 안에서 나를 잃지 않을 수 있어요. | E41: 초안 | H41: =LEN(IF(F41<>"",F41,D41)) -> 108 | I41: =IF(OR(H41<60,H41>220),"분량 확인","")
A42: cards.6.deep.step.0 | B42: 06 나란히 헤엄 · 원앙 | C42: 다음 한 걸음 · 단락 1 | D42: 나란히 헤엄친다는 건 같은 속도로 똑같이 움직인다는 뜻이 아니에요. 서로 다른 몸짓이어도 같은 방향을 보고 있을 때, 연결은 억지로 맞추지 않아도 편안해져요. | E42: 초안 | H42: =LEN(IF(F42<>"",F42,D42)) -> 88 | I42: =IF(OR(H42<60,H42>220),"분량 확인","")
A43: cards.6.deep.step.1 | B43: 06 나란히 헤엄 · 원앙 | C43: 다음 한 걸음 · 단락 2 | D43: 내가 소중히 여기는 가치 세 가지를 적고, 지금 고민 중인 관계나 선택이 그 가치와 얼마나 가까운지 살펴보세요. 그 가치를 기준으로 삼으면, 결과와 상관없이 내 선택을 내 것으로 받아들이기가 쉬워져요. | E43: 초안 | G43: [Claude 점검 · 고침] '관계'를 가치와 비교해 '가까운 쪽을 고르면' - 관계 하나를 두고 읽으면 관계를 유지할지 끝낼지 고르라는 권유로 읽힐 수 있음 (전: 내가 소중히 여기는 가치 세 가지를 적고, 지금 고민 중인 관계나 선택이 그 가치와 얼마나 가까운지 살펴보세요. 가까운 쪽을 고르면, 결과와 상관없이 그 선택을 내 것으로 받아들이기가 쉬워져요.) | H43: =LEN(IF(F43<>"",F43,D43)) -> 112 | I43: =IF(OR(H43<60,H43>220),"분량 확인","")
A44: cards.7.deep.now.0 | B44: 07 파도를 타는 힘 · 돌고래 | C44: 지금의 마음 · 단락 1 | D44: 앞으로 나아가고 싶은 힘이 차오를 때는 마음이 조금 들뜨기도 하고 조급해지기도 해요. 방향이 어렴풋이 보인다는 건, 이미 내 안에서 무언가가 정리되기 시작했다는 신호예요. | E44: 초안 | H44: =LEN(IF(F44<>"",F44,D44)) -> 95 | I44: =IF(OR(H44<60,H44>220),"분량 확인","")
A45: cards.7.deep.now.1 | B45: 07 파도를 타는 힘 · 돌고래 | C45: 지금의 마음 · 단락 2 | D45: 지금 가장 가고 싶은 방향을 한 문장으로 말해 본다면 어떻게 될까요? 문장이 짧고 분명할수록 힘을 어디에 실을지 정하기 쉬워져요. | E45: 초안 | H45: =LEN(IF(F45<>"",F45,D45)) -> 72 | I45: =IF(OR(H45<60,H45>220),"분량 확인","")
A46: cards.7.deep.hold.0 | B46: 07 파도를 타는 힘 · 돌고래 | C46: 나를 붙잡는 것 · 단락 1 | D46: 여러 기대를 동시에 맞추려 하면 힘은 금방 흩어져요. 모두를 만족시키고 싶은 마음은 성실함이지만, 그 사이에서 내가 원래 가려던 방향이 흐려질 수 있어요. | E46: 초안 | H46: =LEN(IF(F46<>"",F46,D46)) -> 86 | I46: =IF(OR(H46<60,H46>220),"분량 확인","")
A47: cards.7.deep.hold.1 | B47: 07 파도를 타는 힘 · 돌고래 | C47: 나를 붙잡는 것 · 단락 2 | D47: 지금 내가 맞추려 애쓰는 기대들 가운데 꼭 지금 맞춰야 하는 것은 몇 개인가요? 몇 개는 다음으로 미뤄도 괜찮을 수 있어요. 쉬는 것도 다음 파도를 타기 위한 준비라는 걸 잊지 마세요. | E47: 초안 | G47: [Claude 점검 · 고침] '다음 파도'가 연속 두 문장에 반복 (전: 지금 내가 맞추려 애쓰는 기대들 가운데 꼭 지금 맞춰야 하는 것은 몇 개인가요? 몇 개는 다음 파도로 미뤄도 괜찮을 수 있어요. 쉬는 것도 다음 파도를 타기 위한 준비라는 걸 잊지 마세요.) | H47: =LEN(IF(F47<>"",F47,D47)) -> 103 | I47: =IF(OR(H47<60,H47>220),"분량 확인","")
A48: cards.7.deep.step.0 | B48: 07 파도를 타는 힘 · 돌고래 | C48: 다음 한 걸음 · 단락 1 | D48: 흐름을 이용한다는 건 이미 잘 되고 있는 것에 힘을 보태는 일이에요. 처음부터 새 길을 내기보다, 작게라도 움직이고 있는 쪽을 키우면 힘을 덜 들이고도 멀리 갈 수 있어요. | E48: 초안 | H48: =LEN(IF(F48<>"",F48,D48)) -> 96 | I48: =IF(OR(H48<60,H48>220),"분량 확인","")
A49: cards.7.deep.step.1 | B49: 07 파도를 타는 힘 · 돌고래 | C49: 다음 한 걸음 · 단락 2 | D49: 최근에 조금이라도 잘 풀렸던 일, 반응이 좋았던 시도를 떠올려 보세요. 이번 주에는 그 흐름에 한 번 더 힘을 실어 보는 건 어떨까요? 돌고래처럼 파도의 힘을 빌리면 움직임이 한결 가벼워져요. | E49: 초안 | H49: =LEN(IF(F49<>"",F49,D49)) -> 107 | I49: =IF(OR(H49<60,H49>220),"분량 확인","")
A50: cards.8.deep.now.0 | B50: 08 진주를 품는 힘 · 조개 | C50: 지금의 마음 · 단락 1 | D50: 드러내지 않은 불편함을 품고 하루를 지켜 낸다는 건 생각보다 많은 힘이 드는 일이에요. 아무도 몰라도, 그 시간을 지나온 내 마음의 수고는 충분히 알아줄 만해요. | E50: 초안 | G50: [Claude 점검 · 고침] '견뎌 온 당신의 마음은 이미 꽤 단단해져 있어요' - '당신' 호칭에 단정, 참고 견디는 것을 칭찬해 폭력·학대 상황에서 계속 견디라는 뜻으로 읽힐 수 있음. 역방향 위치해석('견디는 것만이 강한 거라는 생각이 도움을 청하는 길을 막고')과도 결이 부딪힘 (전: 드러내지 않은 불편함을 품고 하루를 지켜 낸다는 건 생각보다 많은 힘이 드는 일이에요. 아무도 몰라도, 그 시간을 견뎌 온 당신의 마음은 이미 꽤 단단해져 있어요.) | H50: =LEN(IF(F50<>"",F50,D50)) -> 90 | I50: =IF(OR(H50<60,H50>220),"분량 확인","")
A51: cards.8.deep.now.1 | B51: 08 진주를 품는 힘 · 조개 | C51: 지금의 마음 · 단락 2 | D51: 그 불편함이 처음 생긴 건 언제쯤이었나요? 정확히 기억나지 않아도 괜찮아요. '그동안 이걸 품고 있었구나' 하고 알아주는 것만으로도 마음의 긴장이 조금 풀릴 수 있어요. | E51: 초안 | H51: =LEN(IF(F51<>"",F51,D51)) -> 94 | I51: =IF(OR(H51<60,H51>220),"분량 확인","")
A52: cards.8.deep.hold.0 | B52: 08 진주를 품는 힘 · 조개 | C52: 나를 붙잡는 것 · 단락 1 | D52: 불편한 감정을 빨리 없애려 하면, 마음은 그 감정을 더 자주 확인하게 돼요. 밀어내는 데 쓰는 힘만큼 감정도 크게 느껴지는 거예요. | E52: 초안 | H52: =LEN(IF(F52<>"",F52,D52)) -> 73 | I52: =IF(OR(H52<60,H52>220),"분량 확인","")
A53: cards.8.deep.hold.1 | B53: 08 진주를 품는 힘 · 조개 | C53: 나를 붙잡는 것 · 단락 2 | D53: 감정이 올라올 때 '없어져야 해' 대신 '지금 이런 마음이 있구나' 하고 한 번 불러 보세요. 감정은 이름이 붙으면 덜 낯설어지고, 낯설지 않은 감정은 덜 무섭게 느껴져요. | E53: 초안 | G53: [Claude 점검 · 고침] '불러 줘 보세요' - 보조용언이 겹쳐 어색함 (전: 감정이 올라올 때 '없어져야 해' 대신 '지금 이런 마음이 있구나' 하고 한 번만 불러 줘 보세요. 감정은 이름이 붙으면 덜 낯설어지고, 낯설지 않은 감정은 덜 무섭게 느껴져요.) | H53: =LEN(IF(F53<>"",F53,D53)) -> 96 | I53: =IF(OR(H53<60,H53>220),"분량 확인","")
A54: cards.8.deep.step.0 | B54: 08 진주를 품는 힘 · 조개 | C54: 다음 한 걸음 · 단락 1 | D54: 조개는 모래알을 뱉어 내지 못할 때 그것을 감싸 진주로 만들어요. 불편함과 함께 있는 연습도 비슷해서, 감정을 바로 해결하지 못하는 시간이 마음의 결을 단단하게 다듬어 줄 수 있어요. | E54: 초안 | G54: [Claude 점검 · 고침] '해결하지 못하는 시간이 오히려 마음의 결을 단단하게 다듬어 줘요' - 단정이고, 고통을 견디는 시간이 이롭다는 뜻으로 읽혀 위기·폭력 상황에서 부적절할 수 있음 (전: 조개는 모래알을 뱉어 내지 못할 때 그것을 감싸 진주로 만들어요. 불편함과 함께 있는 연습도 비슷해서, 감정을 바로 해결하지 못하는 시간이 오히려 마음의 결을 단단하게 다듬어 줘요.) | H54: =LEN(IF(F54<>"",F54,D54)) -> 102 | I54: =IF(OR(H54<60,H54>220),"분량 확인","")
A55: cards.8.deep.step.1 | B55: 08 진주를 품는 힘 · 조개 | C55: 다음 한 걸음 · 단락 2 | D55: 불편한 마음이 올라올 때 5분 정도 숨을 천천히 쉬면서 그 감정이 몸 어디에 있는지 느껴 보세요. 바꾸려 하지 않고 곁에 두는 연습이 쌓이면, 같은 감정이 와도 덜 휩쓸리게 될 수 있어요. | E55: 초안 | G55: [Claude 점검 · 고침] '하루 중 5분'(정해 둔 시간)과 '올라오면'(그때그때)이 서로 어긋남 (전: 하루 중 5분, 불편한 마음이 올라오면 숨을 천천히 쉬면서 그 감정이 몸 어디에 있는지 느껴 보세요. 바꾸려 하지 않고 곁에 두는 연습이 쌓이면, 같은 감정이 와도 덜 휩쓸리게 될 수 있어요.) | H55: =LEN(IF(F55<>"",F55,D55)) -> 105 | I55: =IF(OR(H55<60,H55>220),"분량 확인","")
A56: cards.9.deep.now.0 | B56: 09 나만의 등불 · 바다의 노인 | C56: 지금의 마음 · 단락 1 | D56: 혼자 있고 싶은 마음은 관계가 싫어서라기보다, 안쪽을 정리할 공간이 필요해서일 때가 많아요. 말수가 줄어든 시기는 마음이 조용히 무언가를 소화하고 있는 시간일 수 있어요. | E56: 초안 | H56: =LEN(IF(F56<>"",F56,D56)) -> 95 | I56: =IF(OR(H56<60,H56>220),"분량 확인","")
A57: cards.9.deep.now.1 | B57: 09 나만의 등불 · 바다의 노인 | C57: 지금의 마음 · 단락 2 | D57: 요즘 혼자 있을 때 주로 어떤 생각을 하나요? 그 생각들 사이에 반복되는 질문이 있다면, 그게 지금 마음이 정리하려는 주제일 수 있어요. 노트 한 장에 그 질문을 적어 두는 것도 좋아요. | E57: 초안 | H57: =LEN(IF(F57<>"",F57,D57)) -> 104 | I57: =IF(OR(H57<60,H57>220),"분량 확인","")
A58: cards.9.deep.hold.0 | B58: 09 나만의 등불 · 바다의 노인 | C58: 나를 붙잡는 것 · 단락 1 | D58: 혼자이고 싶은 마음과 외로운 마음은 겉으로는 비슷해 보여서 쉽게 섞여요. 둘이 섞이면 사람을 만나도 지치고, 혼자 있어도 허전한 상태가 이어지기 쉬워요. | E58: 초안 | H58: =LEN(IF(F58<>"",F58,D58)) -> 85 | I58: =IF(OR(H58<60,H58>220),"분량 확인","")
A59: cards.9.deep.hold.1 | B59: 09 나만의 등불 · 바다의 노인 | C59: 나를 붙잡는 것 · 단락 2 | D59: 혼자 있을 때 마음이 편안해지나요, 아니면 점점 가라앉나요? 편안하다면 지금은 쉼이 필요한 거고, 가라앉는다면 누군가의 온기가 필요한 신호일 수 있어요. 그 차이를 알아차리는 것만으로도 필요한 게 보여요. | E59: 초안 | H59: =LEN(IF(F59<>"",F59,D59)) -> 114 | I59: =IF(OR(H59<60,H59>220),"분량 확인","")
A60: cards.9.deep.step.0 | B60: 09 나만의 등불 · 바다의 노인 | C60: 다음 한 걸음 · 단락 1 | D60: 의도적으로 가진 혼자만의 시간은 고립과 달라요. 나를 돌아보는 시간이 있어야 다시 사람들 사이로 돌아갈 힘도 생기니까요. 등불은 혼자 있어도 길을 잃지 않게 해 주는 작은 연결이에요. | E60: 초안 | H60: =LEN(IF(F60<>"",F60,D60)) -> 102 | I60: =IF(OR(H60<60,H60>220),"분량 확인","")
A61: cards.9.deep.step.1 | B61: 09 나만의 등불 · 바다의 노인 | C61: 다음 한 걸음 · 단락 2 | D61: 이번 주에 나만을 위한 조용한 시간을 하나 정해 두고, 그와 별개로 안부를 나눌 사람 한 명을 떠올려 보세요. 깊이 들어가는 시간과 이어져 있는 끈, 둘이 함께 있을 때 혼자의 시간이 더 따뜻해져요. | E61: 초안 | H61: =LEN(IF(F61<>"",F61,D61)) -> 111 | I61: =IF(OR(H61<60,H61>220),"분량 확인","")
A62: cards.10.deep.now.0 | B62: 10 물살의 순환 · 가오리 | C62: 지금의 마음 · 단락 1 | D62: 내 뜻과 상관없이 상황이 바뀔 때, 마음은 먼저 발 디딜 곳부터 찾으려 해요. 지금 살피고 두리번거리는 건 불안해서만이 아니라, 새로운 흐름에 맞춰 자리를 찾으려는 자연스러운 움직임이에요. | E62: 초안 | H62: =LEN(IF(F62<>"",F62,D62)) -> 105 | I62: =IF(OR(H62<60,H62>220),"분량 확인","")
A63: cards.10.deep.now.1 | B63: 10 물살의 순환 · 가오리 | C63: 지금의 마음 · 단락 2 | D63: 이 변화 속에서도 그대로인 것은 무엇인가요? 내 곁의 사람, 내가 지키는 습관, 내가 좋아하는 것처럼 변하지 않은 것을 떠올리면 흔들리는 물살 속에서도 붙잡을 곳이 생겨요. | E63: 초안 | H63: =LEN(IF(F63<>"",F63,D63)) -> 96 | I63: =IF(OR(H63<60,H63>220),"분량 확인","")
A64: cards.10.deep.hold.0 | B64: 10 물살의 순환 · 가오리 | C64: 나를 붙잡는 것 · 단락 1 | D64: 힘든 시기에는 지금 상태가 영원히 계속될 것만 같을 때가 있어요. 마음이 지친 만큼 시간도 멈춘 것처럼 느껴지기 때문이에요. | E64: 초안 | G64: [Claude 점검 · 고침] '느껴져요'와 '느껴지기 때문이에요'가 이어져 반복적이고 같은 말을 되풀이하는 느낌 (전: 힘든 시기에는 지금 상태가 영원히 계속될 것처럼 느껴져요. 마음이 지친 만큼 시간도 멈춘 것처럼 느껴지기 때문이에요.) | H64: =LEN(IF(F64<>"",F64,D64)) -> 69 | I64: =IF(OR(H64<60,H64>220),"분량 확인","")
A65: cards.10.deep.hold.1 | B65: 10 물살의 순환 · 가오리 | C65: 나를 붙잡는 것 · 단락 2 | D65: 지난 몇 년을 돌아보면 '그때는 끝나지 않을 것 같았는데 지나갔던' 시기가 있었나요? 그 기억을 잠시 꺼내 보세요. 물살은 늘 바뀌고, 지금의 물살도 그렇게 지나갈 수 있다는 걸 떠올리게 해 줘요. | E65: 초안 | G65: [Claude 점검 · 고침] '물살은 돌고' - 뜻이 모호함(돌고 돈다는 뜻인지 불분명) (전: 지난 몇 년을 돌아보면 '그때는 끝나지 않을 것 같았는데 지나갔던' 시기가 있었나요? 그 기억을 잠시 꺼내 보세요. 물살은 돌고, 지금의 물살도 같은 방식으로 지나갈 수 있다는 걸 떠올리게 해 줘요.) | H65: =LEN(IF(F65<>"",F65,D65)) -> 110 | I65: =IF(OR(H65<60,H65>220),"분량 확인","")
A66: cards.10.deep.step.0 | B66: 10 물살의 순환 · 가오리 | C66: 다음 한 걸음 · 단락 1 | D66: 흐름을 받아들인다는 건 포기와 달라요. 바꿀 수 없는 것에 쓰던 힘을 거둬들이고, 그 힘을 내가 고를 수 있는 작은 움직임에 옮기는 일이에요. | E66: 초안 | H66: =LEN(IF(F66<>"",F66,D66)) -> 79 | I66: =IF(OR(H66<60,H66>220),"분량 확인","")
A67: cards.10.deep.step.1 | B67: 10 물살의 순환 · 가오리 | C67: 다음 한 걸음 · 단락 2 | D67: 지금 상황에서 내가 고를 수 있는 것 세 가지를 적어 보세요. 아주 작아도 괜찮아요. 하루를 시작하는 방식, 정보를 보는 시간, 기댈 사람처럼 내 손에 있는 선택이 모이면 방향을 잃지 않을 수 있어요. | E67: 초안 | H67: =LEN(IF(F67<>"",F67,D67)) -> 112 | I67: =IF(OR(H67<60,H67>220),"분량 확인","")
A68: cards.11.deep.now.0 | B68: 11 고요한 균형 · 백조 | C68: 지금의 마음 · 단락 1 | D68: 무엇이 옳은지 따져 보는 마음은 억울함이나 미안함처럼 공정함에 닿아 있는 감정에서 나와요. 마음이 분주한 건 그만큼 이 일을 바르게 정리하고 싶다는 뜻이에요. | E68: 초안 | H68: =LEN(IF(F68<>"",F68,D68)) -> 88 | I68: =IF(OR(H68<60,H68>220),"분량 확인","")
A69: cards.11.deep.now.1 | B69: 11 고요한 균형 · 백조 | C69: 지금의 마음 · 단락 2 | D69: 지금 저울 위에 올려진 건 무엇과 무엇인가요? 사람과 사람일 수도, 나의 마음과 나의 책임일 수도 있어요. 무엇을 재고 있는지 알면 저울질이 덜 혼란스러워져요. | E69: 초안 | H69: =LEN(IF(F69<>"",F69,D69)) -> 89 | I69: =IF(OR(H69<60,H69>220),"분량 확인","")
A70: cards.11.deep.hold.0 | B70: 11 고요한 균형 · 백조 | C70: 나를 붙잡는 것 · 단락 1 | D70: 남에게는 사정이 있었겠다고 이해하면서, 나에게는 '그러면 안 됐어'라고 말하기 쉬워요. 한쪽 이야기만 되풀이하다 보면 저울은 점점 기울고 결론도 서두르게 돼요. | E70: 초안 | H70: =LEN(IF(F70<>"",F70,D70)) -> 89 | I70: =IF(OR(H70<60,H70>220),"분량 확인","")
A71: cards.11.deep.hold.1 | B71: 11 고요한 균형 · 백조 | C71: 나를 붙잡는 것 · 단락 2 | D71: 같은 일을 소중한 친구가 겪었다면 어떻게 판단해 줄까요? 그 기준을 나에게도 똑같이 적용해 보세요. 공정한 저울은 남에게만이 아니라 나에게도 내밀 수 있어요. | E71: 초안 | H71: =LEN(IF(F71<>"",F71,D71)) -> 88 | I71: =IF(OR(H71<60,H71>220),"분량 확인","")
A72: cards.11.deep.step.0 | B72: 11 고요한 균형 · 백조 | C72: 다음 한 걸음 · 단락 1 | D72: 사실과 해석을 나누면 감정의 온도가 조금 내려가요. 실제로 일어난 일과, 그 일에 내가 붙인 의미를 따로 보면 어디까지가 사실이고 어디부터가 내 해석인지 조금 더 또렷해져요. | E72: 초안 | G72: [Claude 점검 · 고침] '단정할 수 없는 부분이 많다는 걸 알게 돼요' - 단정이고, 폭력·부당한 대우를 겪은 사람에게 '네 해석일 수 있다'는 식으로 경험을 깎아내리는 말로 읽힐 수 있음 (전: 사실과 해석을 나누면 감정의 온도가 조금 내려가요. 실제로 일어난 일과, 그 일에 내가 붙인 의미를 따로 보면 생각보다 단정할 수 없는 부분이 많다는 걸 알게 돼요.) | H72: =LEN(IF(F72<>"",F72,D72)) -> 97 | I72: =IF(OR(H72<60,H72>220),"분량 확인","")
A73: cards.11.deep.step.1 | B73: 11 고요한 균형 · 백조 | C73: 다음 한 걸음 · 단락 2 | D73: 종이에 두 칸을 만들어 왼쪽에는 '있었던 일', 오른쪽에는 '내가 느끼고 해석한 것'을 적어 보세요. 마음이 가라앉은 뒤 다시 읽으면, 양쪽을 조금 더 고요하게 저울에 올릴 수 있어요. | E73: 초안 | H73: =LEN(IF(F73<>"",F73,D73)) -> 103 | I73: =IF(OR(H73<60,H73>220),"분량 확인","")
A74: cards.12.deep.now.0 | B74: 12 바위 위의 쉼 · 물범 | C74: 지금의 마음 · 단락 1 | D74: 열심히 해 왔는데 앞으로 나아가지 않는 느낌이 들 때, 몸과 마음은 대개 이미 꽤 지쳐 있어요. 지금의 쉬고 싶은 마음은 게으름이 아니라 오래 버텨 온 나를 위한 정직한 신호예요. | E74: 초안 | H74: =LEN(IF(F74<>"",F74,D74)) -> 100 | I74: =IF(OR(H74<60,H74>220),"분량 확인","")
A75: cards.12.deep.now.1 | B75: 12 바위 위의 쉼 · 물범 | C75: 지금의 마음 · 단락 2 | D75: 최근 '정말 쉬었다'고 느낀 날이 언제였나요? 떠오르지 않는다면 지금이 그 시간을 만들 때일 수 있어요. 쉼은 상을 받듯 얻는 게 아니라, 계속 가기 위해 필요한 것이에요. | E75: 초안 | H75: =LEN(IF(F75<>"",F75,D75)) -> 96 | I75: =IF(OR(H75<60,H75>220),"분량 확인","")
A76: cards.12.deep.hold.0 | B76: 12 바위 위의 쉼 · 물범 | C76: 나를 붙잡는 것 · 단락 1 | D76: 쉬면 뒤처질 것 같은 마음은 많은 걸 잘 해내고 싶은 사람에게 자주 찾아와요. 그 마음이 있으면 몸은 멈춰도 머리는 계속 일을 붙잡고 있어서, 쉬고 나도 개운하지 않기 쉬워요. | E76: 초안 | H76: =LEN(IF(F76<>"",F76,D76)) -> 98 | I76: =IF(OR(H76<60,H76>220),"분량 확인","")
A77: cards.12.deep.hold.1 | B77: 12 바위 위의 쉼 · 물범 | C77: 나를 붙잡는 것 · 단락 2 | D77: 쉬는 시간에 머릿속에서 무엇이 가장 자주 떠오르나요? 그것을 종이에 적어 두고 '이건 내일의 내가 볼게' 하고 잠시 맡겨 보세요. 생각을 밖에 내려놓으면 몸과 함께 마음도 쉴 자리가 생겨요. | E77: 초안 | H77: =LEN(IF(F77<>"",F77,D77)) -> 106 | I77: =IF(OR(H77<60,H77>220),"분량 확인","")
A78: cards.12.deep.step.0 | B78: 12 바위 위의 쉼 · 물범 | C78: 다음 한 걸음 · 단락 1 | D78: 진짜 멈춤은 아무것도 하지 않는 시간이 아니라, 해야 할 일에서 잠시 눈을 떼는 시간이에요. 멈춰 있는 동안 마음은 그동안 보지 못한 것을 천천히 정리해요. | E78: 초안 | H78: =LEN(IF(F78<>"",F78,D78)) -> 87 | I78: =IF(OR(H78<60,H78>220),"분량 확인","")
A79: cards.12.deep.step.1 | B79: 12 바위 위의 쉼 · 물범 | C79: 다음 한 걸음 · 단락 2 | D79: 하루 중 15분이라도 일과 상관없는 시간을 정해 두세요. 창밖 보기, 산책, 좋아하는 음악 듣기처럼 결과가 필요 없는 일이면 좋아요. 고개를 거꾸로 한 물범처럼, 쉰 뒤에야 보이는 길이 있어요. | E79: 초안 | H79: =LEN(IF(F79<>"",F79,D79)) -> 108 | I79: =IF(OR(H79<60,H79>220),"분량 확인","")
A80: cards.13.deep.now.0 | B80: 13 새 집으로 이사 · 소라게 | C80: 지금의 마음 · 단락 1 | D80: 무언가가 끝날 때 마음은 대개 상황보다 한발 늦게 따라와요. 아쉬움과 홀가분함이 함께 드는 건 이상한 게 아니라, 그 시간이 나에게 의미 있었다는 증거예요. | E80: 초안 | G80: [Claude 점검 · 고침] '마음은 몸보다 늦게 따라와요' - 끝나는 상황에서 '몸'과의 비교가 어색함(위치해석은 '마음이 아직 따라가지 못하고') (전: 무언가가 끝날 때 마음은 대개 몸보다 늦게 따라와요. 아쉬움과 홀가분함이 함께 드는 건 이상한 게 아니라, 그 시간이 나에게 의미 있었다는 증거예요.) | H80: =LEN(IF(F80<>"",F80,D80)) -> 87 | I80: =IF(OR(H80<60,H80>220),"분량 확인","")
A81: cards.13.deep.now.1 | B81: 13 새 집으로 이사 · 소라게 | C81: 지금의 마음 · 단락 2 | D81: 끝나 가는 것에서 내가 가장 아쉬운 것은 무엇이고, 가장 가벼워지는 것은 무엇인가요? 두 가지를 나란히 놓고 보면, 놓아 보내는 일이 잃는 것만은 아니라는 걸 느낄 수 있어요. | E81: 초안 | H81: =LEN(IF(F81<>"",F81,D81)) -> 98 | I81: =IF(OR(H81<60,H81>220),"분량 확인","")
A82: cards.13.deep.hold.0 | B82: 13 새 집으로 이사 · 소라게 | C82: 나를 붙잡는 것 · 단락 1 | D82: 익숙한 것은 불편해도 예측할 수 있어서 안전하게 느껴져요. 그래서 이미 작아진 껍데기라도 쉽게 내려놓지 못하고, 끝을 인정하는 일이 실패처럼 느껴지기도 해요. | E82: 초안 | H82: =LEN(IF(F82<>"",F82,D82)) -> 88 | I82: =IF(OR(H82<60,H82>220),"분량 확인","")
A83: cards.13.deep.hold.1 | B83: 13 새 집으로 이사 · 소라게 | C83: 나를 붙잡는 것 · 단락 2 | D83: 지금 붙잡고 있는 것이 여전히 나를 지켜 주고 있나요, 아니면 나를 좁게 만들고 있나요? 정답을 정하지 않아도 괜찮아요. 그 질문을 가만히 품어 보는 것만으로도 마음이 다음 집을 떠올리기 시작해요. | E83: 초안 | H83: =LEN(IF(F83<>"",F83,D83)) -> 110 | I83: =IF(OR(H83<60,H83>220),"분량 확인","")
A84: cards.13.deep.step.0 | B84: 13 새 집으로 이사 · 소라게 | C84: 다음 한 걸음 · 단락 1 | D84: 끝을 잘 보내는 작은 의식은 마음이 '이제 넘어가도 된다'고 받아들이게 도와줘요. 고마웠던 것을 정리하고 나면, 내려놓는 일이 버리는 일이 아니라 다음으로 옮겨 가는 일로 느껴져요. | E84: 초안 | H84: =LEN(IF(F84<>"",F84,D84)) -> 101 | I84: =IF(OR(H84<60,H84>220),"분량 확인","")
A85: cards.13.deep.step.1 | B85: 13 새 집으로 이사 · 소라게 | C85: 다음 한 걸음 · 단락 2 | D85: 고마웠던 것 세 가지와 이제 내려놓을 것 세 가지를 적어 보세요. 사진 한 장을 정리하거나 짧은 편지를 써 보는 것도 좋아요. 소라게가 새 집을 고르듯, 지금의 나에게 맞는 크기의 자리를 찾아갈 수 있어요. | E85: 초안 | H85: =LEN(IF(F85<>"",F85,D85)) -> 115 | I85: =IF(OR(H85<60,H85>220),"분량 확인","")
A86: cards.14.deep.now.0 | B86: 14 물과 뭍 사이 · 개구리 | C86: 지금의 마음 · 단락 1 | D86: 두 가지 사이에서 균형을 찾으려는 건 둘 다 소중하기 때문이에요. 어느 하나도 버리고 싶지 않은 마음이 저울질을 길게 만들지만, 그건 삶을 넓게 품으려는 노력이기도 해요. | E86: 초안 | H86: =LEN(IF(F86<>"",F86,D86)) -> 95 | I86: =IF(OR(H86<60,H86>220),"분량 확인","")
A87: cards.14.deep.now.1 | B87: 14 물과 뭍 사이 · 개구리 | C87: 지금의 마음 · 단락 2 | D87: 지금 저울의 양쪽에 놓인 것은 무엇인가요? 각각을 떠올릴 때 드는 느낌을 한 단어로 적어 보세요. 마음이 어느 쪽에 더 오래 머무는지 보이면 지금 필요한 비율도 함께 보여요. | E87: 초안 | H87: =LEN(IF(F87<>"",F87,D87)) -> 97 | I87: =IF(OR(H87<60,H87>220),"분량 확인","")
A88: cards.14.deep.hold.0 | B88: 14 물과 뭍 사이 · 개구리 | C88: 나를 붙잡는 것 · 단락 1 | D88: '전부 아니면 전무'의 생각은 선택을 단순하게 만들어 주는 것 같지만, 실제로는 어느 쪽도 고르지 못하게 만들어요. 하나를 고르면 다른 하나를 완전히 잃을 것 같아서예요. | E88: 초안 | H88: =LEN(IF(F88<>"",F88,D88)) -> 95 | I88: =IF(OR(H88<60,H88>220),"분량 확인","")
A89: cards.14.deep.hold.1 | B89: 14 물과 뭍 사이 · 개구리 | C89: 나를 붙잡는 것 · 단락 2 | D89: 둘 중 하나를 고르는 대신 '조금 더'와 '조금 덜'로 바꿔 생각해 보면 어떨까요? 완전히 고르지 않아도 비율을 조정할 수는 있어요. 그 여지가 보이면 마음의 긴장이 한결 풀려요. | E89: 초안 | H89: =LEN(IF(F89<>"",F89,D89)) -> 100 | I89: =IF(OR(H89<60,H89>220),"분량 확인","")
A90: cards.14.deep.step.0 | B90: 14 물과 뭍 사이 · 개구리 | C90: 다음 한 걸음 · 단락 1 | D90: 알맞은 비율은 한 번 정하면 끝나는 게 아니라 날마다 달라질 수 있어요. 개구리가 물과 뭍을 오가듯, 오늘 필요한 쪽에 조금 더 머물렀다가 내일 다시 조절하면 돼요. | E90: 초안 | H90: =LEN(IF(F90<>"",F90,D90)) -> 92 | I90: =IF(OR(H90<60,H90>220),"분량 확인","")
A91: cards.14.deep.step.1 | B91: 14 물과 뭍 사이 · 개구리 | C91: 다음 한 걸음 · 단락 2 | D91: 이번 주의 비율을 숫자로 정해 보세요. 일과 쉼을 7 대 3으로, 나와 관계를 6 대 4로 두는 식으로요. 주말에 돌아보며 다음 주 비율을 다시 맞추면, 균형이 하나의 정답이 아니라 내가 조절하는 감각이 돼요. | E91: 초안 | H91: =LEN(IF(F91<>"",F91,D91)) -> 117 | I91: =IF(OR(H91<60,H91>220),"분량 확인","")
A92: cards.15.deep.now.0 | B92: 15 부풀어 오른 마음 · 복어 | C92: 지금의 마음 · 단락 1 | D92: 마음이 날이 서 있을 때는 스스로도 내가 예민하다고 탓하기 쉬워요. 하지만 부풀어 오른 마음은 지키고 싶은 무언가가 있다는 뜻이고, 그만큼 그동안 애써 왔다는 흔적이기도 해요. | E92: 초안 | H92: =LEN(IF(F92<>"",F92,D92)) -> 98 | I92: =IF(OR(H92<60,H92>220),"분량 확인","")
A93: cards.15.deep.now.1 | B93: 15 부풀어 오른 마음 · 복어 | C93: 지금의 마음 · 단락 2 | D93: 요즘 유독 예민해지는 순간이 언제인지 떠올려 보세요. 특정한 말, 상황, 시간대가 있을 수 있어요. 그 순간을 알면 내가 무엇을 지키려고 부풀었는지도 함께 보이기 시작해요. | E93: 초안 | H93: =LEN(IF(F93<>"",F93,D93)) -> 96 | I93: =IF(OR(H93<60,H93>220),"분량 확인","")
A94: cards.15.deep.hold.0 | B94: 15 부풀어 오른 마음 · 복어 | C94: 나를 붙잡는 것 · 단락 1 | D94: 불안할 때 반복하는 습관은 그 순간에는 잠깐 마음을 편하게 해 주기도 해요. 그래서 계속하게 되지만, 습관이 길어지면 불안을 달래 주던 방법이 오히려 나를 붙잡는 끈이 되기도 해요. | E94: 초안 | G94: [Claude 점검 · 고침] '그 순간에는 분명 도움이 돼요' - 단정어 '분명'. 불안할 때 반복하는 습관에 자해·음주 등이 포함될 수 있어 '분명 도움이 된다'는 말은 위험 (전: 불안할 때 반복하는 습관은 그 순간에는 분명 도움이 돼요. 그래서 계속하게 되지만, 습관이 길어지면 불안을 달래 주던 방법이 오히려 나를 붙잡는 끈이 되기도 해요.) | H94: =LEN(IF(F94<>"",F94,D94)) -> 101 | I94: =IF(OR(H94<60,H94>220),"분량 확인","")
A95: cards.15.deep.hold.1 | B95: 15 부풀어 오른 마음 · 복어 | C95: 나를 붙잡는 것 · 단락 2 | D95: 불안할 때 내가 가장 자주 하는 행동은 무엇인가요? 그 행동을 한 뒤 마음이 정말 편해졌는지, 잠깐 편했다가 다시 불안해졌는지 살펴보세요. 탓하려는 게 아니라, 나를 더 잘 돕는 방법을 찾기 위해서예요. | E95: 초안 | H95: =LEN(IF(F95<>"",F95,D95)) -> 113 | I95: =IF(OR(H95<60,H95>220),"분량 확인","")
A96: cards.15.deep.step.0 | B96: 15 부풀어 오른 마음 · 복어 | C96: 다음 한 걸음 · 단락 1 | D96: 알아차림은 습관을 억지로 끊는 것보다 부드러운 출발점이에요. '지금 내가 부풀었구나' 하고 이름을 붙이면, 자동으로 움직이던 반응 사이에 잠깐의 틈이 생겨요. | E96: 초안 | H96: =LEN(IF(F96<>"",F96,D96)) -> 88 | I96: =IF(OR(H96<60,H96>220),"분량 확인","")
A97: cards.15.deep.step.1 | B97: 15 부풀어 오른 마음 · 복어 | C97: 다음 한 걸음 · 단락 2 | D97: 부풀어 오르는 순간을 느끼면 숨을 세 번 천천히 쉬고, 그 순간을 짧게 메모해 보세요. 일주일만 모아도 내 가시가 언제 서는지 지도가 그려져요. 복어가 위험이 지나가면 다시 작아지듯, 마음도 제 크기로 돌아올 수 있어요. | E97: 초안 | H97: =LEN(IF(F97<>"",F97,D97)) -> 123 | I97: =IF(OR(H97<60,H97>220),"분량 확인","")
A98: cards.16.deep.now.0 | B98: 16 다시 쌓는 둑 · 비버 | C98: 지금의 마음 · 단락 1 | D98: 믿어 왔던 것이 흔들리면 마음은 한동안 멍해지기도 하고, 허탈함과 당황스러움이 번갈아 찾아오기도 해요. 그건 약해서가 아니라, 그만큼 그 계획이나 기대에 마음을 쏟아 왔다는 뜻이에요. | E98: 초안 | G98: [Claude 점검 · 고침] '그 계획에' - 위치해석은 '계획이나 기대'인데 계획으로만 좁혀 관계 고민 등에서 어색함 (전: 믿어 왔던 것이 흔들리면 마음은 한동안 멍해지기도 하고, 허탈함과 당황스러움이 번갈아 찾아오기도 해요. 그건 약해서가 아니라, 그만큼 그 계획에 마음을 쏟아 왔다는 뜻이에요.) | H98: =LEN(IF(F98<>"",F98,D98)) -> 102 | I98: =IF(OR(H98<60,H98>220),"분량 확인","")
A99: cards.16.deep.now.1 | B99: 16 다시 쌓는 둑 · 비버 | C99: 지금의 마음 · 단락 2 | D99: 지금 가장 크게 흔들린 것은 무엇이고, 그래도 여전히 남아 있는 것은 무엇인가요? 당장은 무너진 쪽만 보이겠지만, 남은 쪽을 한 줄이라도 적어 두면 다시 시작할 자리가 보여요. | E99: 초안 | H99: =LEN(IF(F99<>"",F99,D99)) -> 98 | I99: =IF(OR(H99<60,H99>220),"분량 확인","")
A100: cards.16.deep.hold.0 | B100: 16 다시 쌓는 둑 · 비버 | C100: 나를 붙잡는 것 · 단락 1 | D100: '처음부터 다시'라고 생각하면 해야 할 일이 한꺼번에 눈앞에 쌓여 보여요. 그러면 마음은 시작하기보다 멈추는 쪽을 택하기 쉬워요. | E100: 초안 | G100: [Claude 점검 · 고침] 첫 문장이 위치해석('처음부터 다시'라는 생각이 너무 커서 손을 대기 어려울)을 거의 그대로 반복하고, '해야 할 일이 한꺼번에'와 이어지며 내용이 겹침 (전: '처음부터 다시'라는 말은 너무 커서 손을 대기 어렵게 만들어요. 해야 할 일이 한꺼번에 보이면 마음은 시작하기보다 멈추는 쪽을 택하기 쉬워요.) | H100: =LEN(IF(F100<>"",F100,D100)) -> 72 | I100: =IF(OR(H100<60,H100>220),"분량 확인","")
...

Sheet 핵심메시지
A1: ID (수정 금지) | B1: 카드 · 분류 | C1: 항목 | D1: 현재 문장 (초안) | E1: 상태 | F1: 수정안 | G1: 검수 메모 | H1: 최종 글자 수 | I1: 분량
A2: cards.0.core | B2: 00 첫 물장구 · 수달 | C2: 핵심 메시지 · 정방향 | D2: 완벽하게 준비되지 않아도 첫 물장구는 칠 수 있어요. | E2: 초안 | H2: =LEN(IF(F2<>"",F2,D2)) -> 29 | I2: =IF(OR(H2<12,H2>60),"분량 확인","")
A3: cards.0.reversed.core | B3: 00 첫 물장구 · 수달 | C3: 핵심 메시지 · 역방향 | D3: 시작하고 싶은 마음이 아직 물가에서 망설이고 있어요. | E3: 초안 | H3: =LEN(IF(F3<>"",F3,D3)) -> 29 | I3: =IF(OR(H3<12,H3>60),"분량 확인","")
A4: cards.1.core | B4: 01 여덟 갈래의 손 · 문어 | C4: 핵심 메시지 · 정방향 | D4: 필요한 것은 이미 내 손 안에 꽤 많이 있어요. | E4: 초안 | G4: [Claude 점검 · 고침] '당신' 사용 (전: 필요한 것은 이미 당신 손 안에 꽤 많이 있어요.) | H4: =LEN(IF(F4<>"",F4,D4)) -> 26 | I4: =IF(OR(H4<12,H4>60),"분량 확인","")
A5: cards.1.reversed.core | B5: 01 여덟 갈래의 손 · 문어 | C5: 핵심 메시지 · 역방향 | D5: 가진 힘이 여기저기 흩어져 제자리를 찾지 못하고 있어요. | E5: 초안 | H5: =LEN(IF(F5<>"",F5,D5)) -> 31 | I5: =IF(OR(H5<12,H5>60),"분량 확인","")
A6: cards.2.core | B6: 02 고요히 바라보기 · 왜가리 | C6: 핵심 메시지 · 정방향 | D6: 답은 조용해질 때 비로소 들리기도 해요. | E6: 초안 | H6: =LEN(IF(F6<>"",F6,D6)) -> 22 | I6: =IF(OR(H6<12,H6>60),"분량 확인","")
A7: cards.2.reversed.core | B7: 02 고요히 바라보기 · 왜가리 | C7: 핵심 메시지 · 역방향 | D7: 내 안의 목소리가 소음에 묻혀 잘 들리지 않아요. | E7: 초안 | H7: =LEN(IF(F7<>"",F7,D7)) -> 27 | I7: =IF(OR(H7<12,H7>60),"분량 확인","")
A8: cards.3.core | B8: 03 품어 주는 품 · 해달 | C8: 핵심 메시지 · 정방향 | D8: 다른 이를 품듯, 이제 나를 품어 줄 차례예요. | E8: 초안 | H8: =LEN(IF(F8<>"",F8,D8)) -> 26 | I8: =IF(OR(H8<12,H8>60),"분량 확인","")
A9: cards.3.reversed.core | B9: 03 품어 주는 품 · 해달 | C9: 핵심 메시지 · 역방향 | D9: 남을 품느라 정작 나는 비어 있어요. | E9: 초안 | H9: =LEN(IF(F9<>"",F9,D9)) -> 20 | I9: =IF(OR(H9<12,H9>60),"분량 확인","")
A10: cards.4.core | B10: 04 지키는 자리 · 펭귄 | C10: 핵심 메시지 · 정방향 | D10: 흔들릴수록 작은 질서 하나가 나를 지켜 줘요. | E10: 초안 | H10: =LEN(IF(F10<>"",F10,D10)) -> 25 | I10: =IF(OR(H10<12,H10>60),"분량 확인","")
A11: cards.4.reversed.core | B11: 04 지키는 자리 · 펭귄 | C11: 핵심 메시지 · 역방향 | D11: 지키려는 힘이 너무 단단해져 나를 가두고 있어요. | E11: 초안 | H11: =LEN(IF(F11<>"",F11,D11)) -> 27 | I11: =IF(OR(H11<12,H11>60),"분량 확인","")
A12: cards.5.core | B12: 05 오래된 지혜 · 거북 | C12: 핵심 메시지 · 정방향 | D12: 혼자 답을 찾지 않아도 돼요. 먼저 걸어간 이들의 지혜가 있어요. | E12: 초안 | H12: =LEN(IF(F12<>"",F12,D12)) -> 36 | I12: =IF(OR(H12<12,H12>60),"분량 확인","")
A13: cards.5.reversed.core | B13: 05 오래된 지혜 · 거북 | C13: 핵심 메시지 · 역방향 | D13: 도움을 구하는 문을 아직 두드리지 못하고 있어요. | E13: 초안 | G13: [Claude 점검 · 고침] '도움을 구하는 길이 닫혀 있어요'는 위기 상황에서 절망적으로 읽힘 (전: 도움을 구하는 길이 아직 닫혀 있어요.) | H13: =LEN(IF(F13<>"",F13,D13)) -> 27 | I13: =IF(OR(H13<12,H13>60),"분량 확인","")
A14: cards.6.core | B14: 06 나란히 헤엄 · 원앙 | C14: 핵심 메시지 · 정방향 | D14: 마음이 원하는 연결은 나다운 선택에서 시작돼요. | E14: 초안 | H14: =LEN(IF(F14<>"",F14,D14)) -> 26 | I14: =IF(OR(H14<12,H14>60),"분량 확인","")
A15: cards.6.reversed.core | B15: 06 나란히 헤엄 · 원앙 | C15: 핵심 메시지 · 역방향 | D15: 연결과 선택 사이에서 마음이 엇갈려 있어요. | E15: 초안 | H15: =LEN(IF(F15<>"",F15,D15)) -> 24 | I15: =IF(OR(H15<12,H15>60),"분량 확인","")
A16: cards.7.core | B16: 07 파도를 타는 힘 · 돌고래 | C16: 핵심 메시지 · 정방향 | D16: 힘껏 거스르기보다 파도를 타고 나아가요. | E16: 초안 | H16: =LEN(IF(F16<>"",F16,D16)) -> 22 | I16: =IF(OR(H16<12,H16>60),"분량 확인","")
A17: cards.7.reversed.core | B17: 07 파도를 타는 힘 · 돌고래 | C17: 핵심 메시지 · 역방향 | D17: 나아가려는 힘이 방향을 잃고 맴돌고 있어요. | E17: 초안 | H17: =LEN(IF(F17<>"",F17,D17)) -> 24 | I17: =IF(OR(H17<12,H17>60),"분량 확인","")
A18: cards.8.core | B18: 08 진주를 품는 힘 · 조개 | C18: 핵심 메시지 · 정방향 | D18: 불편한 감정을 품어 주는 시간이 단단함을 만들어요. | E18: 초안 | G18: [Claude 점검 · 고침] '불편함을 품는 시간'이 상황(폭력 등)을 참으라는 뜻으로 읽힐 수 있음 (전: 불편함을 품는 시간이 단단함을 만들어요.) | H18: =LEN(IF(F18<>"",F18,D18)) -> 28 | I18: =IF(OR(H18<12,H18>60),"분량 확인","")
A19: cards.8.reversed.core | B19: 08 진주를 품는 힘 · 조개 | C19: 핵심 메시지 · 역방향 | D19: 불편함을 너무 오래 혼자 품고 있어요. | E19: 초안 | H19: =LEN(IF(F19<>"",F19,D19)) -> 21 | I19: =IF(OR(H19<12,H19>60),"분량 확인","")
A20: cards.9.core | B20: 09 나만의 등불 · 바다의 노인 | C20: 핵심 메시지 · 정방향 | D20: 혼자 있는 시간은 나를 비추는 등불이 될 수 있어요. | E20: 초안 | H20: =LEN(IF(F20<>"",F20,D20)) -> 29 | I20: =IF(OR(H20<12,H20>60),"분량 확인","")
A21: cards.9.reversed.core | B21: 09 나만의 등불 · 바다의 노인 | C21: 핵심 메시지 · 역방향 | D21: 혼자만의 시간이 쉼이 아니라 고립이 되어 가고 있어요. | E21: 초안 | H21: =LEN(IF(F21<>"",F21,D21)) -> 30 | I21: =IF(OR(H21<12,H21>60),"분량 확인","")
A22: cards.10.core | B22: 10 물살의 순환 · 가오리 | C22: 핵심 메시지 · 정방향 | D22: 지금의 물살도 지나가요. 흐름은 돌고 돌아요. | E22: 초안 | H22: =LEN(IF(F22<>"",F22,D22)) -> 25 | I22: =IF(OR(H22<12,H22>60),"분량 확인","")
A23: cards.10.reversed.core | B23: 10 물살의 순환 · 가오리 | C23: 핵심 메시지 · 역방향 | D23: 변화의 흐름에 맞서느라 힘이 잔뜩 들어가 있어요. | E23: 초안 | H23: =LEN(IF(F23<>"",F23,D23)) -> 27 | I23: =IF(OR(H23<12,H23>60),"분량 확인","")
A24: cards.11.core | B24: 11 고요한 균형 · 백조 | C24: 핵심 메시지 · 정방향 | D24: 나에게도 공정한 저울을 내밀어 보세요. | E24: 초안 | H24: =LEN(IF(F24<>"",F24,D24)) -> 21 | I24: =IF(OR(H24<12,H24>60),"분량 확인","")
A25: cards.11.reversed.core | B25: 11 고요한 균형 · 백조 | C25: 핵심 메시지 · 역방향 | D25: 저울이 한쪽으로 기울어 있어요. | E25: 초안 | H25: =LEN(IF(F25<>"",F25,D25)) -> 17 | I25: =IF(OR(H25<12,H25>60),"분량 확인","")
A26: cards.12.core | B26: 12 바위 위의 쉼 · 물범 | C26: 핵심 메시지 · 정방향 | D26: 멈춤은 뒤처짐이 아니라 다르게 보기 위한 시간이에요. | E26: 초안 | H26: =LEN(IF(F26<>"",F26,D26)) -> 29 | I26: =IF(OR(H26<12,H26>60),"분량 확인","")
A27: cards.12.reversed.core | B27: 12 바위 위의 쉼 · 물범 | C27: 핵심 메시지 · 역방향 | D27: 멈춰 있는 시간이 쉼이 아니라 정체처럼 느껴져요. | E27: 초안 | H27: =LEN(IF(F27<>"",F27,D27)) -> 27 | I27: =IF(OR(H27<12,H27>60),"분량 확인","")
A28: cards.13.core | B28: 13 새 집으로 이사 · 소라게 | C28: 핵심 메시지 · 정방향 | D28: 맞지 않는 껍데기를 내려놓을 때 새 집으로 옮겨 갈 수 있어요. | E28: 초안 | G28: [Claude 점검 · 고침] '-아야 들어갈 수 있어요'가 지금 관계·직장을 떠나야 한다는 단정으로 읽힐 수 있음 (전: 맞지 않는 껍데기를 내려놓아야 새 집에 들어갈 수 있어요.) | H28: =LEN(IF(F28<>"",F28,D28)) -> 35 | I28: =IF(OR(H28<12,H28>60),"분량 확인","")
A29: cards.13.reversed.core | B29: 13 새 집으로 이사 · 소라게 | C29: 핵심 메시지 · 역방향 | D29: 내려놓을 것을 아직 놓지 못하고 있어요. | E29: 초안 | G29: [Claude 점검 · 고침] '끝내야 할 것'이 관계 종료 권유나 위기 상황에서 위험하게 읽힐 수 있음 (전: 끝내야 할 것을 아직 놓지 못하고 있어요.) | H29: =LEN(IF(F29<>"",F29,D29)) -> 22 | I29: =IF(OR(H29<12,H29>60),"분량 확인","")
A30: cards.14.core | B30: 14 물과 뭍 사이 · 개구리 | C30: 핵심 메시지 · 정방향 | D30: 양쪽 다 내 삶이에요. 알맞게 섞으면 돼요. | E30: 초안 | H30: =LEN(IF(F30<>"",F30,D30)) -> 24 | I30: =IF(OR(H30<12,H30>60),"분량 확인","")
A31: cards.14.reversed.core | B31: 14 물과 뭍 사이 · 개구리 | C31: 핵심 메시지 · 역방향 | D31: 한쪽으로 치우쳐 균형이 흔들리고 있어요. | E31: 초안 | H31: =LEN(IF(F31<>"",F31,D31)) -> 22 | I31: =IF(OR(H31<12,H31>60),"분량 확인","")
A32: cards.15.core | B32: 15 부풀어 오른 마음 · 복어 | C32: 핵심 메시지 · 정방향 | D32: 나를 지키려던 가시가 나를 묶고 있지 않은지 살펴봐요. | E32: 초안 | H32: =LEN(IF(F32<>"",F32,D32)) -> 30 | I32: =IF(OR(H32<12,H32>60),"분량 확인","")
A33: cards.15.reversed.core | B33: 15 부풀어 오른 마음 · 복어 | C33: 핵심 메시지 · 역방향 | D33: 나를 묶던 방어가 조금씩 풀리기 시작해요. | E33: 초안 | H33: =LEN(IF(F33<>"",F33,D33)) -> 23 | I33: =IF(OR(H33<12,H33>60),"분량 확인","")
A34: cards.16.core | B34: 16 다시 쌓는 둑 · 비버 | C34: 핵심 메시지 · 정방향 | D34: 무너진 자리는 다시 쌓을 수 있는 자리이기도 해요. | E34: 초안 | H34: =LEN(IF(F34<>"",F34,D34)) -> 28 | I34: =IF(OR(H34<12,H34>60),"분량 확인","")
A35: cards.16.reversed.core | B35: 16 다시 쌓는 둑 · 비버 | C35: 핵심 메시지 · 역방향 | D35: 무너지지 않으려 애쓰느라 더 지쳐 있어요. | E35: 초안 | H35: =LEN(IF(F35<>"",F35,D35)) -> 23 | I35: =IF(OR(H35<12,H35>60),"분량 확인","")
A36: cards.17.core | B36: 17 다시 빛나는 별 · 불가사리 | C36: 핵심 메시지 · 정방향 | D36: 천천히, 그래도 조금씩 회복은 일어날 수 있어요. | E36: 초안 | G36: [Claude 점검 · 고침] '분명히'로 회복을 단정 (전: 천천히, 그러나 분명히 회복은 일어나요.) | H36: =LEN(IF(F36<>"",F36,D36)) -> 27 | I36: =IF(OR(H36<12,H36>60),"분량 확인","")
A37: cards.17.reversed.core | B37: 17 다시 빛나는 별 · 불가사리 | C37: 핵심 메시지 · 역방향 | D37: 회복의 빛이 아직 희미하게 느껴져요. | E37: 초안 | H37: =LEN(IF(F37<>"",F37,D37)) -> 20 | I37: =IF(OR(H37<12,H37>60),"분량 확인","")
A38: cards.18.core | B38: 18 달빛 아래 떠다니기 · 해파리 | C38: 핵심 메시지 · 정방향 | D38: 다 보이지 않아도 한 걸음씩은 갈 수 있어요. | E38: 초안 | H38: =LEN(IF(F38<>"",F38,D38)) -> 25 | I38: =IF(OR(H38<12,H38>60),"분량 확인","")
A39: cards.18.reversed.core | B39: 18 달빛 아래 떠다니기 · 해파리 | C39: 핵심 메시지 · 역방향 | D39: 안개가 조금씩 걷히기 시작해요. | E39: 초안 | H39: =LEN(IF(F39<>"",F39,D39)) -> 17 | I39: =IF(OR(H39<12,H39>60),"분량 확인","")
A40: cards.19.core | B40: 19 햇살 바위 · 물개 | C40: 핵심 메시지 · 정방향 | D40: 지금 여기의 따뜻함을 충분히 누려도 돼요. | E40: 초안 | H40: =LEN(IF(F40<>"",F40,D40)) -> 23 | I40: =IF(OR(H40<12,H40>60),"분량 확인","")
A41: cards.19.reversed.core | B41: 19 햇살 바위 · 물개 | C41: 핵심 메시지 · 역방향 | D41: 기쁨이 구름 뒤에 잠시 가려져 있어요. | E41: 초안 | H41: =LEN(IF(F41<>"",F41,D41)) -> 21 | I41: =IF(OR(H41<12,H41>60),"분량 확인","")
A42: cards.20.core | B42: 20 부름에 답하다 · 혹등고래 | C42: 핵심 메시지 · 정방향 | D42: 마음 깊은 곳에서 오래 들려온 노래에 답할 때예요. | E42: 초안 | H42: =LEN(IF(F42<>"",F42,D42)) -> 28 | I42: =IF(OR(H42<12,H42>60),"분량 확인","")
A43: cards.20.reversed.core | B43: 20 부름에 답하다 · 혹등고래 | C43: 핵심 메시지 · 역방향 | D43: 마음의 부름에 답하기를 아직 망설이고 있어요. | E43: 초안 | H43: =LEN(IF(F43<>"",F43,D43)) -> 25 | I43: =IF(OR(H43<12,H43>60),"분량 확인","")
A44: cards.21.core | B44: 21 한 바퀴의 바다 · 쏠 바다 친구들 모두 | C44: 핵심 메시지 · 정방향 | D44: 여기까지 걸어온 여정 전체가 하나의 바다예요. | E44: 초안 | G44: [Claude 점검 · 고침] '당신' 사용 (전: 여기까지 온 당신의 여정 전체가 하나의 바다예요.) | H44: =LEN(IF(F44<>"",F44,D44)) -> 25 | I44: =IF(OR(H44<12,H44>60),"분량 확인","")
A45: cards.21.reversed.core | B45: 21 한 바퀴의 바다 · 쏠 바다 친구들 모두 | C45: 핵심 메시지 · 역방향 | D45: 한 바퀴를 거의 다 돌았지만 마무리가 남아 있어요. | E45: 초안 | H45: =LEN(IF(F45<>"",F45,D45)) -> 28 | I45: =IF(OR(H45<12,H45>60),"분량 확인","")

Sheet 카드설명
A1: ID (수정 금지) | B1: 카드 · 분류 | C1: 항목 | D1: 현재 문장 (초안) | E1: 상태 | F1: 수정안 | G1: 검수 메모 | H1: 최종 글자 수 | I1: 분량
A2: cards.0.about_when | B2: 00 첫 물장구 · 수달 | C2: 이럴 때를 비추는 카드 | D2: 무언가를 새로 시작하고 싶거나 낯선 길 앞에 서 있을 때를 비추는 카드예요. | E2: 초안 | H2: =LEN(IF(F2<>"",F2,D2)) -> 42 | I2: =IF(OR(H2<20,H2>140),"분량 확인","")
A3: cards.0.about_origin | B3: 00 첫 물장구 · 수달 | C3: 원래 타로 자리의 뜻 + 쏠 타로식 해석 | D3: 원래 타로의 '바보' 카드 자리로, 전통적으로 순수한 출발과 모험을 뜻해요. 쏠 타로에서는 완벽하게 준비되지 않아도 내딛는 첫걸음의 용기로 읽어요. | E3: 초안 | G3: [Claude 점검 · 고침] 한 문장 안 '뜻합니다'와 '읽어요' 어체 섞임 (전: 원래 타로의 '바보' 카드 자리로, 전통적으로 순수한 출발과 모험을 뜻합니다. 쏠 타로에서는 완벽하게 준비되지 않아도 내딛는 첫걸음의 용기로 읽어요.) | H3: =LEN(IF(F3<>"",F3,D3)) -> 82 | I3: =IF(OR(H3<20,H3>140),"분량 확인","")
A4: cards.1.about_when | B4: 01 여덟 갈래의 손 · 문어 | C4: 이럴 때를 비추는 카드 | D4: 해야 할 일과 할 수 있는 일이 한꺼번에 많을 때를 비추는 카드예요. | E4: 초안 | H4: =LEN(IF(F4<>"",F4,D4)) -> 38 | I4: =IF(OR(H4<20,H4>140),"분량 확인","")
A5: cards.1.about_origin | B5: 01 여덟 갈래의 손 · 문어 | C5: 원래 타로 자리의 뜻 + 쏠 타로식 해석 | D5: 원래 타로의 '마법사' 카드 자리로, 가진 재능과 도구로 무언가를 이뤄 내는 힘을 뜻해요. 쏠 타로에서는 이미 내 손에 있는 자원을 알아보는 힘으로 읽어요. | E5: 초안 | G5: [Claude 점검 · 고침] 한 문장 안 '뜻합니다'와 '읽어요' 어체 섞임 (전: 원래 타로의 '마법사' 카드 자리로, 가진 재능과 도구로 무언가를 이뤄 내는 힘을 뜻합니다. 쏠 타로에서는 이미 내 손에 있는 자원을 알아보는 힘으로 읽어요.) | H5: =LEN(IF(F5<>"",F5,D5)) -> 87 | I5: =IF(OR(H5<20,H5>140),"분량 확인","")
A6: cards.2.about_when | B6: 02 고요히 바라보기 · 왜가리 | C6: 이럴 때를 비추는 카드 | D6: 생각은 많은데 마음이 어디로 기우는지 잘 모를 때를 비추는 카드예요. | E6: 초안 | H6: =LEN(IF(F6<>"",F6,D6)) -> 38 | I6: =IF(OR(H6<20,H6>140),"분량 확인","")
A7: cards.2.about_origin | B7: 02 고요히 바라보기 · 왜가리 | C7: 원래 타로 자리의 뜻 + 쏠 타로식 해석 | D7: 원래 타로의 '여사제' 카드 자리로, 직관과 내면의 지혜, 아직 드러나지 않은 앎을 뜻해요. 쏠 타로에서는 조용히 바라볼 때 들리는 내 안의 목소리로 읽어요. | E7: 초안 | G7: [Claude 점검 · 고침] 한 문장 안 '뜻합니다'와 '읽어요' 어체 섞임 (전: 원래 타로의 '여사제' 카드 자리로, 직관과 내면의 지혜, 아직 드러나지 않은 앎을 뜻합니다. 쏠 타로에서는 조용히 바라볼 때 들리는 내 안의 목소리로 읽어요.) | H7: =LEN(IF(F7<>"",F7,D7)) -> 88 | I7: =IF(OR(H7<20,H7>140),"분량 확인","")
A8: cards.3.about_when | B8: 03 품어 주는 품 · 해달 | C8: 이럴 때를 비추는 카드 | D8: 누군가를 돌보느라 정작 나는 비어 갈 때를 비추는 카드예요. | E8: 초안 | H8: =LEN(IF(F8<>"",F8,D8)) -> 33 | I8: =IF(OR(H8<20,H8>140),"분량 확인","")
A9: cards.3.about_origin | B9: 03 품어 주는 품 · 해달 | C9: 원래 타로 자리의 뜻 + 쏠 타로식 해석 | D9: 원래 타로의 '여황제' 카드 자리로, 풍요와 돌봄, 무언가를 길러 내는 힘을 뜻해요. 쏠 타로에서는 남을 품듯 나를 품어 주는 자기돌봄으로 읽어요. | E9: 초안 | G9: [Claude 점검 · 고침] 한 문장 안 '뜻합니다'와 '읽어요' 어체 섞임 (전: 원래 타로의 '여황제' 카드 자리로, 풍요와 돌봄, 무언가를 길러 내는 힘을 뜻합니다. 쏠 타로에서는 남을 품듯 나를 품어 주는 자기돌봄으로 읽어요.) | H9: =LEN(IF(F9<>"",F9,D9)) -> 82 | I9: =IF(OR(H9<20,H9>140),"분량 확인","")
A10: cards.4.about_when | B10: 04 지키는 자리 · 펭귄 | C10: 이럴 때를 비추는 카드 | D10: 책임이 무겁거나 지켜야 할 것이 많을 때를 비추는 카드예요. | E10: 초안 | H10: =LEN(IF(F10<>"",F10,D10)) -> 33 | I10: =IF(OR(H10<20,H10>140),"분량 확인","")
A11: cards.4.about_origin | B11: 04 지키는 자리 · 펭귄 | C11: 원래 타로 자리의 뜻 + 쏠 타로식 해석 | D11: 원래 타로의 '황제' 카드 자리로, 질서와 책임, 든든한 구조를 뜻해요. 쏠 타로에서는 흔들릴 때 나를 지켜 주는 작은 질서로 읽어요. | E11: 초안 | G11: [Claude 점검 · 고침] 한 문장 안 '뜻합니다'와 '읽어요' 어체 섞임 (전: 원래 타로의 '황제' 카드 자리로, 질서와 책임, 든든한 구조를 뜻합니다. 쏠 타로에서는 흔들릴 때 나를 지켜 주는 작은 질서로 읽어요.) | H11: =LEN(IF(F11<>"",F11,D11)) -> 75 | I11: =IF(OR(H11<20,H11>140),"분량 확인","")
A12: cards.5.about_when | B12: 05 오래된 지혜 · 거북 | C12: 이럴 때를 비추는 카드 | D12: 혼자 답을 찾느라 오래 맴돌고 있을 때를 비추는 카드예요. | E12: 초안 | H12: =LEN(IF(F12<>"",F12,D12)) -> 32 | I12: =IF(OR(H12<20,H12>140),"분량 확인","")
A13: cards.5.about_origin | B13: 05 오래된 지혜 · 거북 | C13: 원래 타로 자리의 뜻 + 쏠 타로식 해석 | D13: 원래 타로의 '교황' 카드 자리로, 전통과 가르침, 믿을 만한 조언을 뜻해요. 쏠 타로에서는 혼자 짊어지지 않고 지혜에 기대는 힘으로 읽어요. | E13: 초안 | G13: [Claude 점검 · 고침] 한 문장 안 '뜻합니다'와 '읽어요' 어체 섞임 (전: 원래 타로의 '교황' 카드 자리로, 전통과 가르침, 믿을 만한 조언을 뜻합니다. 쏠 타로에서는 혼자 짊어지지 않고 지혜에 기대는 힘으로 읽어요.) | H13: =LEN(IF(F13<>"",F13,D13)) -> 79 | I13: =IF(OR(H13<20,H13>140),"분량 확인","")
A14: cards.6.about_when | B14: 06 나란히 헤엄 · 원앙 | C14: 이럴 때를 비추는 카드 | D14: 누군가와의 관계나 중요한 선택 앞에서 마음이 오갈 때를 비추는 카드예요. | E14: 초안 | H14: =LEN(IF(F14<>"",F14,D14)) -> 40 | I14: =IF(OR(H14<20,H14>140),"분량 확인","")
A15: cards.6.about_origin | B15: 06 나란히 헤엄 · 원앙 | C15: 원래 타로 자리의 뜻 + 쏠 타로식 해석 | D15: 원래 타로의 '연인' 카드 자리로, 사랑과 조화, 그리고 가치에 따른 선택을 뜻해요. 쏠 타로에서는 나다운 가치에서 시작하는 연결로 읽어요. | E15: 초안 | G15: [Claude 점검 · 고침] 한 문장 안 '뜻합니다'와 '읽어요' 어체 섞임 (전: 원래 타로의 '연인' 카드 자리로, 사랑과 조화, 그리고 가치에 따른 선택을 뜻합니다. 쏠 타로에서는 나다운 가치에서 시작하는 연결로 읽어요.) | H15: =LEN(IF(F15<>"",F15,D15)) -> 78 | I15: =IF(OR(H15<20,H15>140),"분량 확인","")
A16: cards.7.about_when | B16: 07 파도를 타는 힘 · 돌고래 | C16: 이럴 때를 비추는 카드 | D16: 앞으로 나아가고 싶은 마음이 차오를 때를 비추는 카드예요. | E16: 초안 | H16: =LEN(IF(F16<>"",F16,D16)) -> 32 | I16: =IF(OR(H16<20,H16>140),"분량 확인","")
A17: cards.7.about_origin | B17: 07 파도를 타는 힘 · 돌고래 | C17: 원래 타로 자리의 뜻 + 쏠 타로식 해석 | D17: 원래 타로의 '전차' 카드 자리로, 의지와 추진력, 방향을 잡고 나아가는 힘을 뜻해요. 쏠 타로에서는 거스르기보다 흐름을 타고 나아가는 힘으로 읽어요. | E17: 초안 | G17: [Claude 점검 · 고침] 한 문장 안 '뜻합니다'와 '읽어요' 어체 섞임 (전: 원래 타로의 '전차' 카드 자리로, 의지와 추진력, 방향을 잡고 나아가는 힘을 뜻합니다. 쏠 타로에서는 거스르기보다 흐름을 타고 나아가는 힘으로 읽어요.) | H17: =LEN(IF(F17<>"",F17,D17)) -> 84 | I17: =IF(OR(H17<20,H17>140),"분량 확인","")
A18: cards.8.about_when | B18: 08 진주를 품는 힘 · 조개 | C18: 이럴 때를 비추는 카드 | D18: 불편한 마음을 오래 견디고 있을 때를 비추는 카드예요. | E18: 초안 | H18: =LEN(IF(F18<>"",F18,D18)) -> 30 | I18: =IF(OR(H18<20,H18>140),"분량 확인","")
A19: cards.8.about_origin | B19: 08 진주를 품는 힘 · 조개 | C19: 원래 타로 자리의 뜻 + 쏠 타로식 해석 | D19: 원래 타로의 '힘' 카드 자리로, 부드러움으로 거친 것을 다스리는 내면의 힘을 뜻해요. 쏠 타로에서는 불편함을 품어 단단해지는 힘으로 읽어요. | E19: 초안 | G19: [Claude 점검 · 고침] 한 문장 안 '뜻합니다'와 '읽어요' 어체 섞임 (전: 원래 타로의 '힘' 카드 자리로, 부드러움으로 거친 것을 다스리는 내면의 힘을 뜻합니다. 쏠 타로에서는 불편함을 품어 단단해지는 힘으로 읽어요.) | H19: =LEN(IF(F19<>"",F19,D19)) -> 79 | I19: =IF(OR(H19<20,H19>140),"분량 확인","")
A20: cards.9.about_when | B20: 09 나만의 등불 · 바다의 노인 | C20: 이럴 때를 비추는 카드 | D20: 사람들 사이에서 잠시 물러나 생각할 시간이 필요할 때를 비추는 카드예요. | E20: 초안 | H20: =LEN(IF(F20<>"",F20,D20)) -> 40 | I20: =IF(OR(H20<20,H20>140),"분량 확인","")
A21: cards.9.about_origin | B21: 09 나만의 등불 · 바다의 노인 | C21: 원래 타로 자리의 뜻 + 쏠 타로식 해석 | D21: 원래 타로의 '은둔자' 카드 자리로, 고독 속의 성찰과 내면을 비추는 등불을 뜻해요. 쏠 타로에서는 혼자만의 시간을 나를 비추는 시간으로 바꾸는 힘으로 읽어요. | E21: 초안 | G21: [Claude 점검 · 고침] 한 문장 안 '뜻합니다'와 '읽어요' 어체 섞임 (전: 원래 타로의 '은둔자' 카드 자리로, 고독 속의 성찰과 내면을 비추는 등불을 뜻합니다. 쏠 타로에서는 혼자만의 시간을 나를 비추는 시간으로 바꾸는 힘으로 읽어요.) | H21: =LEN(IF(F21<>"",F21,D21)) -> 89 | I21: =IF(OR(H21<20,H21>140),"분량 확인","")
A22: cards.10.about_when | B22: 10 물살의 순환 · 가오리 | C22: 이럴 때를 비추는 카드 | D22: 내 뜻과 상관없이 상황이 바뀌고 있을 때를 비추는 카드예요. | E22: 초안 | H22: =LEN(IF(F22<>"",F22,D22)) -> 33 | I22: =IF(OR(H22<20,H22>140),"분량 확인","")
A23: cards.10.about_origin | B23: 10 물살의 순환 · 가오리 | C23: 원래 타로 자리의 뜻 + 쏠 타로식 해석 | D23: 원래 타로의 '수레바퀴' 카드 자리로, 돌고 도는 삶의 흐름과 변화의 시기를 뜻해요. 쏠 타로에서는 바뀌는 흐름 속에서 내가 고를 수 있는 움직임으로 읽어요. | E23: 초안 | G23: [Claude 점검 · 고침] 한 문장 안 '뜻합니다'와 '읽어요' 어체 섞임 (전: 원래 타로의 열 번째 카드, 수레바퀴 자리로, 돌고 도는 삶의 흐름과 변화의 시기를 뜻합니다. 쏠 타로에서는 바뀌는 흐름 속에서 내가 고를 수 있는 움직임으로 읽어요.) | H23: =LEN(IF(F23<>"",F23,D23)) -> 88 | I23: =IF(OR(H23<20,H23>140),"분량 확인","")
A24: cards.11.about_when | B24: 11 고요한 균형 · 백조 | C24: 이럴 때를 비추는 카드 | D24: 옳고 그름을 따지거나 공정함이 마음에 걸릴 때를 비추는 카드예요. | E24: 초안 | H24: =LEN(IF(F24<>"",F24,D24)) -> 36 | I24: =IF(OR(H24<20,H24>140),"분량 확인","")
A25: cards.11.about_origin | B25: 11 고요한 균형 · 백조 | C25: 원래 타로 자리의 뜻 + 쏠 타로식 해석 | D25: 원래 타로의 '정의' 카드 자리로, 균형과 공정, 원인과 결과를 뜻해요. 쏠 타로에서는 나에게도 공정한 저울을 내미는 마음으로 읽어요. | E25: 초안 | G25: [Claude 점검 · 고침] 한 문장 안 '뜻합니다'와 '읽어요' 어체 섞임 (전: 원래 타로의 '정의' 카드 자리로, 균형과 공정, 원인과 결과를 뜻합니다. 쏠 타로에서는 나에게도 공정한 저울을 내미는 마음으로 읽어요.) | H25: =LEN(IF(F25<>"",F25,D25)) -> 75 | I25: =IF(OR(H25<20,H25>140),"분량 확인","")
A26: cards.12.about_when | B26: 12 바위 위의 쉼 · 물범 | C26: 이럴 때를 비추는 카드 | D26: 애써도 앞으로 나아가지 않는 것 같고 쉬고 싶을 때를 비추는 카드예요. | E26: 초안 | H26: =LEN(IF(F26<>"",F26,D26)) -> 39 | I26: =IF(OR(H26<20,H26>140),"분량 확인","")
A27: cards.12.about_origin | B27: 12 바위 위의 쉼 · 물범 | C27: 원래 타로 자리의 뜻 + 쏠 타로식 해석 | D27: 원래 타로의 '매달린 사람' 카드 자리로, 멈춤과 기다림, 새로운 관점을 뜻해요. 쏠 타로에서는 다르게 보기 위한 쉼으로 읽어요. | E27: 초안 | G27: [Claude 점검 · 고침] 한 문장 안 '뜻합니다'와 '읽어요' 어체 섞임 (전: 원래 타로의 '매달린 사람' 카드 자리로, 멈춤과 기다림, 다르게 보기를 뜻합니다. 쏠 타로에서는 다르게 보기 위한 쉼으로 읽어요.) | H27: =LEN(IF(F27<>"",F27,D27)) -> 72 | I27: =IF(OR(H27<20,H27>140),"분량 확인","")
A28: cards.13.about_when | B28: 13 새 집으로 이사 · 소라게 | C28: 이럴 때를 비추는 카드 | D28: 무언가가 끝나 가거나 바뀌어야 할 때를 비추는 카드예요. | E28: 초안 | H28: =LEN(IF(F28<>"",F28,D28)) -> 31 | I28: =IF(OR(H28<20,H28>140),"분량 확인","")
A29: cards.13.about_origin | B29: 13 새 집으로 이사 · 소라게 | C29: 원래 타로 자리의 뜻 + 쏠 타로식 해석 | D29: 원래 타로의 열세 번째 카드 자리로, 한 시기의 끝과 새로운 시작을 뜻해요. 쏠 타로에서는 맞지 않는 껍데기를 내려놓고 새 집으로 옮겨 가는 전환으로 읽어요. | E29: 초안 | G29: [Claude 점검 · 고침] 한 문장 안 '뜻합니다'와 '읽어요' 어체 섞임 (전: 원래 타로의 열세 번째 카드 자리로, 한 시기의 끝과 새로운 시작을 뜻합니다. 쏠 타로에서는 맞지 않는 껍데기를 내려놓고 새 집으로 옮겨 가는 전환으로 읽어요.) | H29: =LEN(IF(F29<>"",F29,D29)) -> 88 | I29: =IF(OR(H29<20,H29>140),"분량 확인","")
A30: cards.14.about_when | B30: 14 물과 뭍 사이 · 개구리 | C30: 이럴 때를 비추는 카드 | D30: 두 가지 사이에서 균형을 찾느라 지칠 때를 비추는 카드예요. | E30: 초안 | H30: =LEN(IF(F30<>"",F30,D30)) -> 33 | I30: =IF(OR(H30<20,H30>140),"분량 확인","")
A31: cards.14.about_origin | B31: 14 물과 뭍 사이 · 개구리 | C31: 원래 타로 자리의 뜻 + 쏠 타로식 해석 | D31: 원래 타로의 '절제' 카드 자리로, 조화와 알맞음, 서로 다른 것을 섞는 지혜를 뜻해요. 쏠 타로에서는 둘 중 하나가 아니라 알맞은 비율을 찾는 힘으로 읽어요. | E31: 초안 | G31: [Claude 점검 · 고침] 한 문장 안 '뜻합니다'와 '읽어요' 어체 섞임 (전: 원래 타로의 '절제' 카드 자리로, 조화와 알맞음, 서로 다른 것을 섞는 지혜를 뜻합니다. 쏠 타로에서는 둘 중 하나가 아니라 알맞은 비율을 찾는 힘으로 읽어요.) | H31: =LEN(IF(F31<>"",F31,D31)) -> 89 | I31: =IF(OR(H31<20,H31>140),"분량 확인","")
A32: cards.15.about_when | B32: 15 부풀어 오른 마음 · 복어 | C32: 이럴 때를 비추는 카드 | D32: 불안할 때 반복하는 습관이나 방어가 마음을 묶고 있을 때를 비추는 카드예요. | E32: 초안 | H32: =LEN(IF(F32<>"",F32,D32)) -> 42 | I32: =IF(OR(H32<20,H32>140),"분량 확인","")
A33: cards.15.about_origin | B33: 15 부풀어 오른 마음 · 복어 | C33: 원래 타로 자리의 뜻 + 쏠 타로식 해석 | D33: 원래 타로의 열다섯 번째 카드 자리로, 나를 얽매는 집착과 습관을 뜻해요. 쏠 타로에서는 나를 지키려던 가시를 알아차리는 일로 읽어요. | E33: 초안 | G33: [Claude 점검 · 고침] 한 문장 안 '뜻합니다'와 '읽어요' 어체 섞임 (전: 원래 타로의 열다섯 번째 카드 자리로, 나를 얽매는 집착과 습관을 뜻합니다. 쏠 타로에서는 나를 지키려던 가시를 알아차리는 일로 읽어요.) | H33: =LEN(IF(F33<>"",F33,D33)) -> 75 | I33: =IF(OR(H33<20,H33>140),"분량 확인","")
A34: cards.16.about_when | B34: 16 다시 쌓는 둑 · 비버 | C34: 이럴 때를 비추는 카드 | D34: 믿어 온 계획이 흔들리거나 갑자기 무너졌을 때를 비추는 카드예요. | E34: 초안 | H34: =LEN(IF(F34<>"",F34,D34)) -> 36 | I34: =IF(OR(H34<20,H34>140),"분량 확인","")
A35: cards.16.about_origin | B35: 16 다시 쌓는 둑 · 비버 | C35: 원래 타로 자리의 뜻 + 쏠 타로식 해석 | D35: 원래 타로의 '탑' 카드 자리로, 예상치 못한 변화와 그 뒤에 오는 새로운 깨달음을 뜻해요. 쏠 타로에서는 무너진 자리에서 다시 쌓는 회복의 힘으로 읽어요. | E35: 초안 | G35: [Claude 점검 · 고침] 한 문장 안 '뜻합니다'와 '읽어요' 어체 섞임 (전: 원래 타로의 '탑' 카드 자리로, 예상치 못한 변화와 그 뒤에 오는 새로운 깨달음을 뜻합니다. 쏠 타로에서는 무너진 자리에서 다시 쌓는 회복의 힘으로 읽어요.) | H35: =LEN(IF(F35<>"",F35,D35)) -> 87 | I35: =IF(OR(H35<20,H35>140),"분량 확인","")
A36: cards.17.about_when | B36: 17 다시 빛나는 별 · 불가사리 | C36: 이럴 때를 비추는 카드 | D36: 힘든 시간을 지나 조금씩 숨이 돌아올 때를 비추는 카드예요. | E36: 초안 | H36: =LEN(IF(F36<>"",F36,D36)) -> 33 | I36: =IF(OR(H36<20,H36>140),"분량 확인","")
A37: cards.17.about_origin | B37: 17 다시 빛나는 별 · 불가사리 | C37: 원래 타로 자리의 뜻 + 쏠 타로식 해석 | D37: 원래 타로의 '별' 카드 자리로, 희망과 치유, 다시 찾아오는 빛을 뜻해요. 쏠 타로에서는 천천히 자라는 회복으로 읽어요. | E37: 초안 | G37: [Claude 점검 · 고침] 한 문장 안 '뜻합니다'와 '읽어요' 어체 섞임 (전: 원래 타로의 '별' 카드 자리로, 희망과 치유, 다시 찾아오는 빛을 뜻합니다. 쏠 타로에서는 천천히 자라는 회복으로 읽어요.) | H37: =LEN(IF(F37<>"",F37,D37)) -> 68 | I37: =IF(OR(H37<20,H37>140),"분량 확인","")
A38: cards.18.about_when | B38: 18 달빛 아래 떠다니기 · 해파리 | C38: 이럴 때를 비추는 카드 | D38: 앞이 잘 보이지 않아 막연히 불안할 때를 비추는 카드예요. | E38: 초안 | H38: =LEN(IF(F38<>"",F38,D38)) -> 32 | I38: =IF(OR(H38<20,H38>140),"분량 확인","")
A39: cards.18.about_origin | B39: 18 달빛 아래 떠다니기 · 해파리 | C39: 원래 타로 자리의 뜻 + 쏠 타로식 해석 | D39: 원래 타로의 '달' 카드 자리로, 불확실함과 상상, 드러나지 않은 마음을 뜻해요. 쏠 타로에서는 다 보이지 않아도 한 걸음씩 가는 힘으로 읽어요. | E39: 초안 | G39: [Claude 점검 · 고침] 한 문장 안 '뜻합니다'와 '읽어요' 어체 섞임 (전: 원래 타로의 '달' 카드 자리로, 불확실함과 상상, 드러나지 않은 마음을 뜻합니다. 쏠 타로에서는 다 보이지 않아도 한 걸음씩 가는 힘으로 읽어요.) | H39: =LEN(IF(F39<>"",F39,D39)) -> 81 | I39: =IF(OR(H39<20,H39>140),"분량 확인","")
A40: cards.19.about_when | B40: 19 햇살 바위 · 물개 | C40: 이럴 때를 비추는 카드 | D40: 고민 속에서도 기쁨과 기대가 살아 있을 때를 비추는 카드예요. | E40: 초안 | H40: =LEN(IF(F40<>"",F40,D40)) -> 34 | I40: =IF(OR(H40<20,H40>140),"분량 확인","")
A41: cards.19.about_origin | B41: 19 햇살 바위 · 물개 | C41: 원래 타로 자리의 뜻 + 쏠 타로식 해석 | D41: 원래 타로의 '태양' 카드 자리로, 기쁨과 활력, 밝게 드러나는 것을 뜻해요. 쏠 타로에서는 지금 여기의 따뜻함을 누리는 힘으로 읽어요. | E41: 초안 | G41: [Claude 점검 · 고침] 한 문장 안 '뜻합니다'와 '읽어요' 어체 섞임 (전: 원래 타로의 '태양' 카드 자리로, 기쁨과 활력, 밝게 드러나는 것을 뜻합니다. 쏠 타로에서는 지금 여기의 따뜻함을 누리는 힘으로 읽어요.) | H41: =LEN(IF(F41<>"",F41,D41)) -> 76 | I41: =IF(OR(H41<20,H41>140),"분량 확인","")
A42: cards.20.about_when | B42: 20 부름에 답하다 · 혹등고래 | C42: 이럴 때를 비추는 카드 | D42: 오래 마음에 걸려 있던 질문이 다시 떠오를 때를 비추는 카드예요. | E42: 초안 | H42: =LEN(IF(F42<>"",F42,D42)) -> 36 | I42: =IF(OR(H42<20,H42>140),"분량 확인","")
A43: cards.20.about_origin | B43: 20 부름에 답하다 · 혹등고래 | C43: 원래 타로 자리의 뜻 + 쏠 타로식 해석 | D43: 원래 타로의 '심판' 카드 자리로, 깨어남과 부름, 새 시작을 위한 돌아봄을 뜻해요. 쏠 타로에서는 마음 깊은 곳의 부름에 답하는 일로 읽어요. | E43: 초안 | G43: [Claude 점검 · 고침] 한 문장 안 '뜻합니다'와 '읽어요' 어체 섞임 (전: 원래 타로의 '심판' 카드 자리로, 깨어남과 부름, 새 시작을 위한 돌아봄을 뜻합니다. 쏠 타로에서는 마음 깊은 곳의 부름에 답하는 일로 읽어요.) | H43: =LEN(IF(F43<>"",F43,D43)) -> 80 | I43: =IF(OR(H43<20,H43>140),"분량 확인","")
A44: cards.21.about_when | B44: 21 한 바퀴의 바다 · 쏠 바다 친구들 모두 | C44: 이럴 때를 비추는 카드 | D44: 한 시기를 지나 무언가가 매듭지어질 때를 비추는 카드예요. | E44: 초안 | H44: =LEN(IF(F44<>"",F44,D44)) -> 32 | I44: =IF(OR(H44<20,H44>140),"분량 확인","")
A45: cards.21.about_origin | B45: 21 한 바퀴의 바다 · 쏠 바다 친구들 모두 | C45: 원래 타로 자리의 뜻 + 쏠 타로식 해석 | D45: 원래 타로의 '세계' 카드 자리로, 완성과 통합, 한 바퀴를 돈 여정을 뜻해요. 쏠 타로에서는 지나온 여정 전체를 인정하는 일로 읽어요. | E45: 초안 | G45: [Claude 점검 · 고침] 한 문장 안 '뜻합니다'와 '읽어요' 어체 섞임 (전: 원래 타로의 '세계' 카드 자리로, 완성과 통합, 한 바퀴를 돈 여정을 뜻합니다. 쏠 타로에서는 지나온 여정 전체를 인정하는 일로 읽어요.) | H45: =LEN(IF(F45<>"",F45,D45)) -> 76 | I45: =IF(OR(H45<20,H45>140),"분량 확인","")

Sheet 상황질문
A1: ID (수정 금지) | B1: 카드 · 분류 | C1: 항목 | D1: 현재 문장 (초안) | E1: 상태 | F1: 수정안 | G1: 검수 메모 | H1: 최종 글자 수 | I1: 분량
A2: cards.0.asks.0 | B2: 00 첫 물장구 · 수달 | C2: 기본 질문 1 | D2: 하고 싶은 일이 있는데 '좀 더 준비되면'이라며 미루고 있진 않나요? | E2: 초안 | H2: =LEN(IF(F2<>"",F2,D2)) -> 38 | I2: =IF(OR(H2<15,H2>90),"분량 확인","")
A3: cards.0.asks.1 | B3: 00 첫 물장구 · 수달 | C3: 기본 질문 2 | D3: 처음이라 서툴까 봐 시작 앞에서 오래 서성인 적, 최근에 있지 않았나요? | E3: 초안 | H3: =LEN(IF(F3<>"",F3,D3)) -> 40 | I3: =IF(OR(H3<15,H3>90),"분량 확인","")
A4: cards.0.reversed.asks.0 | B4: 00 첫 물장구 · 수달 | C4: 기본 질문 1 · 역방향 | D4: 하고 싶은 일 앞에서 '실패하면 어쩌지'가 먼저 떠오르진 않나요? | E4: 초안 | H4: =LEN(IF(F4<>"",F4,D4)) -> 36 | I4: =IF(OR(H4<15,H4>90),"분량 확인","")
A5: cards.0.reversed.asks.1 | B5: 00 첫 물장구 · 수달 | C5: 기본 질문 2 · 역방향 | D5: 처음부터 잘해야 한다는 생각에 시작을 몇 번이나 미뤄 왔나요? | E5: 초안 | H5: =LEN(IF(F5<>"",F5,D5)) -> 34 | I5: =IF(OR(H5<15,H5>90),"분량 확인","")
A6: cards.1.asks.0 | B6: 01 여덟 갈래의 손 · 문어 | C6: 기본 질문 1 | D6: 할 일은 많은데 어디서부터 손대야 할지 몰라 하루가 그냥 지나가곤 하나요? | E6: 초안 | H6: =LEN(IF(F6<>"",F6,D6)) -> 41 | I6: =IF(OR(H6<15,H6>90),"분량 확인","")
A7: cards.1.asks.1 | B7: 01 여덟 갈래의 손 · 문어 | C7: 기본 질문 2 | D7: 이미 잘하고 있는 것보다 부족한 것이 먼저 눈에 들어오진 않으세요? | E7: 초안 | H7: =LEN(IF(F7<>"",F7,D7)) -> 37 | I7: =IF(OR(H7<15,H7>90),"분량 확인","")
A8: cards.1.reversed.asks.0 | B8: 01 여덟 갈래의 손 · 문어 | C8: 기본 질문 1 · 역방향 | D8: 할 일은 많은데 정작 하나도 제대로 못 한 것 같은 날이 이어지고 있나요? | E8: 초안 | H8: =LEN(IF(F8<>"",F8,D8)) -> 41 | I8: =IF(OR(H8<15,H8>90),"분량 확인","")
A9: cards.1.reversed.asks.1 | B9: 01 여덟 갈래의 손 · 문어 | C9: 기본 질문 2 · 역방향 | D9: 모든 걸 다 챙기려다 정작 중요한 일에 힘이 남지 않은 적 없었나요? | E9: 초안 | H9: =LEN(IF(F9<>"",F9,D9)) -> 38 | I9: =IF(OR(H9<15,H9>90),"분량 확인","")
A10: cards.2.asks.0 | B10: 02 고요히 바라보기 · 왜가리 | C10: 기본 질문 1 | D10: 여러 사람에게 조언을 구했는데 오히려 더 헷갈렸던 적은 없나요? | E10: 초안 | H10: =LEN(IF(F10<>"",F10,D10)) -> 35 | I10: =IF(OR(H10<15,H10>90),"분량 확인","")
A11: cards.2.asks.1 | B11: 02 고요히 바라보기 · 왜가리 | C11: 기본 질문 2 | D11: 마음이 한쪽으로 기우는 것 같은데, 그 마음을 믿어도 될지 망설이고 있나요? | E11: 초안 | G11: [Claude 점검 · 고침] '마음은 이미 한쪽으로 기울어 있는데'로 사실을 단정하며, 같은 카드 설명('마음이 어디로 기우는지 잘 모를 때')과 충돌 (전: 마음은 이미 한쪽으로 기울어 있는데, 그 마음을 믿어도 될지 망설이고 있나요?) | H11: =LEN(IF(F11<>"",F11,D11)) -> 42 | I11: =IF(OR(H11<15,H11>90),"분량 확인","")
A12: cards.2.reversed.asks.0 | B12: 02 고요히 바라보기 · 왜가리 | C12: 기본 질문 1 · 역방향 | D12: 결정을 앞두고 검색하고 묻는 사이, 내 마음은 어디에 있는지 놓친 적 있나요? | E12: 초안 | H12: =LEN(IF(F12<>"",F12,D12)) -> 43 | I12: =IF(OR(H12<15,H12>90),"분량 확인","")
A13: cards.2.reversed.asks.1 | B13: 02 고요히 바라보기 · 왜가리 | C13: 기본 질문 2 · 역방향 | D13: 느낌으로는 알 것 같은데, 애써 모른 척하고 있는 일이 있진 않나요? | E13: 초안 | H13: =LEN(IF(F13<>"",F13,D13)) -> 38 | I13: =IF(OR(H13<15,H13>90),"분량 확인","")
A14: cards.3.asks.0 | B14: 03 품어 주는 품 · 해달 | C14: 기본 질문 1 | D14: 다른 사람 일은 먼저 챙기면서 내 끼니나 잠은 자주 뒤로 미루고 있진 않나요? | E14: 초안 | H14: =LEN(IF(F14<>"",F14,D14)) -> 43 | I14: =IF(OR(H14<15,H14>90),"분량 확인","")
A15: cards.3.asks.1 | B15: 03 품어 주는 품 · 해달 | C15: 기본 질문 2 | D15: '괜찮아'라는 말이 습관이 되어, 정작 도움을 받기는 어렵지 않으세요? | E15: 초안 | H15: =LEN(IF(F15<>"",F15,D15)) -> 39 | I15: =IF(OR(H15<15,H15>90),"분량 확인","")
A16: cards.3.reversed.asks.0 | B16: 03 품어 주는 품 · 해달 | C16: 기본 질문 1 · 역방향 | D16: 누군가 나를 챙겨 줄 때 고맙기보다 미안한 마음이 먼저 들지 않나요? | E16: 초안 | H16: =LEN(IF(F16<>"",F16,D16)) -> 38 | I16: =IF(OR(H16<15,H16>90),"분량 확인","")
A17: cards.3.reversed.asks.1 | B17: 03 품어 주는 품 · 해달 | C17: 기본 질문 2 · 역방향 | D17: 다른 사람을 챙기느라 내 끼니나 잠을 뒤로 미룬 날이 늘고 있진 않나요? | E17: 초안 | H17: =LEN(IF(F17<>"",F17,D17)) -> 40 | I17: =IF(OR(H17<15,H17>90),"분량 확인","")
A18: cards.4.asks.0 | B18: 04 지키는 자리 · 펭귄 | C18: 기본 질문 1 | D18: 내가 손을 놓으면 다 흐트러질 것 같아 쉬는 날에도 마음이 긴장해 있나요? | E18: 초안 | H18: =LEN(IF(F18<>"",F18,D18)) -> 41 | I18: =IF(OR(H18<15,H18>90),"분량 확인","")
A19: cards.4.asks.1 | B19: 04 지키는 자리 · 펭귄 | C19: 기본 질문 2 | D19: 맡기기보다 내가 하는 게 편해서 일을 떠안게 될 때가 많지 않나요? | E19: 초안 | H19: =LEN(IF(F19<>"",F19,D19)) -> 37 | I19: =IF(OR(H19<15,H19>90),"분량 확인","")
A20: cards.4.reversed.asks.0 | B20: 04 지키는 자리 · 펭귄 | C20: 기본 질문 1 · 역방향 | D20: 내가 손을 놓으면 다 무너질 것 같아 긴장을 풀지 못하고 있나요? | E20: 초안 | H20: =LEN(IF(F20<>"",F20,D20)) -> 36 | I20: =IF(OR(H20<15,H20>90),"분량 확인","")
A21: cards.4.reversed.asks.1 | B21: 04 지키는 자리 · 펭귄 | C21: 기본 질문 2 · 역방향 | D21: 작은 계획이 틀어졌을 뿐인데 하루 전체가 흔들린 느낌이 든 적 있나요? | E21: 초안 | H21: =LEN(IF(F21<>"",F21,D21)) -> 39 | I21: =IF(OR(H21<15,H21>90),"분량 확인","")
A22: cards.5.asks.0 | B22: 05 오래된 지혜 · 거북 | C22: 기본 질문 1 | D22: '이런 걸 물어봐도 되나' 싶어 혼자 오래 붙들고 있던 고민이 있지 않나요? | E22: 초안 | H22: =LEN(IF(F22<>"",F22,D22)) -> 42 | I22: =IF(OR(H22<15,H22>90),"분량 확인","")
A23: cards.5.asks.1 | B23: 05 오래된 지혜 · 거북 | C23: 기본 질문 2 | D23: 한 가지 생각을 며칠째 되풀이하며 같은 자리를 맴도는 느낌이 드나요? | E23: 초안 | G23: [Claude 점검 · 고침] '같은'이 한 문장에 두 번 반복 (전: 같은 생각을 며칠째 되풀이하며 같은 자리를 맴도는 느낌이 드나요?) | H23: =LEN(IF(F23<>"",F23,D23)) -> 38 | I23: =IF(OR(H23<15,H23>90),"분량 확인","")
A24: cards.5.reversed.asks.0 | B24: 05 오래된 지혜 · 거북 | C24: 기본 질문 1 · 역방향 | D24: 물어보면 금방 풀릴 일을 혼자 붙잡고 며칠째 고민하고 있진 않나요? | E24: 초안 | H24: =LEN(IF(F24<>"",F24,D24)) -> 37 | I24: =IF(OR(H24<15,H24>90),"분량 확인","")
A25: cards.5.reversed.asks.1 | B25: 05 오래된 지혜 · 거북 | C25: 기본 질문 2 · 역방향 | D25: 남들이 하는 방식대로 했는데 나에게는 영 맞지 않았던 경험, 최근에 있었나요? | E25: 초안 | H25: =LEN(IF(F25<>"",F25,D25)) -> 43 | I25: =IF(OR(H25<15,H25>90),"분량 확인","")
A26: cards.6.asks.0 | B26: 06 나란히 헤엄 · 원앙 | C26: 기본 질문 1 | D26: 상대의 마음을 먼저 확인하고 싶어서 내 마음은 계속 뒤로 미루고 있나요? | E26: 초안 | H26: =LEN(IF(F26<>"",F26,D26)) -> 40 | I26: =IF(OR(H26<15,H26>90),"분량 확인","")
A27: cards.6.asks.1 | B27: 06 나란히 헤엄 · 원앙 | C27: 기본 질문 2 | D27: 남들이 좋다는 선택과 내가 끌리는 선택 사이에서 오래 망설이고 있진 않으세요? | E27: 초안 | H27: =LEN(IF(F27<>"",F27,D27)) -> 43 | I27: =IF(OR(H27<15,H27>90),"분량 확인","")
A28: cards.6.reversed.asks.0 | B28: 06 나란히 헤엄 · 원앙 | C28: 기본 질문 1 · 역방향 | D28: 가까워지고 싶으면서도 상처받을까 봐 한 발 물러선 순간이 떠오르나요? | E28: 초안 | H28: =LEN(IF(F28<>"",F28,D28)) -> 38 | I28: =IF(OR(H28<15,H28>90),"분량 확인","")
A29: cards.6.reversed.asks.1 | B29: 06 나란히 헤엄 · 원앙 | C29: 기본 질문 2 · 역방향 | D29: 상대의 마음을 확인하기 전까지 내 마음은 꺼내지 않기로 정해 두진 않았나요? | E29: 초안 | H29: =LEN(IF(F29<>"",F29,D29)) -> 42 | I29: =IF(OR(H29<15,H29>90),"분량 확인","")
A30: cards.7.asks.0 | B30: 07 파도를 타는 힘 · 돌고래 | C30: 기본 질문 1 | D30: 가야 할 방향이 여러 개라 어느 쪽에도 힘이 잘 실리지 않는 느낌, 있지 않나요? | E30: 초안 | H30: =LEN(IF(F30<>"",F30,D30)) -> 45 | I30: =IF(OR(H30<15,H30>90),"분량 확인","")
A31: cards.7.asks.1 | B31: 07 파도를 타는 힘 · 돌고래 | C31: 기본 질문 2 | D31: 빨리 나아가고 싶은 마음에 쉬는 것도 잊은 채 달리고 있진 않나요? | E31: 초안 | H31: =LEN(IF(F31<>"",F31,D31)) -> 37 | I31: =IF(OR(H31<15,H31>90),"분량 확인","")
A32: cards.7.reversed.asks.0 | B32: 07 파도를 타는 힘 · 돌고래 | C32: 기본 질문 1 · 역방향 | D32: 열심히 하는데 제자리걸음 같아 조급해진 순간이 요즘 잦진 않나요? | E32: 초안 | H32: =LEN(IF(F32<>"",F32,D32)) -> 36 | I32: =IF(OR(H32<15,H32>90),"분량 확인","")
A33: cards.7.reversed.asks.1 | B33: 07 파도를 타는 힘 · 돌고래 | C33: 기본 질문 2 · 역방향 | D33: 쉬면 뒤처질 것 같아 지친 몸을 계속 밀어붙이고 있진 않나요? | E33: 초안 | H33: =LEN(IF(F33<>"",F33,D33)) -> 34 | I33: =IF(OR(H33<15,H33>90),"분량 확인","")
A34: cards.8.asks.0 | B34: 08 진주를 품는 힘 · 조개 | C34: 기본 질문 1 | D34: 불편한 마음을 '별일 아니야' 하며 꾹 눌러 두고 있진 않나요? | E34: 초안 | H34: =LEN(IF(F34<>"",F34,D34)) -> 35 | I34: =IF(OR(H34<15,H34>90),"분량 확인","")
A35: cards.8.asks.1 | B35: 08 진주를 품는 힘 · 조개 | C35: 기본 질문 2 | D35: 견디는 데 익숙해져 이미 버거운 것도 그냥 넘기고 있지는 않으세요? | E35: 초안 | H35: =LEN(IF(F35<>"",F35,D35)) -> 37 | I35: =IF(OR(H35<15,H35>90),"분량 확인","")
... A61: cards.14.reversed.asks.1 | B61: 14 물과 뭍 사이 · 개구리 | C61: 기본 질문 2 · 역방향 | D61: 둘 다 지키고 싶어서 결국 어느 쪽도 고르지 못한 채 지치고 있진 않나요? | E61: 초안 | H61: =LEN(IF(F61<>"",F61,D61)) -> 41 | I61: =IF(OR(H61<15,H61>90),"분량 확인","")
A62: cards.15.asks.0 | B62: 15 부풀어 오른 마음 · 복어 | C62: 기본 질문 1 | D62: 불안할 때마다 나도 모르게 반복하게 되는 습관, 멈추기 어렵진 않나요? | E62: 초안 | G62: [Claude 점검 · 고침] '습관이 있는데'로 습관이 있다고 전제함 (전: 불안할 때마다 반복하게 되는 습관이 있는데 멈추기 어렵지 않나요?) | H62: =LEN(IF(F62<>"",F62,D62)) -> 39 | I62: =IF(OR(H62<15,H62>90),"분량 확인","")
A63: cards.15.asks.1 | B63: 15 부풀어 오른 마음 · 복어 | C63: 기본 질문 2 | D63: 상처받지 않으려고 먼저 날을 세우게 되는 순간이 있진 않으세요? | E63: 초안 | H63: =LEN(IF(F63<>"",F63,D63)) -> 35 | I63: =IF(OR(H63<15,H63>90),"분량 확인","")
A64: cards.15.reversed.asks.0 | B64: 15 부풀어 오른 마음 · 복어 | C64: 기본 질문 1 · 역방향 | D64: 예전 같으면 크게 반응했을 일에 조금 덜 흔들린 순간이 최근에 있었나요? | E64: 초안 | H64: =LEN(IF(F64<>"",F64,D64)) -> 40 | I64: =IF(OR(H64<15,H64>90),"분량 확인","")
A65: cards.15.reversed.asks.1 | B65: 15 부풀어 오른 마음 · 복어 | C65: 기본 질문 2 · 역방향 | D65: 익숙한 습관을 내려놓으려다 다시 그 자리로 돌아갈까 걱정되진 않나요? | E65: 초안 | H65: =LEN(IF(F65<>"",F65,D65)) -> 38 | I65: =IF(OR(H65<15,H65>90),"분량 확인","")
A66: cards.16.asks.0 | B66: 16 다시 쌓는 둑 · 비버 | C66: 기본 질문 1 | D66: 믿어 온 계획이 흔들려서 어디서부터 다시 해야 할지 막막한가요? | E66: 초안 | H66: =LEN(IF(F66<>"",F66,D66)) -> 35 | I66: =IF(OR(H66<15,H66>90),"분량 확인","")
A67: cards.16.asks.1 | B67: 16 다시 쌓는 둑 · 비버 | C67: 기본 질문 2 | D67: 무너진 것만 보느라 아직 남아 있는 것을 놓치고 있진 않나요? | E67: 초안 | H67: =LEN(IF(F67<>"",F67,D67)) -> 34 | I67: =IF(OR(H67<15,H67>90),"분량 확인","")
A68: cards.16.reversed.asks.0 | B68: 16 다시 쌓는 둑 · 비버 | C68: 기본 질문 1 · 역방향 | D68: 흔들리는 걸 들키지 않으려 괜찮은 척 버티고 있진 않나요? | E68: 초안 | H68: =LEN(IF(F68<>"",F68,D68)) -> 32 | I68: =IF(OR(H68<15,H68>90),"분량 확인","")
A69: cards.16.reversed.asks.1 | B69: 16 다시 쌓는 둑 · 비버 | C69: 기본 질문 2 · 역방향 | D69: 다시 시작하고 싶어도 또 무너질까 봐 손을 대지 못하고 있나요? | E69: 초안 | H69: =LEN(IF(F69<>"",F69,D69)) -> 35 | I69: =IF(OR(H69<15,H69>90),"분량 확인","")
A70: cards.17.asks.0 | B70: 17 다시 빛나는 별 · 불가사리 | C70: 기본 질문 1 | D70: 나아지고 있는데도 '예전 같지 않다'며 스스로를 재촉하고 있나요? | E70: 초안 | H70: =LEN(IF(F70<>"",F70,D70)) -> 36 | I70: =IF(OR(H70<15,H70>90),"분량 확인","")
A71: cards.17.asks.1 | B71: 17 다시 빛나는 별 · 불가사리 | C71: 기본 질문 2 | D71: 작은 회복은 별것 아니라며 그냥 지나치고 있진 않으세요? | E71: 초안 | H71: =LEN(IF(F71<>"",F71,D71)) -> 31 | I71: =IF(OR(H71<15,H71>90),"분량 확인","")
A72: cards.17.reversed.asks.0 | B72: 17 다시 빛나는 별 · 불가사리 | C72: 기본 질문 1 · 역방향 | D72: 조금씩 나아지고 있는데도 스스로는 잘 느껴지지 않아 답답한가요? | E72: 초안 | H72: =LEN(IF(F72<>"",F72,D72)) -> 35 | I72: =IF(OR(H72<15,H72>90),"분량 확인","")
A73: cards.17.reversed.asks.1 | B73: 17 다시 빛나는 별 · 불가사리 | C73: 기본 질문 2 · 역방향 | D73: 회복이 생각보다 느리다고 자신을 재촉하고 있진 않나요? | E73: 초안 | H73: =LEN(IF(F73<>"",F73,D73)) -> 30 | I73: =IF(OR(H73<15,H73>90),"분량 확인","")
A74: cards.18.asks.0 | B74: 18 달빛 아래 떠다니기 · 해파리 | C74: 기본 질문 1 | D74: 아직 일어나지 않은 일을 떠올리며 밤에 생각이 꼬리를 무는 날이 있나요? | E74: 초안 | H74: =LEN(IF(F74<>"",F74,D74)) -> 40 | I74: =IF(OR(H74<15,H74>90),"분량 확인","")
... A86: cards.21.asks.0 | B86: 21 한 바퀴의 바다 · 쏠 바다 친구들 모두 | C86: 기본 질문 1 | D86: 무언가를 끝내 가면서도 다음 목표에 쫓겨 스스로를 인정해 주지 못하고 있나요? | E86: 초안 | H86: =LEN(IF(F86<>"",F86,D86)) -> 43 | I86: =IF(OR(H86<15,H86>90),"분량 확인","")
A87: cards.21.asks.1 | B87: 21 한 바퀴의 바다 · 쏠 바다 친구들 모두 | C87: 기본 질문 2 | D87: 애써 지나온 시간을 '별거 아니었다'며 작게 여기고 있진 않으세요? | E87: 초안 | G87: [Claude 점검 · 고침] 같은 카드 asks.0('다음 목표에 쫓겨 스스로를 인정해 주지 못하고')과 내용이 거의 겹침 (전: 지나온 시간을 돌아볼 여유 없이 바로 다음으로 넘어가고 있진 않으세요?) | H87: =LEN(IF(F87<>"",F87,D87)) -> 37 | I87: =IF(OR(H87<15,H87>90),"분량 확인","")
A88: cards.21.reversed.asks.0 | B88: 21 한 바퀴의 바다 · 쏠 바다 친구들 모두 | C88: 기본 질문 1 · 역방향 | D88: 거의 다 왔는데 마지막 한 걸음만 유난히 무겁게 느껴지나요? | E88: 초안 | H88: =LEN(IF(F88<>"",F88,D88)) -> 33 | I88: =IF(OR(H88<15,H88>90),"분량 확인","")
A89: cards.21.reversed.asks.1 | B89: 21 한 바퀴의 바다 · 쏠 바다 친구들 모두 | C89: 기본 질문 2 · 역방향 | D89: 완벽하게 끝내고 싶어서 마무리를 자꾸 뒤로 미루고 있진 않나요? | E89: 초안 | H89: =LEN(IF(F89<>"",F89,D89)) -> 35 | I89: =IF(OR(H89<15,H89>90),"분량 확인","")

Sheet 마무리
A1: ID (수정 금지) | B1: 카드 · 분류 | C1: 항목 | D1: 현재 문장 (초안) | E1: 상태 | F1: 수정안 | G1: 검수 메모 | H1: 최종 글자 수 | I1: 분량
A2: cards.0.closing | B2: 00 첫 물장구 · 수달 | C2: 세 번째 카드일 때 마무리 문장 | D2: 이 세 장이 함께 말하는 한 가지는, 완벽한 준비보다 작은 첫 물장구가 길을 연다는 점이에요. | E2: 초안 | H2: =LEN(IF(F2<>"",F2,D2)) -> 52 | I2: =IF(OR(H2<25,H2>90),"분량 확인","")
A3: cards.0.reversed.closing | B3: 00 첫 물장구 · 수달 | C3: 세 번째 카드일 때 마무리 문장 · 역방향 | D3: 이 세 장이 함께 말하는 한 가지는, 망설이는 시간도 준비의 일부이고, 발끝 하나를 담그는 작은 시도면 충분하다는 점이에요. | E3: 초안 | H3: =LEN(IF(F3<>"",F3,D3)) -> 69 | I3: =IF(OR(H3<25,H3>90),"분량 확인","")
A4: cards.1.closing | B4: 01 여덟 갈래의 손 · 문어 | C4: 세 번째 카드일 때 마무리 문장 | D4: 이 세 장이 함께 말하는 한 가지는, 필요한 것은 새로운 무언가보다 이미 내 손에 있는 것을 알아보는 눈이라는 점이에요. | E4: 초안 | H4: =LEN(IF(F4<>"",F4,D4)) -> 67 | I4: =IF(OR(H4<25,H4>90),"분량 확인","")
A5: cards.1.reversed.closing | B5: 01 여덟 갈래의 손 · 문어 | C5: 세 번째 카드일 때 마무리 문장 · 역방향 | D5: 이 세 장이 함께 말하는 한 가지는, 모든 손에 힘을 주지 않아도, 가장 필요한 한 손에 힘을 모을 때 길이 보인다는 점이에요. | E5: 초안 | H5: =LEN(IF(F5<>"",F5,D5)) -> 71 | I5: =IF(OR(H5<25,H5>90),"분량 확인","")
A6: cards.2.closing | B6: 02 고요히 바라보기 · 왜가리 | C6: 세 번째 카드일 때 마무리 문장 | D6: 이 세 장이 함께 말하는 한 가지는, 답은 바깥보다 고요해진 내 안에서 먼저 들린다는 점이에요. | E6: 초안 | H6: =LEN(IF(F6<>"",F6,D6)) -> 53 | I6: =IF(OR(H6<25,H6>90),"분량 확인","")
A7: cards.2.reversed.closing | B7: 02 고요히 바라보기 · 왜가리 | C7: 세 번째 카드일 때 마무리 문장 · 역방향 | D7: 이 세 장이 함께 말하는 한 가지는, 바깥의 소리를 잠시 줄이면 내 안의 목소리가 다시 들리기 시작한다는 점이에요. | E7: 초안 | H7: =LEN(IF(F7<>"",F7,D7)) -> 64 | I7: =IF(OR(H7<25,H7>90),"분량 확인","")
A8: cards.3.closing | B8: 03 품어 주는 품 · 해달 | C8: 세 번째 카드일 때 마무리 문장 | D8: 이 세 장이 함께 말하는 한 가지는, 다른 사람을 돌보는 만큼 나를 돌보는 일도 소중한 책임이라는 점이에요. | E8: 초안 | H8: =LEN(IF(F8<>"",F8,D8)) -> 60 | I8: =IF(OR(H8<25,H8>90),"분량 확인","")
A9: cards.3.reversed.closing | B9: 03 품어 주는 품 · 해달 | C9: 세 번째 카드일 때 마무리 문장 · 역방향 | D9: 이 세 장이 함께 말하는 한 가지는, 남을 품는 만큼 나도 품어질 자격이 있고, 그 돌봄이 다시 나눌 힘이 된다는 점이에요. | E9: 초안 | H9: =LEN(IF(F9<>"",F9,D9)) -> 69 | I9: =IF(OR(H9<25,H9>90),"분량 확인","")
A10: cards.4.closing | B10: 04 지키는 자리 · 펭귄 | C10: 세 번째 카드일 때 마무리 문장 | D10: 이 세 장이 함께 말하는 한 가지는, 작은 질서 하나가 흔들리는 마음에 든든한 자리를 만들어 준다는 점이에요. | E10: 초안 | H10: =LEN(IF(F10<>"",F10,D10)) -> 61 | I10: =IF(OR(H10<25,H10>90),"분량 확인","")
A11: cards.4.reversed.closing | B11: 04 지키는 자리 · 펭귄 | C11: 세 번째 카드일 때 마무리 문장 · 역방향 | D11: 이 세 장이 함께 말하는 한 가지는, 모든 걸 붙잡지 않아도, 지키기 쉬운 작은 질서 하나가 나를 받쳐 줄 수 있다는 점이에요. | E11: 초안 | H11: =LEN(IF(F11<>"",F11,D11)) -> 71 | I11: =IF(OR(H11<25,H11>90),"분량 확인","")
A12: cards.5.closing | B12: 05 오래된 지혜 · 거북 | C12: 세 번째 카드일 때 마무리 문장 | D12: 이 세 장이 함께 말하는 한 가지는, 혼자 답을 찾지 않아도 기댈 수 있는 지혜가 곁에 있다는 점이에요. | E12: 초안 | H12: =LEN(IF(F12<>"",F12,D12)) -> 58 | I12: =IF(OR(H12<25,H12>90),"분량 확인","")
A13: cards.5.reversed.closing | B13: 05 오래된 지혜 · 거북 | C13: 세 번째 카드일 때 마무리 문장 · 역방향 | D13: 이 세 장이 함께 말하는 한 가지는, 혼자 답을 찾느라 애쓰지 않아도, 기댈 수 있는 지혜에 손을 뻗어도 괜찮다는 점이에요. | E13: 초안 | H13: =LEN(IF(F13<>"",F13,D13)) -> 69 | I13: =IF(OR(H13<25,H13>90),"분량 확인","")
... A17: cards.7.reversed.closing | B17: 07 파도를 타는 힘 · 돌고래 | C17: 세 번째 카드일 때 마무리 문장 · 역방향 | D17: 이 세 장이 함께 말하는 한 가지는, 속도보다 방향을 다시 정할 때 같은 힘으로도 더 멀리 갈 수 있다는 점이에요. | E17: 초안 | H17: =LEN(IF(F17<>"",F17,D17)) -> 64 | I17: =IF(OR(H17<25,H17>90),"분량 확인","")
A18: cards.8.closing | B18: 08 진주를 품는 힘 · 조개 | C18: 세 번째 카드일 때 마무리 문장 | D18: 이 세 장이 함께 말하는 한 가지는, 불편한 감정을 품어 주는 시간이 나를 단단하게 만드는 진주가 될 수 있다는 점이에요. | E18: 초안 | G18: [Claude 점검 · 고침] '불편함을 품는 시간'이 상황을 견디라는 뜻으로 읽힐 수 있음 (전: 이 세 장이 함께 말하는 한 가지는, 불편함을 품는 시간이 나를 단단하게 만드는 진주가 될 수 있다는 점이에요.) | H18: =LEN(IF(F18<>"",F18,D18)) -> 68 | I18: =IF(OR(H18<25,H18>90),"분량 확인","")
A19: cards.8.reversed.closing | B19: 08 진주를 품는 힘 · 조개 | C19: 세 번째 카드일 때 마무리 문장 · 역방향 | D19: 이 세 장이 함께 말하는 한 가지는, 참는 것만이 강함이 아니라, 불편한 마음을 꺼내 놓는 것도 나를 지키는 힘이라는 점이에요. | E19: 초안 | H19: =LEN(IF(F19<>"",F19,D19)) -> 71 | I19: =IF(OR(H19<25,H19>90),"분량 확인","")
A20: cards.9.closing | B20: 09 나만의 등불 · 바다의 노인 | C20: 세 번째 카드일 때 마무리 문장 | D20: 이 세 장이 함께 말하는 한 가지는, 혼자 있는 시간에도 등불 하나와 연결 하나면 길을 잃지 않는다는 점이에요. | E20: 초안 | H20: =LEN(IF(F20<>"",F20,D20)) -> 62 | I20: =IF(OR(H20<25,H20>90),"분량 확인","")
A21: cards.9.reversed.closing | B21: 09 나만의 등불 · 바다의 노인 | C21: 세 번째 카드일 때 마무리 문장 · 역방향 | D21: 이 세 장이 함께 말하는 한 가지는, 혼자의 시간이 무거워질 때는 작은 온기 하나가 다시 길을 비춰 줄 수 있다는 점이에요. | E21: 초안 | H21: =LEN(IF(F21<>"",F21,D21)) -> 69 | I21: =IF(OR(H21<25,H21>90),"분량 확인","")
A22: cards.10.closing | B22: 10 물살의 순환 · 가오리 | C22: 세 번째 카드일 때 마무리 문장 | D22: 이 세 장이 함께 말하는 한 가지는, 지금의 물살도 지나가고, 그 안에서도 고를 수 있는 움직임이 있다는 점이에요. | E22: 초안 | H22: =LEN(IF(F22<>"",F22,D22)) -> 64 | I22: =IF(OR(H22<25,H22>90),"분량 확인","")
A23: cards.10.reversed.closing | B23: 10 물살의 순환 · 가오리 | C23: 세 번째 카드일 때 마무리 문장 · 역방향 | D23: 이 세 장이 함께 말하는 한 가지는, 흐름에 맞서기보다 그 안에서 고를 수 있는 작은 움직임을 찾을 때 마음이 가벼워진다는 점이에요. | E23: 초안 | H23: =LEN(IF(F23<>"",F23,D23)) -> 74 | I23: =IF(OR(H23<25,H23>90),"분량 확인","")
A24: cards.11.closing | B24: 11 고요한 균형 · 백조 | C24: 세 번째 카드일 때 마무리 문장 | D24: 이 세 장이 함께 말하는 한 가지는, 남에게 그러듯 나에게도 공정한 저울을 내밀어도 괜찮다는 점이에요. | E24: 초안 | H24: =LEN(IF(F24<>"",F24,D24)) -> 57 | I24: =IF(OR(H24<25,H24>90),"분량 확인","")
A25: cards.11.reversed.closing | B25: 11 고요한 균형 · 백조 | C25: 세 번째 카드일 때 마무리 문장 · 역방향 | D25: 이 세 장이 함께 말하는 한 가지는, 기울어진 저울을 탓하기보다, 나에게도 공정한 시선을 건넬 때 균형이 돌아온다는 점이에요. | E25: 초안 | H25: =LEN(IF(F25<>"",F25,D25)) -> 70 | I25: =IF(OR(H25<25,H25>90),"분량 확인","")
A26: cards.12.closing | B26: 12 바위 위의 쉼 · 물범 | C26: 세 번째 카드일 때 마무리 문장 | D26: 이 세 장이 함께 말하는 한 가지는, 잠시 멈추는 것이 뒤처지는 게 아니라 다르게 보기 위한 시간이라는 점이에요. | E26: 초안 | H26: =LEN(IF(F26<>"",F26,D26)) -> 63 | I26: =IF(OR(H26<25,H26>90),"분량 확인","")
A27: cards.12.reversed.closing | B27: 12 바위 위의 쉼 · 물범 | C27: 세 번째 카드일 때 마무리 문장 · 역방향 | D27: 이 세 장이 함께 말하는 한 가지는, 죄책감 없는 짧은 쉼이 정체처럼 느껴지던 시간을 다시 숨 쉬게 한다는 점이에요. | E27: 초안 | H27: =LEN(IF(F27<>"",F27,D27)) -> 65 | I27: =IF(OR(H27<25,H27>90),"분량 확인","")
A28: cards.13.closing | B28: 13 새 집으로 이사 · 소라게 | C28: 세 번째 카드일 때 마무리 문장 | D28: 이 세 장이 함께 말하는 한 가지는, 맞지 않는 껍데기를 내려놓을 때 새 집으로 옮겨 갈 수 있다는 점이에요. | E28: 초안 | H28: =LEN(IF(F28<>"",F28,D28)) -> 61 | I28: =IF(OR(H28<25,H28>90),"분량 확인","")
A29: cards.13.reversed.closing | B29: 13 새 집으로 이사 · 소라게 | C29: 세 번째 카드일 때 마무리 문장 · 역방향 | D29: 이 세 장이 함께 말하는 한 가지는, 당장 떠나지 않아도, 내려놓을 것에 이름을 붙이는 데서 변화가 시작된다는 점이에요. | E29: 초안 | H29: =LEN(IF(F29<>"",F29,D29)) -> 67 | I29: =IF(OR(H29<25,H29>90),"분량 확인","")
A30: cards.14.closing | B30: 14 물과 뭍 사이 · 개구리 | C30: 세 번째 카드일 때 마무리 문장 | D30: 이 세 장이 함께 말하는 한 가지는, 둘 중 하나를 고르기보다 알맞게 섞어 내 삶의 균형을 찾을 수 있다는 점이에요. | E30: 초안 | H30: =LEN(IF(F30<>"",F30,D30)) -> 65 | I30: =IF(OR(H30<25,H30>90),"분량 확인","")
... A45: cards.21.reversed.closing | B45: 21 한 바퀴의 바다 · 쏠 바다 친구들 모두 | C45: 세 번째 카드일 때 마무리 문장 · 역방향 | D45: 이 세 장이 함께 말하는 한 가지는, 완벽한 끝보다 충분한 마무리가 다음 여정을 가볍게 열어 준다는 점이에요. | E45: 초안 | H45: =LEN(IF(F45<>"",F45,D45)) -> 61 | I45: =IF(OR(H45<25,H45>90),"분량 확인","")

Sheet 실천카드
A1: ID (수정 금지) | B1: 카드 · 분류 | C1: 항목 | D1: 현재 문장 (초안) | E1: 상태 | F1: 수정안 | G1: 검수 메모 | H1: 최종 글자 수 | I1: 분량
A2: cards.0.practices.0.title | B2: 00 첫 물장구 · 수달 | C2: 실천 1 · 제목 | D2: 5분만 시작하기 | E2: 초안 | H2: =LEN(IF(F2<>"",F2,D2)) -> 8 | I2: =IF(OR(H2<2,H2>120),"분량 확인","")
A3: cards.0.practices.0.how | B3: 00 첫 물장구 · 수달 | C3: 실천 1 · 방법 | D3: 미뤄 둔 일을 딱 5분만 해 보고, 5분이 지나면 멈춰도 괜찮다고 스스로에게 허락해요. | E3: 초안 | H3: =LEN(IF(F3<>"",F3,D3)) -> 48 | I3: =IF(OR(H3<2,H3>120),"분량 확인","")
A4: cards.0.practices.0.time | B4: 00 첫 물장구 · 수달 | C4: 실천 1 · 걸리는 시간 | D4: 5분 | E4: 초안 | H4: =LEN(IF(F4<>"",F4,D4)) -> 2 | I4: =IF(OR(H4<2,H4>120),"분량 확인","")
A5: cards.0.practices.0.why | B5: 00 첫 물장구 · 수달 | C5: 실천 1 · 왜 도움이 되나 | D5: 시작의 문턱을 5분으로 낮추면 미루게 만들던 부담이 줄고, 일단 움직였다는 감각이 다음 걸음을 데려와요. | E5: 초안 | H5: =LEN(IF(F5<>"",F5,D5)) -> 58 | I5: =IF(OR(H5<2,H5>120),"분량 확인","")
A6: cards.0.practices.1.title | B6: 00 첫 물장구 · 수달 | C6: 실천 2 · 제목 | D6: 호기심 메모 | E6: 초안 | H6: =LEN(IF(F6<>"",F6,D6)) -> 6 | I6: =IF(OR(H6<2,H6>120),"분량 확인","")
A7: cards.0.practices.1.how | B7: 00 첫 물장구 · 수달 | C7: 실천 2 · 방법 | D7: 오늘 궁금했던 것 몇 가지를 메모장에 적고, 그중 하나를 10분만 찾아봐요. | E7: 초안 | G7: [Claude 점검 · 고침] 하나를 적고 '그중 하나'를 고르라고 해서 앞뒤가 맞지 않음 (전: 오늘 궁금했던 것 하나를 메모장에 적고, 그중 하나를 10분만 찾아봐요.) | H7: =LEN(IF(F7<>"",F7,D7)) -> 42 | I7: =IF(OR(H7<2,H7>120),"분량 확인","")
A8: cards.0.practices.1.time | B8: 00 첫 물장구 · 수달 | C8: 실천 2 · 걸리는 시간 | D8: 10분 | E8: 초안 | H8: =LEN(IF(F8<>"",F8,D8)) -> 3 | I8: =IF(OR(H8<2,H8>120),"분량 확인","")
A9: cards.0.practices.1.why | B9: 00 첫 물장구 · 수달 | C9: 실천 2 · 왜 도움이 되나 | D9: 호기심은 결과에 대한 걱정보다 가볍게 마음을 움직여서, 새로운 시도를 덜 무섭게 만들어 줘요. | E9: 초안 | H9: =LEN(IF(F9<>"",F9,D9)) -> 52 | I9: =IF(OR(H9<2,H9>120),"분량 확인","")
A10: cards.0.practices.2.title | B10: 00 첫 물장구 · 수달 | C10: 실천 3 · 제목 | D10: 서툴러도 되는 일 정하기 | E10: 초안 | H10: =LEN(IF(F10<>"",F10,D10)) -> 13 | I10: =IF(OR(H10<2,H10>120),"분량 확인","")
A11: cards.0.practices.2.how | B11: 00 첫 물장구 · 수달 | C11: 실천 3 · 방법 | D11: 이번 주에 잘하지 않아도 되는 일 하나를 정해 '연습 중'이라고 이름 붙여요. | E11: 초안 | H11: =LEN(IF(F11<>"",F11,D11)) -> 43 | I11: =IF(OR(H11<2,H11>120),"분량 확인","")
A12: cards.0.practices.2.time | B12: 00 첫 물장구 · 수달 | C12: 실천 3 · 걸리는 시간 | D12: 3분 | E12: 초안 | H12: =LEN(IF(F12<>"",F12,D12)) -> 2 | I12: =IF(OR(H12<2,H12>120),"분량 확인","")
A13: cards.0.practices.2.why | B13: 00 첫 물장구 · 수달 | C13: 실천 3 · 왜 도움이 되나 | D13: '연습 중'이라고 이름 붙이면 잘해야 한다는 압박이 줄어 실수를 배움으로 받아들이기 쉬워져요. | E13: 초안 | H13: =LEN(IF(F13<>"",F13,D13)) -> 52 | I13: =IF(OR(H13<2,H13>120),"분량 확인","")
A14: cards.1.practices.0.title | B14: 01 여덟 갈래의 손 · 문어 | C14: 실천 1 · 제목 | D14: 자원 지도 그리기 | E14: 초안 | H14: =LEN(IF(F14<>"",F14,D14)) -> 9 | I14: =IF(OR(H14<2,H14>120),"분량 확인","")
A15: cards.1.practices.0.how | B15: 01 여덟 갈래의 손 · 문어 | C15: 실천 1 · 방법 | D15: 종이 가운데 고민을 쓰고, 둘레에 쓸 수 있는 자원 여덟 가지를 적어요. 사람, 시간, 경험, 물건 모두 괜찮아요. | E15: 초안 | H15: =LEN(IF(F15<>"",F15,D15)) -> 64 | I15: =IF(OR(H15<2,H15>120),"분량 확인","")
A16: cards.1.practices.0.time | B16: 01 여덟 갈래의 손 · 문어 | C16: 실천 1 · 걸리는 시간 | D16: 10분 | E16: 초안 | H16: =LEN(IF(F16<>"",F16,D16)) -> 3 | I16: =IF(OR(H16<2,H16>120),"분량 확인","")
A17: cards.1.practices.0.why | B17: 01 여덟 갈래의 손 · 문어 | C17: 실천 1 · 왜 도움이 되나 | D17: 없는 것 대신 가진 것을 눈으로 확인하면, 막막함이 '쓸 수 있는 것이 있다'는 감각으로 바뀌어요. | E17: 초안 | H17: =LEN(IF(F17<>"",F17,D17)) -> 55 | I17: =IF(OR(H17<2,H17>120),"분량 확인","")
A18: cards.1.practices.1.title | B18: 01 여덟 갈래의 손 · 문어 | C18: 실천 2 · 제목 | D18: 강점 하나 새롭게 쓰기 | E18: 초안 | H18: =LEN(IF(F18<>"",F18,D18)) -> 12 | I18: =IF(OR(H18<2,H18>120),"분량 확인","")
A19: cards.1.practices.1.how | B19: 01 여덟 갈래의 손 · 문어 | C19: 실천 2 · 방법 | D19: 내가 잘하는 것 하나를 골라 오늘 평소와 다른 자리에서 써 봐요. | E19: 초안 | H19: =LEN(IF(F19<>"",F19,D19)) -> 36 | I19: =IF(OR(H19<2,H19>120),"분량 확인","")
... A25: cards.1.practices.2.why | B25: 01 여덟 갈래의 손 · 문어 | C25: 실천 3 · 왜 도움이 되나 | D25: 할 일을 하나로 좁히면 힘이 흩어지지 않아, 끝냈다는 감각이 다음 일을 시작할 힘이 돼요. | E25: 초안 | H25: =LEN(IF(F25<>"",F25,D25)) -> 50 | I25: =IF(OR(H25<2,H25>120),"분량 확인","")
A26: cards.2.practices.0.title | B26: 02 고요히 바라보기 · 왜가리 | C26: 실천 1 · 제목 | D26: 3분 숨 고르기 | E26: 초안 | G26: [Claude 점검 · 고침] '호흡 공간'은 기법명 직역투 (전: 3분 호흡 공간) | H26: =LEN(IF(F26<>"",F26,D26)) -> 8 | I26: =IF(OR(H26<2,H26>120),"분량 확인","")
A27: cards.2.practices.0.how | B27: 02 고요히 바라보기 · 왜가리 | C27: 실천 1 · 방법 | D27: 1분은 지금 떠오르는 생각과 감정을, 1분은 숨을, 1분은 몸 전체를 차례로 알아차려요. | E27: 초안 | H27: =LEN(IF(F27<>"",F27,D27)) -> 49 | I27: =IF(OR(H27<2,H27>120),"분량 확인","")
A28: cards.2.practices.0.time | B28: 02 고요히 바라보기 · 왜가리 | C28: 실천 1 · 걸리는 시간 | D28: 3분 | E28: 초안 | H28: =LEN(IF(F28<>"",F28,D28)) -> 2 | I28: =IF(OR(H28<2,H28>120),"분량 확인","")
A29: cards.2.practices.0.why | B29: 02 고요히 바라보기 · 왜가리 | C29: 실천 1 · 왜 도움이 되나 | D29: 잠깐 멈춰 지금을 알아차리면 자동으로 돌던 생각에서 한 걸음 떨어져 내 마음을 들을 틈이 생겨요. | E29: 초안 | H29: =LEN(IF(F29<>"",F29,D29)) -> 54 | I29: =IF(OR(H29<2,H29>120),"분량 확인","")
A30: cards.2.practices.1.title | B30: 02 고요히 바라보기 · 왜가리 | C30: 실천 2 · 제목 | D30: 몸의 신호 적기 | E30: 초안 | H30: =LEN(IF(F30<>"",F30,D30)) -> 8 | I30: =IF(OR(H30<2,H30>120),"분량 확인","")
A31: cards.2.practices.1.how | B31: 02 고요히 바라보기 · 왜가리 | C31: 실천 2 · 방법 | D31: 지금 고민 중인 선택지를 하나씩 떠올리며 몸이 조여지는지 풀리는지 한 줄씩 적어요. | E31: 초안 | G31: [Claude 점검 · 고침] '선택지'가 무엇인지 앞에 설명이 없어 갑작스러움 (전: 선택지를 하나씩 떠올리며 몸이 조여지는지 풀리는지 한 줄씩 적어요.) | H31: =LEN(IF(F31<>"",F31,D31)) -> 46 | I31: =IF(OR(H31<2,H31>120),"분량 확인","")
A32: cards.2.practices.1.time | B32: 02 고요히 바라보기 · 왜가리 | C32: 실천 2 · 걸리는 시간 | D32: 5분 | E32: 초안 | H32: =LEN(IF(F32<>"",F32,D32)) -> 2 | I32: =IF(OR(H32<2,H32>120),"분량 확인","")
A33: cards.2.practices.1.why | B33: 02 고요히 바라보기 · 왜가리 | C33: 실천 2 · 왜 도움이 되나 | D33: 몸은 생각보다 먼저 반응하기 때문에, 조여지고 풀리는 느낌이 내가 정말 원하는 쪽을 알려 줄 수 있어요. | E33: 초안 | H33: =LEN(IF(F33<>"",F33,D33)) -> 58 | I33: =IF(OR(H33<2,H33>120),"분량 확인","")
A34: cards.2.practices.2.title | B34: 02 고요히 바라보기 · 왜가리 | C34: 실천 3 · 제목 | D34: 저녁 한 줄 일기 | E34: 초안 | H34: =LEN(IF(F34<>"",F34,D34)) -> 9 | I34: =IF(OR(H34<2,H34>120),"분량 확인","")
A35: cards.2.practices.2.how | B35: 02 고요히 바라보기 · 왜가리 | C35: 실천 3 · 방법 | D35: 자기 전 '오늘 내 마음이 가장 크게 움직인 순간'을 한 줄로 적어요. | E35: 초안 | H35: =LEN(IF(F35<>"",F35,D35)) -> 39 | I35: =IF(OR(H35<2,H35>120),"분량 확인","")
A36: cards.2.practices.2.time | B36: 02 고요히 바라보기 · 왜가리 | C36: 실천 3 · 걸리는 시간 | D36: 3분 | E36: 초안 | H36: =LEN(IF(F36<>"",F36,D36)) -> 2 | I36: =IF(OR(H36<2,H36>120),"분량 확인","")
A37: cards.2.practices.2.why | B37: 02 고요히 바라보기 · 왜가리 | C37: 실천 3 · 왜 도움이 되나 | D37: 하루 한 줄씩 쌓인 기록은 흘려보냈던 내 마음의 결을 보여 주는 지도가 돼요. | E37: 초안 | H37: =LEN(IF(F37<>"",F37,D37)) -> 43 | I37: =IF(OR(H37<2,H37>120),"분량 확인","")
A38: cards.3.practices.0.title | B38: 03 품어 주는 품 · 해달 | C38: 실천 1 · 제목 | D38: 나에게 다정한 쉼표 | E38: 초안 | G38: [Claude 점검 · 고침] '자기자비'는 이론 용어 (전: 자기자비 쉼표) | H38: =LEN(IF(F38<>"",F38,D38)) -> 10 | I38: =IF(OR(H38<2,H38>120),"분량 확인","")
A39: cards.3.practices.0.how | B39: 03 품어 주는 품 · 해달 | C39: 실천 1 · 방법 | D39: 힘든 순간 '지금 힘들구나, 누구나 이럴 때가 있어, 나에게 친절하자' 세 문장을 속으로 말해요. | E39: 초안 | H39: =LEN(IF(F39<>"",F39,D39)) -> 54 | I39: =IF(OR(H39<2,H39>120),"분량 확인","")
A40: cards.3.practices.0.time | B40: 03 품어 주는 품 · 해달 | C40: 실천 1 · 걸리는 시간 | D40: 1분 | E40: 초안 | H40: =LEN(IF(F40<>"",F40,D40)) -> 2 | I40: =IF(OR(H40<2,H40>120),"분량 확인","")
A41: cards.3.practices.0.why | B41: 03 품어 주는 품 · 해달 | C41: 실천 1 · 왜 도움이 되나 | D41: 힘든 마음을 탓하지 않고 알아봐 주면, 긴장한 몸이 조금씩 풀리는 데 도움이 돼요. | E41: 초안 | H41: =LEN(IF(F41<>"",F41,D41)) -> 46 | I41: =IF(OR(H41<2,H41>120),"분량 확인","")
A42: cards.3.practices.1.title | B42: 03 품어 주는 품 · 해달 | C42: 실천 2 · 제목 | D42: 나를 위한 10분 예약 | E42: 초안 | H42: =LEN(IF(F42<>"",F42,D42)) -> 12 | I42: =IF(OR(H42<2,H42>120),"분량 확인","")
A43: cards.3.practices.1.how | B43: 03 품어 주는 품 · 해달 | C43: 실천 2 · 방법 | D43: 오늘 일정표에 나만을 위한 10분을 적어 두고, 다른 일로 바꾸지 않아요. | E43: 초안 | H43: =LEN(IF(F43<>"",F43,D43)) -> 41 | I43: =IF(OR(H43<2,H43>120),"분량 확인","")
A44: cards.3.practices.1.time | B44: 03 품어 주는 품 · 해달 | C44: 실천 2 · 걸리는 시간 | D44: 10분 | E44: 초안 | H44: =LEN(IF(F44<>"",F44,D44)) -> 3 | I44: =IF(OR(H44<2,H44>120),"분량 확인","")
A45: cards.3.practices.1.why | B45: 03 품어 주는 품 · 해달 | C45: 실천 2 · 왜 도움이 되나 | D45: 쉼을 의지에 맡기지 않고 일정으로 만들어 두면, 죄책감 없이 쉬는 연습이 쉬워져요. | E45: 초안 | H45: =LEN(IF(F45<>"",F45,D45)) -> 46 | I45: =IF(OR(H45<2,H45>120),"분량 확인","")
A46: cards.3.practices.2.title | B46: 03 품어 주는 품 · 해달 | C46: 실천 3 · 제목 | D46: 따뜻한 손 얹기 | E46: 초안 | H46: =LEN(IF(F46<>"",F46,D46)) -> 8 | I46: =IF(OR(H46<2,H46>120),"분량 확인","")
A47: cards.3.practices.2.how | B47: 03 품어 주는 품 · 해달 | C47: 실천 3 · 방법 | D47: 가슴이나 배에 손을 얹고 손의 온기를 느끼며 천천히 세 번 숨 쉬어요. | E47: 초안 | H47: =LEN(IF(F47<>"",F47,D47)) -> 39 | I47: =IF(OR(H47<2,H47>120),"분량 확인","")
A48: cards.3.practices.2.time | B48: 03 품어 주는 품 · 해달 | C48: 실천 3 · 걸리는 시간 | D48: 1분 | E48: 초안 | H48: =LEN(IF(F48<>"",F48,D48)) -> 2 | I48: =IF(OR(H48<2,H48>120),"분량 확인","")
A49: cards.3.practices.2.why | B49: 03 품어 주는 품 · 해달 | C49: 실천 3 · 왜 도움이 되나 | D49: 손의 온기와 느린 호흡은 몸에 '이제 괜찮다'는 신호를 보내 마음을 가라앉히는 데 도움을 줘요. | E49: 초안 | H49: =LEN(IF(F49<>"",F49,D49)) -> 53 | I49: =IF(OR(H49<2,H49>120),"분량 확인","")
A50: cards.4.practices.0.title | B50: 04 지키는 자리 · 펭귄 | C50: 실천 1 · 제목 | D50: 두 개의 원 그리기 | E50: 초안 | H50: =LEN(IF(F50<>"",F50,D50)) -> 10 | I50: =IF(OR(H50<2,H50>120),"분량 확인","")
A51: cards.4.practices.0.how | B51: 04 지키는 자리 · 펭귄 | C51: 실천 1 · 방법 | D51: 큰 원 안에 작은 원을 그리고 안쪽 원에는 내가 바꿀 수 있는 것, 바깥 원에는 바꿀 수 없는 것을 적어요. | E51: 초안 | G51: [Claude 점검 · 고침] '원 두 개'의 안쪽·바깥이 무엇인지 모호함 (전: 원 두 개를 그리고 안쪽에는 내가 바꿀 수 있는 것, 바깥에는 바꿀 수 없는 것을 적어요.) | H51: =LEN(IF(F51<>"",F51,D51)) -> 60 | I51: =IF(OR(H51<2,H51>120),"분량 확인","")
A52: cards.4.practices.0.time | B52: 04 지키는 자리 · 펭귄 | C52: 실천 1 · 걸리는 시간 | D52: 10분 | E52: 초안 | H52: =LEN(IF(F52<>"",F52,D52)) -> 3 | I52: =IF(OR(H52<2,H52>120),"분량 확인","")
A53: cards.4.practices.0.why | B53: 04 지키는 자리 · 펭귄 | C53: 실천 1 · 왜 도움이 되나 | D53: 바꿀 수 있는 것과 없는 것을 나누면, 쥐고 있지 않아도 되는 걱정을 내려놓을 근거가 생겨요. | E53: 초안 | H53: =LEN(IF(F53<>"",F53,D53)) -> 52 | I53: =IF(OR(H53<2,H53>120),"분량 확인","")
A54: cards.4.practices.1.title | B54: 04 지키는 자리 · 펭귄 | C54: 실천 2 · 제목 | D54: 하루 기둥 하나 세우기 | E54: 초안 | H54: =LEN(IF(F54<>"",F54,D54)) -> 12 | I54: =IF(OR(H54<2,H54>120),"분량 확인","")
A55: cards.4.practices.1.how | B55: 04 지키는 자리 · 펭귄 | C55: 실천 2 · 방법 | D55: 기상, 식사, 잠자리에 드는 시간 중 하나를 골라 이번 주에는 매일 같은 시간에 해요. | E55: 초안 | G55: [Claude 점검 · 고침] '잠자리를 해요'로 읽혀 뜻이 어색함(성관계로도 읽힘), '이번 주는'도 어색 (전: 기상, 식사, 잠자리 중 하나를 골라 이번 주는 같은 시간에 해요.) | H55: =LEN(IF(F55<>"",F55,D55)) -> 48 | I55: =IF(OR(H55<2,H55>120),"분량 확인","")
A56: cards.4.practices.1.time | B56: 04 지키는 자리 · 펭귄 | C56: 실천 2 · 걸리는 시간 | D56: 이번 주 | E56: 초안 | H56: =LEN(IF(F56<>"",F56,D56)) -> 4 | I56: =IF(OR(H56<2,H56>120),"분량 확인","")
A57: cards.4.practices.1.why | B57: 04 지키는 자리 · 펭귄 | C57: 실천 2 · 왜 도움이 되나 | D57: 작은 규칙 하나가 하루의 중심을 잡아 주면, 흔들리는 날에도 돌아올 자리가 생겨요. | E57: 초안 | H57: =LEN(IF(F57<>"",F57,D57)) -> 46 | I57: =IF(OR(H57<2,H57>120),"분량 확인","")
A58: cards.4.practices.2.title | B58: 04 지키는 자리 · 펭귄 | C58: 실천 3 · 다가가기형 · 제목 | D58: 한 가지 부탁하기 | E58: 초안 | H58: =LEN(IF(F58<>"",F58,D58)) -> 9 | I58: =IF(OR(H58<2,H58>120),"분량 확인","")
A59: cards.4.practices.2.how | B59: 04 지키는 자리 · 펭귄 | C59: 실천 3 · 다가가기형 · 방법 | D59: 혼자 맡아 온 일 하나를 골라 함께할 사람에게 짧게 부탁해요. | E59: 초안 | H59: =LEN(IF(F59<>"",F59,D59)) -> 34 | I59: =IF(OR(H59<2,H59>120),"분량 확인","")
A60: cards.4.practices.2.time | B60: 04 지키는 자리 · 펭귄 | C60: 실천 3 · 다가가기형 · 걸리는 시간 | D60: 5분 | E60: 초안 | H60: =LEN(IF(F60<>"",F60,D60)) -> 2 | I60: =IF(OR(H60<2,H60>120),"분량 확인","")
A61: cards.4.practices.2.why | B61: 04 지키는 자리 · 펭귄 | C61: 실천 3 · 다가가기형 · 왜 도움이 되나 | D61: 짐을 나누는 경험은 혼자 다 지지 않아도 괜찮다는 믿음을 몸으로 익히게 해 줘요. | E61: 초안 | H61: =LEN(IF(F61<>"",F61,D61)) -> 45 | I61: =IF(OR(H61<2,H61>120),"분량 확인","")
A62: cards.5.practices.0.title | B62: 05 오래된 지혜 · 거북 | C62: 실천 1 · 다가가기형 · 제목 | D62: 질문 하나 보내기 | E62: 초안 | H62: =LEN(IF(F62<>"",F62,D62)) -> 9 | I62: =IF(OR(H62<2,H62>120),"분량 확인","")
A63: cards.5.practices.0.how | B63: 05 오래된 지혜 · 거북 | C63: 실천 1 · 다가가기형 · 방법 | D63: 비슷한 경험이 있는 사람에게 '혹시 이럴 때 어떻게 했어요?' 한 줄을 보내요. | E63: 초안 | G63: [Claude 점검 · 다가가기형으로 분류(문장 유지)] 다가가기형이 아닌데 다른 사람에게 메시지를 보내라고 함(폭력·통제 신호가 있어도 빠지지 않음) | H63: =LEN(IF(F63<>"",F63,D63)) -> 44 | I63: =IF(OR(H63<2,H63>120),"분량 확인","")
A64: cards.5.practices.0.time | B64: 05 오래된 지혜 · 거북 | C64: 실천 1 · 다가가기형 · 걸리는 시간 | D64: 5분 | E64: 초안 | H64: =LEN(IF(F64<>"",F64,D64)) -> 2 | I64: =IF(OR(H64<2,H64>120),"분량 확인","")
A65: cards.5.practices.0.why | B65: 05 오래된 지혜 · 거북 | C65: 실천 1 · 다가가기형 · 왜 도움이 되나 | D65: 먼저 지나간 사람의 경험은 혼자 맴돌던 생각에 새 길을 열어 주고, 묻는 것 자체가 외로움을 덜어 줘요. | E65: 초안 | G65: [Claude 점검 · 다가가기형으로 분류(문장 유지)] '묻는 것 자체가 외로움을 덜어 줘요'가 연락을 전제로 함(다가가기형 아님) | H65: =LEN(IF(F65<>"",F65,D65)) -> 58 | I65: =IF(OR(H65<2,H65>120),"분량 확인","")
A66: cards.5.practices.1.title | B66: 05 오래된 지혜 · 거북 | C66: 실천 2 · 제목 | D66: 지혜의 문장 지니기 | E66: 초안 | H66: =LEN(IF(F66<>"",F66,D66)) -> 10 | I66: =IF(OR(H66<2,H66>120),"분량 확인","")
A67: cards.5.practices.1.how | B67: 05 오래된 지혜 · 거북 | C67: 실천 2 · 방법 | D67: 마음에 남는 문장 하나를 골라 휴대폰 잠금 화면이나 메모에 일주일 동안 두어요. | E67: 초안 | H67: =LEN(IF(F67<>"",F67,D67)) -> 44 | I67: =IF(OR(H67<2,H67>120),"분량 확인","")
A68: cards.5.practices.1.time | B68: 05 오래된 지혜 · 거북 | C68: 실천 2 · 걸리는 시간 | D68: 이번 주 | E68: 초안 | H68: =LEN(IF(F68<>"",F68,D68)) -> 4 | I68: =IF(OR(H68<2,H68>120),"분량 확인","")
A69: cards.5.practices.1.why | B69: 05 오래된 지혜 · 거북 | C69: 실천 2 · 왜 도움이 되나 | D69: 마음에 닿는 문장을 자주 보면, 흔들리는 순간에 꺼내 쓸 수 있는 생각의 닻이 돼요. | E69: 초안 | H69: =LEN(IF(F69<>"",F69,D69)) -> 47 | I69: =IF(OR(H69<2,H69>120),"분량 확인","")
A70: cards.5.practices.2.title | B70: 05 오래된 지혜 · 거북 | C70: 실천 3 · 제목 | D70: 친구에게 쓰는 조언 | E70: 초안 | H70: =LEN(IF(F70<>"",F70,D70)) -> 10 | I70: =IF(OR(H70<2,H70>120),"분량 확인","")
A71: cards.5.practices.2.how | B71: 05 오래된 지혜 · 거북 | C71: 실천 3 · 방법 | D71: 같은 고민을 가진 친구가 있다면 무슨 말을 해 줄지 다섯 줄로 적어요. | E71: 초안 | H71: =LEN(IF(F71<>"",F71,D71)) -> 39 | I71: =IF(OR(H71<2,H71>120),"분량 확인","")
A72: cards.5.practices.2.time | B72: 05 오래된 지혜 · 거북 | C72: 실천 3 · 걸리는 시간 | D72: 10분 | E72: 초안 | H72: =LEN(IF(F72<>"",F72,D72)) -> 3 | I72: =IF(OR(H72<2,H72>120),"분량 확인","")
A73: cards.5.practices.2.why | B73: 05 오래된 지혜 · 거북 | C73: 실천 3 · 왜 도움이 되나 | D73: 남에게 하는 조언은 나에게 하는 말보다 너그러워서, 내 고민을 한 발 떨어져 보게 해 줘요. | E73: 초안 | H73: =LEN(IF(F73<>"",F73,D73)) -> 51 | I73: =IF(OR(H73<2,H73>120),"분량 확인","")
A74: cards.6.practices.0.title | B74: 06 나란히 헤엄 · 원앙 | C74: 실천 1 · 제목 | D74: 가치 카드 세 장 | E74: 초안 | H74: =LEN(IF(F74<>"",F74,D74)) -> 9 | I74: =IF(OR(H74<2,H74>120),"분량 확인","")
A75: cards.6.practices.0.how | B75: 06 나란히 헤엄 · 원앙 | C75: 실천 1 · 방법 | D75: 관계에서 내가 가장 소중히 여기는 가치 세 가지를 적고, 그 가치에 맞는 행동을 하나씩 붙여 봐요. | E75: 초안 | H75: =LEN(IF(F75<>"",F75,D75)) -> 55 | I75: =IF(OR(H75<2,H75>120),"분량 확인","")
A76: cards.6.practices.0.time | B76: 06 나란히 헤엄 · 원앙 | C76: 실천 1 · 걸리는 시간 | D76: 10분 | E76: 초안 | H76: =LEN(IF(F76<>"",F76,D76)) -> 3 | I76: =IF(OR(H76<2,H76>120),"분량 확인","")
A77: cards.6.practices.0.why | B77: 06 나란히 헤엄 · 원앙 | C77: 실천 1 · 왜 도움이 되나 | D77: 내가 소중히 여기는 것이 분명해지면, 상대의 반응에 덜 흔들리고 나다운 선택을 하기 쉬워져요. | E77: 초안 | H77: =LEN(IF(F77<>"",F77,D77)) -> 52 | I77: =IF(OR(H77<2,H77>120),"분량 확인","")
A78: cards.6.practices.1.title | B78: 06 나란히 헤엄 · 원앙 | C78: 실천 2 · 다가가기형 · 제목 | D78: '나는'으로 시작하는 한 문장 | E78: 초안 | G78: [Claude 점검 · 고침] '나-전달법'은 이론·기법명(전문 용어) (전: 나-전달법 한 문장) | H78: =LEN(IF(F78<>"",F78,D78)) -> 16 | I78: =IF(OR(H78<2,H78>120),"분량 확인","")
A79: cards.6.practices.1.how | B79: 06 나란히 헤엄 · 원앙 | C79: 실천 2 · 다가가기형 · 방법 | D79: 편하게 말할 수 있는 사람에게 '나는 ~할 때 ~하게 느껴져'라는 형식으로 내 마음 하나를 전해요. | E79: 초안 | G79: [Claude 점검 · 고침] 누구에게 전하는지 빠져 있음. 서운함·갈등을 상대에게 직접 말하게 해서, 폭력 신호를 밝히지 않은 사용자에게는 위험할 수 있음 (전: '나는 ~할 때 ~하게 느껴져'라는 형식으로 내 마음 하나를 전해요.) | H79: =LEN(IF(F79<>"",F79,D79)) -> 55 | I79: =IF(OR(H79<2,H79>120),"분량 확인","")
A80: cards.6.practices.1.time | B80: 06 나란히 헤엄 · 원앙 | C80: 실천 2 · 다가가기형 · 걸리는 시간 | D80: 5분 | E80: 초안 | H80: =LEN(IF(F80<>"",F80,D80)) -> 2 | I80: =IF(OR(H80<2,H80>120),"분량 확인","")
A81: cards.6.practices.1.why | B81: 06 나란히 헤엄 · 원앙 | C81: 실천 2 · 다가가기형 · 왜 도움이 되나 | D81: 상대를 탓하는 대신 내 마음을 설명하면, 방어 대신 이해가 오갈 자리가 생겨요. | E81: 초안 | H81: =LEN(IF(F81<>"",F81,D81)) -> 44 | I81: =IF(OR(H81<2,H81>120),"분량 확인","")
A82: cards.6.practices.2.title | B82: 06 나란히 헤엄 · 원앙 | C82: 실천 3 · 다가가기형 · 제목 | D82: 작은 다가감 | E82: 초안 | H82: =LEN(IF(F82<>"",F82,D82)) -> 6 | I82: =IF(OR(H82<2,H82>120),"분량 확인","")
A83: cards.6.practices.2.how | B83: 06 나란히 헤엄 · 원앙 | C83: 실천 3 · 다가가기형 · 방법 | D83: 고마운 사람에게 구체적인 이유를 담은 짧은 메시지를 보내요. | E83: 초안 | H83: =LEN(IF(F83<>"",F83,D83)) -> 33 | I83: =IF(OR(H83<2,H83>120),"분량 확인","")
A84: cards.6.practices.2.time | B84: 06 나란히 헤엄 · 원앙 | C84: 실천 3 · 다가가기형 · 걸리는 시간 | D84: 3분 | E84: 초안 | H84: =LEN(IF(F84<>"",F84,D84)) -> 2 | I84: =IF(OR(H84<2,H84>120),"분량 확인","")
A85: cards.6.practices.2.why | B85: 06 나란히 헤엄 · 원앙 | C85: 실천 3 · 다가가기형 · 왜 도움이 되나 | D85: 구체적인 고마움을 전하는 작은 행동은 관계에 따뜻한 연결의 경험을 하나씩 쌓아 줘요. | E85: 초안 | H85: =LEN(IF(F85<>"",F85,D85)) -> 47 | I85: =IF(OR(H85<2,H85>120),"분량 확인","")
A86: cards.7.practices.0.title | B86: 07 파도를 타는 힘 · 돌고래 | C86: 실천 1 · 제목 | D86: 이번 주 방향 한 줄 | E86: 초안 | H86: =LEN(IF(F86<>"",F86,D86)) -> 11 | I86: =IF(OR(H86<2,H86>120),"분량 확인","")
A87: cards.7.practices.0.how | B87: 07 파도를 타는 힘 · 돌고래 | C87: 실천 1 · 방법 | D87: 이번 주에 가장 중요한 목표 하나를 한 문장으로 적어 눈에 보이는 곳에 붙여요. | E87: 초안 | H87: =LEN(IF(F87<>"",F87,D87)) -> 44 | I87: =IF(OR(H87<2,H87>120),"분량 확인","")
A88: cards.7.practices.0.time | B88: 07 파도를 타는 힘 · 돌고래 | C88: 실천 1 · 걸리는 시간 | D88: 3분 | E88: 초안 | H88: =LEN(IF(F88<>"",F88,D88)) -> 2 | I88: =IF(OR(H88<2,H88>120),"분량 확인","")
A89: cards.7.practices.0.why | B89: 07 파도를 타는 힘 · 돌고래 | C89: 실천 1 · 왜 도움이 되나 | D89: 방향이 한 줄로 정리되면 여러 기대 사이에서 힘이 흩어지지 않고 한쪽으로 모여요. | E89: 초안 | H89: =LEN(IF(F89<>"",F89,D89)) -> 45 | I89: =IF(OR(H89<2,H89>120),"분량 확인","")
A90: cards.7.practices.1.title | B90: 07 파도를 타는 힘 · 돌고래 | C90: 실천 2 · 제목 | D90: 만약-그러면 계획 | E90: 초안 | H90: =LEN(IF(F90<>"",F90,D90)) -> 9 | I90: =IF(OR(H90<2,H90>120),"분량 확인","")
A91: cards.7.practices.1.how | B91: 07 파도를 타는 힘 · 돌고래 | C91: 실천 2 · 방법 | D91: '만약 ~한 상황이 오면, 나는 ~를 한다'는 문장을 하나 만들어 둬요. | E91: 초안 | H91: =LEN(IF(F91<>"",F91,D91)) -> 40 | I91: =IF(OR(H91<2,H91>120),"분량 확인","")
... A93: cards.7.practices.1.why | B93: 07 파도를 타는 힘 · 돌고래 | C93: 실천 2 · 왜 도움이 되나 | D93: 상황과 행동을 미리 짝지어 두면, 막상 그 순간이 왔을 때 고민 없이 움직이기 쉬워져요. | E93: 초안 | H93: =LEN(IF(F93<>"",F93,D93)) -> 49 | I93: =IF(OR(H93<2,H93>120),"분량 확인","")
A94: cards.7.practices.2.title | B94: 07 파도를 타는 힘 · 돌고래 | C94: 실천 3 · 제목 | D94: 잘 풀린 흐름 찾기 | E94: 초안 | G94: [Claude 점검 · 고침] '잘되다'는 한 단어 (전: 잘 된 흐름 찾기) | H94: =LEN(IF(F94<>"",F94,D94)) -> 10 | I94: =IF(OR(H94<2,H94>120),"분량 확인","")
A95: cards.7.practices.2.how | B95: 07 파도를 타는 힘 · 돌고래 | C95: 실천 3 · 방법 | D95: 최근 잘 풀린 일 하나와 그때 도움이 된 조건을 적어요. | E95: 초안 | H95: =LEN(IF(F95<>"",F95,D95)) -> 31 | I95: =IF(OR(H95<2,H95>120),"분량 확인","")
A96: cards.7.practices.2.time | B96: 07 파도를 타는 힘 · 돌고래 | C96: 실천 3 · 걸리는 시간 | D96: 5분 | E96: 초안 | H96: =LEN(IF(F96<>"",F96,D96)) -> 2 | I96: =IF(OR(H96<2,H96>120),"분량 확인","")
A97: cards.7.practices.2.why | B97: 07 파도를 타는 힘 · 돌고래 | C97: 실천 3 · 왜 도움이 되나 | D97: 이미 잘 풀린 경험에서 조건을 찾으면, 새로 애쓰기보다 그 흐름을 다시 만들 수 있어요. | E97: 초안 | G97: [Claude 점검 · 고침] '잘되다'는 한 단어 (전: 이미 잘 된 경험에서 조건을 찾으면, 새로 애쓰기보다 그 흐름을 다시 만들 수 있어요.) | H97: =LEN(IF(F97<>"",F97,D97)) -> 49 | I97: =IF(OR(H97<2,H97>120),"분량 확인","")
A98: cards.8.practices.0.title | B98: 08 진주를 품는 힘 · 조개 | C98: 실천 1 · 제목 | D98: 감정에 이름 붙이기 | E98: 초안 | H98: =LEN(IF(F98<>"",F98,D98)) -> 10 | I98: =IF(OR(H98<2,H98>120),"분량 확인","")
A99: cards.8.practices.0.how | B99: 08 진주를 품는 힘 · 조개 | C99: 실천 1 · 방법 | D99: 지금 느끼는 감정을 한 단어로 이름 붙이고 '나는 지금 ~를 느끼고 있구나'라고 말해요. | E99: 초안 | H99: =LEN(IF(F99<>"",F99,D99)) -> 49 | I99: =IF(OR(H99<2,H99>120),"분량 확인","")
A100: cards.8.practices.0.time | B100: 08 진주를 품는 힘 · 조개 | C100: 실천 1 · 걸리는 시간 | D100: 1분 | E100: 초안 | H100: =LEN(IF(F100<>"",F100,D100)) -> 2 | I100: =IF(OR(H100<2,H100>120),"분량 확인","")
A101: cards.8.practices.0.why | B101: 08 진주를 품는 힘 · 조개 | C101: 실천 1 · 왜 도움이 되나 | D101: 감정에 이름을 붙이면 그 감정의 세기가 한결 누그러지는 것으로 알려져 있어요. | E101: 초안 | H101: =LEN(IF(F101<>"",F101,D101)) -> 43 | I101: =IF(OR(H101<2,H101>120),"분량 확인","")
A102: cards.8.practices.1.title | B102: 08 진주를 품는 힘 · 조개 | C102: 실천 2 · 제목 | D102: 2분 감정 바라보기 | E102: 초안 | H102: =LEN(IF(F102<>"",F102,D102)) -> 10 | I102: =IF(OR(H102<2,H102>120),"분량 확인","")
A103: cards.8.practices.1.how | B103: 08 진주를 품는 힘 · 조개 | C103: 실천 2 · 방법 | D103: 지금 느끼는 감정이 몸 어디에서 느껴지는지 찾아 2분 동안 바꾸려 하지 않고 바라봐요. | E103: 초안 | G103: [Claude 점검 · 고침] '그 감정'이 가리키는 대상이 이 문장만으로는 없음(따로 보이면 어색) (전: 그 감정이 몸 어디에서 느껴지는지 찾아 2분 동안 바꾸려 하지 않고 바라봐요.) | H103: =LEN(IF(F103<>"",F103,D103)) -> 48 | I103: =IF(OR(H103<2,H103>120),"분량 확인","")
A104: cards.8.practices.1.time | B104: 08 진주를 품는 힘 · 조개 | C104: 실천 2 · 걸리는 시간 | D104: 2분 | E104: 초안 | H104: =LEN(IF(F104<>"",F104,D104)) -> 2 | I104: =IF(OR(H104<2,H104>120),"분량 확인","")
A105: cards.8.practices.1.why | B105: 08 진주를 품는 힘 · 조개 | C105: 실천 2 · 왜 도움이 되나 | D105: 감정을 밀어내지 않고 바라보면, 파도처럼 올라왔다 가라앉는 흐름을 직접 경험하게 돼요. | E105: 초안 | H105: =LEN(IF(F105<>"",F105,D105)) -> 48 | I105: =IF(OR(H105<2,H105>120),"분량 확인","")
A106: cards.8.practices.2.title | B106: 08 진주를 품는 힘 · 조개 | C106: 실천 3 · 제목 | D106: 견뎌 낸 것 목록 | E106: 초안 | H106: =LEN(IF(F106<>"",F106,D106)) -> 9 | I106: =IF(OR(H106<2,H106>120),"분량 확인","")
...

Sheet 웰니스처방
A1: ID (수정 금지) | B1: 카드 · 분류 | C1: 항목 | D1: 현재 문장 (초안) | E1: 상태 | F1: 수정안 | G1: 검수 메모 | H1: 최종 글자 수 | I1: 분량
A2: prescriptions.by_domain_need.CAR_REST.title | B2: 직업·커리어 × 쉼 | C2: 영역×필요 CAR_REST · 쏠 실천 NEW-WORK-TRANSITION-01 · 제목 | D2: 퇴근을 알리는 마지막 파일 닫기 | E2: 초안 | G2: [쏠 실천 통합본 NEW-WORK-TRANSITION-01] 뜻은 원본 그대로, 설명 어미·이유를 타로 결과용으로 다듬음 | H2: =LEN(IF(F2<>"",F2,D2)) -> 17 | I2: =IF(OR(H2<4,H2>140),"분량 확인","")
A3: prescriptions.by_domain_need.CAR_REST.how | B3: 직업·커리어 × 쉼 | C3: 영역×필요 CAR_REST · 쏠 실천 NEW-WORK-TRANSITION-01 · 방법 | D3: 업무를 마칠 때 작업 파일을 정리하고 내일 첫 행동만 남겨두세요. | E3: 초안 | H3: =LEN(IF(F3<>"",F3,D3)) -> 36 | I3: =IF(OR(H3<4,H3>140),"분량 확인","")
A4: prescriptions.by_domain_need.CAR_REST.why | B4: 직업·커리어 × 쉼 | C4: 영역×필요 CAR_REST · 쏠 실천 NEW-WORK-TRANSITION-01 · 왜 도움이 되나 | D4: 일의 끝을 눈에 보이게 표시해 두면, 머리가 일하는 모드에서 쉬는 모드로 넘어가기 쉬워져요. | E4: 초안 | H4: =LEN(IF(F4<>"",F4,D4)) -> 51 | I4: =IF(OR(H4<4,H4>140),"분량 확인","")
A5: prescriptions.by_domain_need.CAR_START.title | B5: 직업·커리어 × 시작할 용기 | C5: 영역×필요 CAR_START · 쏠 실천 NEW-WORK-FOCUS-05 · 제목 | D5: 가장 작은 시작 문장 적기 | E5: 초안 | G5: [쏠 실천 통합본 NEW-WORK-FOCUS-05] 뜻은 원본 그대로, 설명 어미·이유를 타로 결과용으로 다듬음 | H5: =LEN(IF(F5<>"",F5,D5)) -> 14 | I5: =IF(OR(H5<4,H5>140),"분량 확인","")
A6: prescriptions.by_domain_need.CAR_START.how | B6: 직업·커리어 × 시작할 용기 | C6: 영역×필요 CAR_START · 쏠 실천 NEW-WORK-FOCUS-05 · 방법 | D6: 미뤄둔 일이 있다면 첫 행동을 1분 안에 시작할 수 있는 문장으로 바꿔보세요. | E6: 초안 | H6: =LEN(IF(F6<>"",F6,D6)) -> 43 | I6: =IF(OR(H6<4,H6>140),"분량 확인","")
A7: prescriptions.by_domain_need.CAR_START.why | B7: 직업·커리어 × 시작할 용기 | C7: 영역×필요 CAR_START · 쏠 실천 NEW-WORK-FOCUS-05 · 왜 도움이 되나 | D7: 시작이 1분짜리로 작아지면 미루게 만들던 부담이 줄고, 일단 손을 대는 순간 다음 걸음이 따라오기 쉬워요. | E7: 초안 | H7: =LEN(IF(F7<>"",F7,D7)) -> 59 | I7: =IF(OR(H7<4,H7>140),"분량 확인","")
A8: prescriptions.by_domain_need.CAR_CHOOSE.title | B8: 직업·커리어 × 정리와 선택 | C8: 영역×필요 CAR_CHOOSE · 쏠 실천 THX-PPT-22 · 제목 | D8: 최선을 쓸 곳 한 곳과 '충분히'로 둘 곳 한 곳 나누기 | E8: 초안 | G8: [쏠 실천 통합본 THX-PPT-22] 원본 문장 그대로 | H8: =LEN(IF(F8<>"",F8,D8)) -> 31 | I8: =IF(OR(H8<4,H8>140),"분량 확인","")
A9: prescriptions.by_domain_need.CAR_CHOOSE.how | B9: 직업·커리어 × 정리와 선택 | C9: 영역×필요 CAR_CHOOSE · 쏠 실천 THX-PPT-22 · 방법 | D9: 요즘 해야 할 일과 선택들을 떠올려, 정말 최선을 쓰고 싶은 곳 한 곳과 '이 정도면 충분해'로 둘 곳 한 곳을 골라 적어보세요. 대충 하자는 게 아니라 에너지를 어디에 쓸지 정하는 일입니다. | E9: 초안 | H9: =LEN(IF(F9<>"",F9,D9)) -> 107 | I9: =IF(OR(H9<4,H9>140),"분량 확인","")
A10: prescriptions.by_domain_need.CAR_CHOOSE.why | B10: 직업·커리어 × 정리와 선택 | C10: 영역×필요 CAR_CHOOSE · 쏠 실천 THX-PPT-22 · 왜 도움이 되나 | D10: 모든 곳에 최선을 쓰면 금방 지쳐요. 대충이 아니라 정말 중요한 곳에 최선을 쓰도록 나눠봐요. | E10: 초안 | H10: =LEN(IF(F10<>"",F10,D10)) -> 52 | I10: =IF(OR(H10<4,H10>140),"분량 확인","")
A11: prescriptions.by_domain_need.CAR_CONNECT.title | B11: 직업·커리어 × 연결 | C11: 영역×필요 CAR_CONNECT · 쏠 실천 WORK-TALK-L1-01 · 다가가기형 · 제목 | D11: 혼자 끌어안지 않고 가볍게라도 나눠보기 | E11: 초안 | G11: [쏠 실천 통합본 WORK-TALK-L1-01] 뜻은 원본 그대로, 설명 어미·이유를 타로 결과용으로 다듬음 | H11: =LEN(IF(F11<>"",F11,D11)) -> 21 | I11: =IF(OR(H11<4,H11>140),"분량 확인","")
A12: prescriptions.by_domain_need.CAR_CONNECT.how | B12: 직업·커리어 × 연결 | C12: 영역×필요 CAR_CONNECT · 쏠 실천 WORK-TALK-L1-01 · 다가가기형 · 방법 | D12: 요즘 일에서 버거운 점 하나를 믿을 만한 동료나 가까운 사람에게 한두 문장으로 가볍게 나눠보세요. | E12: 초안 | H12: =LEN(IF(F12<>"",F12,D12)) -> 54 | I12: =IF(OR(H12<4,H12>140),"분량 확인","")
A13: prescriptions.by_domain_need.CAR_CONNECT.why | B13: 직업·커리어 × 연결 | C13: 영역×필요 CAR_CONNECT · 쏠 실천 WORK-TALK-L1-01 · 다가가기형 · 왜 도움이 되나 | D13: 혼자 끌어안은 고민은 실제보다 무겁게 느껴져서, 말로 꺼내는 것만으로도 무게가 조금 나뉘어요. | E13: 초안 | H13: =LEN(IF(F13<>"",F13,D13)) -> 52 | I13: =IF(OR(H13<4,H13>140),"분량 확인","")
A14: prescriptions.by_domain_need.CAR_BOUNDARY.title | B14: 직업·커리어 × 나를 지키는 선 | C14: 영역×필요 CAR_BOUNDARY · 쏠 실천 NEW-WORK-TRANSITION-08 · 제목 | D14: 출근 전 오늘 꼭 지킬 경계 정하기 | E14: 초안 | G14: [쏠 실천 통합본 NEW-WORK-TRANSITION-08] 뜻은 원본 그대로, 설명 어미·이유를 타로 결과용으로 다듬음 | H14: =LEN(IF(F14<>"",F14,D14)) -> 19 | I14: =IF(OR(H14<4,H14>140),"분량 확인","")
A15: prescriptions.by_domain_need.CAR_BOUNDARY.how | B15: 직업·커리어 × 나를 지키는 선 | C15: 영역×필요 CAR_BOUNDARY · 쏠 실천 NEW-WORK-TRANSITION-08 · 방법 | D15: 할 수 있는 범위에서 오늘만큼은 지키고 싶은 퇴근 후 행동 하나를 정해보세요. | E15: 초안 | H15: =LEN(IF(F15<>"",F15,D15)) -> 43 | I15: =IF(OR(H15<4,H15>140),"분량 확인","")
A16: prescriptions.by_domain_need.CAR_BOUNDARY.why | B16: 직업·커리어 × 나를 지키는 선 | C16: 영역×필요 CAR_BOUNDARY · 쏠 실천 NEW-WORK-TRANSITION-08 · 왜 도움이 되나 | D16: 지킬 선을 아침에 미리 정해 두면, 바쁜 하루 끝에도 나를 위한 시간을 덜 내주게 돼요. | E16: 초안 | H16: =LEN(IF(F16<>"",F16,D16)) -> 49 | I16: =IF(OR(H16<4,H16>140),"분량 확인","")
A17: prescriptions.by_domain_need.CAR_LETGO.title | B17: 직업·커리어 × 놓아주기와 회복 | C17: 영역×필요 CAR_LETGO · 쏠 실천 THX-REBT-17 · 제목 | D17: '나는 ~한 사람'을 '이번 일은 ~했다'로 바꿔 쓰기 | E17: 초안 | G17: [쏠 실천 통합본 THX-REBT-17] 원본 문장 그대로 | H17: =LEN(IF(F17<>"",F17,D17)) -> 30 | I17: =IF(OR(H17<4,H17>140),"분량 확인","")
A18: prescriptions.by_domain_need.CAR_LETGO.how | B18: 직업·커리어 × 놓아주기와 회복 | C18: 영역×필요 CAR_LETGO · 쏠 실천 THX-REBT-17 · 방법 | D18: 아쉬웠던 일 하나를 떠올려 '나는 부족한 사람이야'처럼 나 전체를 평가한 문장이 있으면 적어보세요. 그 문장을 '이번 발표는 준비가 짧았다'처럼 행동에 대한 평가로 바꿔 쓰고, 다음에 달리해볼 점 하나를 덧붙입니다. 행동 평가는 솔직하게 해도 괜찮아요. | E18: 초안 | H18: =LEN(IF(F18<>"",F18,D18)) -> 141 | I18: =IF(OR(H18<4,H18>140),"분량 확인","") -> 분량 확인
A19: prescriptions.by_domain_need.CAR_LETGO.why | B19: 직업·커리어 × 놓아주기와 회복 | C19: 영역×필요 CAR_LETGO · 쏠 실천 THX-REBT-17 · 왜 도움이 되나 | D19: '이번 발표는 부족했다'와 '나는 부족한 사람'은 달라서, 일에 대한 평가와 나를 떼어 적어봐요. | E19: 초안 | H19: =LEN(IF(F19<>"",F19,D19)) -> 54 | I19: =IF(OR(H19<4,H19>140),"분량 확인","")
A20: prescriptions.by_domain_need.DIR_REST.title | B20: 진로·자기계발 × 쉼 | C20: 영역×필요 DIR_REST · 쏠 실천 NEW-SELF-VALUES-10 · 제목 | D20: 아직 답이 없는 질문 보관하기 | E20: 초안 | G20: [쏠 실천 통합본 NEW-SELF-VALUES-10] 뜻은 원본 그대로, 설명 어미·이유를 타로 결과용으로 다듬음 | H20: =LEN(IF(F20<>"",F20,D20)) -> 16 | I20: =IF(OR(H20<4,H20>140),"분량 확인","")
A21: prescriptions.by_domain_need.DIR_REST.how | B21: 진로·자기계발 × 쉼 | C21: 영역×필요 DIR_REST · 쏠 실천 NEW-SELF-VALUES-10 · 방법 | D21: 당장 결론을 내리지 않아도 되는 고민 하나를 적고 다시 생각할 날짜를 정해보세요. | E21: 초안 | H21: =LEN(IF(F21<>"",F21,D21)) -> 45 | I21: =IF(OR(H21<4,H21>140),"분량 확인","")
A22: prescriptions.by_domain_need.DIR_REST.why | B22: 진로·자기계발 × 쉼 | C22: 영역×필요 DIR_REST · 쏠 실천 NEW-SELF-VALUES-10 · 왜 도움이 되나 | D22: 모든 질문에 지금 답할 필요는 없어서, 잠시 보관해 두면 머리가 쉴 자리가 생겨요. | E22: 초안 | H22: =LEN(IF(F22<>"",F22,D22)) -> 46 | I22: =IF(OR(H22<4,H22>140),"분량 확인","")
A23: prescriptions.by_domain_need.DIR_START.title | B23: 진로·자기계발 × 시작할 용기 | C23: 영역×필요 DIR_START · 쏠 실천 THX-CBT-24 · 제목 | D23: 해낼 자신이 90%가 될 때까지 계획 크기 줄이기 | E23: 초안 | G23: [쏠 실천 통합본 THX-CBT-24] 원본 문장 그대로 | H23: =LEN(IF(F23<>"",F23,D23)) -> 27 | I23: =IF(OR(H23<4,H23>140),"분량 확인","")
A24: prescriptions.by_domain_need.DIR_START.how | B24: 진로·자기계발 × 시작할 용기 | C24: 영역×필요 DIR_START · 쏠 실천 THX-CBT-24 · 방법 | D24: 이번 주 하려는 일 하나를 적고 '해낼 수 있을 것 같은 정도'를 퍼센트로 매겨보세요. 90%가 안 되면 시간이나 분량을 줄여 다시 쓰고, 그래도 못 한 날은 게으름이 아니라 크기를 조정할 정보로 봅니다. | E24: 초안 | H24: =LEN(IF(F24<>"",F24,D24)) -> 114 | I24: =IF(OR(H24<4,H24>140),"분량 확인","")
A25: prescriptions.by_domain_need.DIR_START.why | B25: 진로·자기계발 × 시작할 용기 | C25: 영역×필요 DIR_START · 쏠 실천 THX-CBT-24 · 왜 도움이 되나 | D25: 계획이 너무 크면 못 한 날 자책만 남아서, 해낼 수 있을 만큼 줄이고 못 한 날은 크기를 고쳐요. | E25: 초안 | H25: =LEN(IF(F25<>"",F25,D25)) -> 55 | I25: =IF(OR(H25<4,H25>140),"분량 확인","")
A26: prescriptions.by_domain_need.DIR_CHOOSE.title | B26: 진로·자기계발 × 정리와 선택 | C26: 영역×필요 DIR_CHOOSE · 쏠 실천 THX-RBT-15 · 제목 | D26: 붙들고 있는 목표에 '누가 정한 기준?' 묻고 내 말로 다시 쓰기 | E26: 초안 | G26: [쏠 실천 통합본 THX-RBT-15] 원본 문장 그대로 | H26: =LEN(IF(F26<>"",F26,D26)) -> 36 | I26: =IF(OR(H26<4,H26>140),"분량 확인","")
A27: prescriptions.by_domain_need.DIR_CHOOSE.how | B27: 진로·자기계발 × 정리와 선택 | C27: 영역×필요 DIR_CHOOSE · 쏠 실천 THX-RBT-15 · 방법 | D27: 요즘 마음을 쓰는 목표 하나를 적고, 그 기준이 어디서 왔는지(부모님·회사·소셜 미디어·나) 옆에 표시해보세요. 그 목표를 '내가 원하는 삶에서는 ~이면 충분하다'처럼 내 말로 한 번 다시 써봅니다. 목표를 바꾸지 않아도 되고, 주인이 누구인지 확인하는 것만으로 충분해요. | E27: 초안 | H27: =LEN(IF(F27<>"",F27,D27)) -> 152 | I27: =IF(OR(H27<4,H27>140),"분량 확인","") -> 분량 확인
A28: prescriptions.by_domain_need.DIR_CHOOSE.why | B28: 진로·자기계발 × 정리와 선택 | C28: 영역×필요 DIR_CHOOSE · 쏠 실천 THX-RBT-15 · 왜 도움이 되나 | D28: 어떤 삶이 좋은지는 내가 정할 수 있어서, 지금 목표의 기준이 누구 것인지부터 확인해봐요. | E28: 초안 | H28: =LEN(IF(F28<>"",F28,D28)) -> 50 | I28: =IF(OR(H28<4,H28>140),"분량 확인","")
A29: prescriptions.by_domain_need.DIR_CONNECT.title | B29: 진로·자기계발 × 연결 | C29: 영역×필요 DIR_CONNECT · 쏠 실천 WORK-HELP-L1-05 · 다가가기형 · 제목 | D29: 경험자의 시각을 가볍게 들어보기 | E29: 초안 | G29: [쏠 실천 통합본 WORK-HELP-L1-05] 뜻은 원본 그대로, 설명 어미·이유를 타로 결과용으로 다듬음 | H29: =LEN(IF(F29<>"",F29,D29)) -> 17 | I29: =IF(OR(H29<4,H29>140),"분량 확인","")
A30: prescriptions.by_domain_need.DIR_CONNECT.how | B30: 진로·자기계발 × 연결 | C30: 영역×필요 DIR_CONNECT · 쏠 실천 WORK-HELP-L1-05 · 다가가기형 · 방법 | D30: 관심 있는 길을 먼저 걸어간 사람의 이야기를 글이나 영상으로 찾아보거나, 가능하다면 한 명에게 짧게 물어보세요. | E30: 초안 | H30: =LEN(IF(F30<>"",F30,D30)) -> 62 | I30: =IF(OR(H30<4,H30>140),"분량 확인","")
A31: prescriptions.by_domain_need.DIR_CONNECT.why | B31: 진로·자기계발 × 연결 | C31: 영역×필요 DIR_CONNECT · 쏠 실천 WORK-HELP-L1-05 · 다가가기형 · 왜 도움이 되나 | D31: 실제 경험담은 막연한 두려움을 줄이고, 혼자 고민한다는 외로움도 덜어 줘요. | E31: 초안 | H31: =LEN(IF(F31<>"",F31,D31)) -> 42 | I31: =IF(OR(H31<4,H31>140),"분량 확인","")
A32: prescriptions.by_domain_need.DIR_BOUNDARY.title | B32: 진로·자기계발 × 나를 지키는 선 | C32: 영역×필요 DIR_BOUNDARY · 쏠 실천 THX-RBT-12 · 제목 | D32: 부러운 사람의 행동과 내 가치를 따로 떼어 적기 | E32: 초안 | G32: [쏠 실천 통합본 THX-RBT-12] 원본 문장 그대로 | H32: =LEN(IF(F32<>"",F32,D32)) -> 26 | I32: =IF(OR(H32<4,H32>140),"분량 확인","")
A33: prescriptions.by_domain_need.DIR_BOUNDARY.how | B33: 진로·자기계발 × 나를 지키는 선 | C33: 영역×필요 DIR_BOUNDARY · 쏠 실천 THX-RBT-12 · 방법 | D33: 부러운 사람의 행동 하나를 구체적으로 적고, '그 행동이 그 사람을 나보다 나은 사람으로 만드나?'를 스스로 물어보세요. 그 행동에서 배워볼 점 한 가지와, 그것이 내 가치와는 별개인 이유 한 줄을 적어봅니다. 부러운 마음을 없애려 하지 않아도 괜찮아요. | E33: 초안 | H33: =LEN(IF(F33<>"",F33,D33)) -> 142 | I33: =IF(OR(H33<4,H33>140),"분량 확인","") -> 분량 확인
A34: prescriptions.by_domain_need.DIR_BOUNDARY.why | B34: 진로·자기계발 × 나를 지키는 선 | C34: 영역×필요 DIR_BOUNDARY · 쏠 실천 THX-RBT-12 · 왜 도움이 되나 | D34: 부러운 행동과 그 사람의 가치는 별개라서, 부러움을 배울 점 하나로 바꿔 가져와요. | E34: 초안 | H34: =LEN(IF(F34<>"",F34,D34)) -> 46 | I34: =IF(OR(H34<4,H34>140),"분량 확인","")
A35: prescriptions.by_domain_need.DIR_LETGO.title | B35: 진로·자기계발 × 놓아주기와 회복 | C35: 영역×필요 DIR_LETGO · 쏠 실천 NEW-SELF-VALUES-08 · 제목 | D35: 지금은 좇지 않아도 될 목표 하나 내려놓기 | E35: 초안 | G35: [쏠 실천 통합본 NEW-SELF-VALUES-08] 뜻은 원본 그대로, 설명 어미·이유를 타로 결과용으로 다듬음 | H35: =LEN(IF(F35<>"",F35,D35)) -> 23 | I35: =IF(OR(H35<4,H35>140),"분량 확인","")
A36: prescriptions.by_domain_need.DIR_LETGO.how | B36: 진로·자기계발 × 놓아주기와 회복 | C36: 영역×필요 DIR_LETGO · 쏠 실천 NEW-SELF-VALUES-08 · 방법 | D36: 더하고 싶은 목표 대신, 지금은 직접 겨냥하지 않아도 될 목표 하나를 내려놓고 그 이유를 적어보세요. | E36: 초안 | H36: =LEN(IF(F36<>"",F36,D36)) -> 56 | I36: =IF(OR(H36<4,H36>140),"분량 확인","")
A37: prescriptions.by_domain_need.DIR_LETGO.why | B37: 진로·자기계발 × 놓아주기와 회복 | C37: 영역×필요 DIR_LETGO · 쏠 실천 NEW-SELF-VALUES-08 · 왜 도움이 되나 | D37: 목표를 하나 덜어 내면 남은 일에 마음을 더 쓸 수 있고, 의미 있는 일에 몰입할수록 결과도 자연스럽게 따라오기 쉬워요. | E37: 초안 | H37: =LEN(IF(F37<>"",F37,D37)) -> 67 | I37: =IF(OR(H37<4,H37>140),"분량 확인","")
A38: prescriptions.by_domain_need.LOV_REST.title | B38: 연애 × 쉼 | C38: 영역×필요 LOV_REST · 쏠 실천 REL-CARE-L2-02 · 제목 | D38: 관계와 별개로 나를 채우는 활동을 이어가기 | E38: 초안 | G38: [쏠 실천 통합본 REL-CARE-L2-02] 뜻은 원본 그대로, 설명 어미·이유를 타로 결과용으로 다듬음 | H38: =LEN(IF(F38<>"",F38,D38)) -> 23 | I38: =IF(OR(H38<4,H38>140),"분량 확인","")
A39: prescriptions.by_domain_need.LOV_REST.how | B39: 연애 × 쉼 | C39: 영역×필요 LOV_REST · 쏠 실천 REL-CARE-L2-02 · 방법 | D39: 관계와 상관없이 나를 즐겁게 하는 활동 하나를 골라 이번 주에 한 번 해보세요. | E39: 초안 | H39: =LEN(IF(F39<>"",F39,D39)) -> 44 | I39: =IF(OR(H39<4,H39>140),"분량 확인","")
A40: prescriptions.by_domain_need.LOV_REST.why | B40: 연애 × 쉼 | C40: 영역×필요 LOV_REST · 쏠 실천 REL-CARE-L2-02 · 왜 도움이 되나 | D40: 마음이 한 사람에게만 쏠려 있으면 쉽게 지쳐서, 나를 채우는 시간이 관계도 한결 가볍게 해 줘요. | E40: 초안 | H40: =LEN(IF(F40<>"",F40,D40)) -> 54 | I40: =IF(OR(H40<4,H40>140),"분량 확인","")
A41: prescriptions.by_domain_need.LOV_START.title | B41: 연애 × 시작할 용기 | C41: 영역×필요 LOV_START · 쏠 실천 NEW-REL-NEW-03 · 제목 | D41: 새로운 사람에게 건넬 질문 두 개 준비하기 | E41: 초안 | G41: [쏠 실천 통합본 NEW-REL-NEW-03] 뜻은 원본 그대로, 설명 어미·이유를 타로 결과용으로 다듬음 | H41: =LEN(IF(F41<>"",F41,D41)) -> 23 | I41: =IF(OR(H41<4,H41>140),"분량 확인","")
A42: prescriptions.by_domain_need.LOV_START.how | B42: 연애 × 시작할 용기 | C42: 영역×필요 LOV_START · 쏠 실천 NEW-REL-NEW-03 · 방법 | D42: 처음 만나는 자리에서 부담 없이 물을 수 있는 질문 두 개를 적어보세요. | E42: 초안 | H42: =LEN(IF(F42<>"",F42,D42)) -> 40 | I42: =IF(OR(H42<4,H42>140),"분량 확인","")
A43: prescriptions.by_domain_need.LOV_START.why | B43: 연애 × 시작할 용기 | C43: 영역×필요 LOV_START · 쏠 실천 NEW-REL-NEW-03 · 왜 도움이 되나 | D43: 건넬 말을 미리 준비해 두면 첫 만남의 긴장이 줄고, 대화를 시작할 용기가 조금 더 생겨요. | E43: 초안 | H43: =LEN(IF(F43<>"",F43,D43)) -> 51 | I43: =IF(OR(H43<4,H43>140),"분량 확인","")
A44: prescriptions.by_domain_need.LOV_CHOOSE.title | B44: 연애 × 정리와 선택 | C44: 영역×필요 LOV_CHOOSE · 쏠 실천 REL-MIND-L2-03 · 제목 | D44: 내가 관계에서 우선시하는 것을 알고 선택 기준으로 삼기 | E44: 초안 | G44: [쏠 실천 통합본 REL-MIND-L2-03] 뜻은 원본 그대로, 설명 어미·이유를 타로 결과용으로 다듬음 | H44: =LEN(IF(F44<>"",F44,D44)) -> 30 | I44: =IF(OR(H44<4,H44>140),"분량 확인","")
A45: prescriptions.by_domain_need.LOV_CHOOSE.how | B45: 연애 × 정리와 선택 | C45: 영역×필요 LOV_CHOOSE · 쏠 실천 REL-MIND-L2-03 · 방법 | D45: 관계에서 내가 가장 중요하게 여기는 것 세 가지를 적고, 그중 하나를 이번 주 선택의 기준으로 삼아보세요. | E45: 초안 | H45: =LEN(IF(F45<>"",F45,D45)) -> 59 | I45: =IF(OR(H45<4,H45>140),"분량 확인","")
A46: prescriptions.by_domain_need.LOV_CHOOSE.why | B46: 연애 × 정리와 선택 | C46: 영역×필요 LOV_CHOOSE · 쏠 실천 REL-MIND-L2-03 · 왜 도움이 되나 | D46: 무엇을 우선시하는지 알면 상대의 반응에 덜 흔들리고, 관계 안의 선택도 한결 쉬워져요. | E46: 초안 | H46: =LEN(IF(F46<>"",F46,D46)) -> 48 | I46: =IF(OR(H46<4,H46>140),"분량 확인","")
A47: prescriptions.by_domain_need.LOV_CONNECT.title | B47: 연애 × 연결 | C47: 영역×필요 LOV_CONNECT · 쏠 실천 NEW-REL-ASYNC-02 · 다가가기형 · 제목 | D47: 함께한 기억 한 장면 전하기 | E47: 초안 | G47: [쏠 실천 통합본 NEW-REL-ASYNC-02] 뜻은 원본 그대로, 설명 어미·이유를 타로 결과용으로 다듬음 | H47: =LEN(IF(F47<>"",F47,D47)) -> 15 | I47: =IF(OR(H47<4,H47>140),"분량 확인","")
A48: prescriptions.by_domain_need.LOV_CONNECT.how | B48: 연애 × 연결 | C48: 영역×필요 LOV_CONNECT · 쏠 실천 NEW-REL-ASYNC-02 · 다가가기형 · 방법 | D48: 마음이 가는 사람에게 문득 떠오른 좋은 기억 하나를 짧은 메시지로 전해보세요. | E48: 초안 | H48: =LEN(IF(F48<>"",F48,D48)) -> 43 | I48: =IF(OR(H48<4,H48>140),"분량 확인","")
A49: prescriptions.by_domain_need.LOV_CONNECT.why | B49: 연애 × 연결 | C49: 영역×필요 LOV_CONNECT · 쏠 실천 NEW-REL-ASYNC-02 · 다가가기형 · 왜 도움이 되나 | D49: 좋았던 장면을 함께 떠올리면 부담 없이 마음이 이어지고, 연결의 온도도 조금 올라가요. | E49: 초안 | H49: =LEN(IF(F49<>"",F49,D49)) -> 48 | I49: =IF(OR(H49<4,H49>140),"분량 확인","")
A50: prescriptions.by_domain_need.LOV_BOUNDARY.title | B50: 연애 × 나를 지키는 선 | C50: 영역×필요 LOV_BOUNDARY · 쏠 실천 NEW-REL-BOUNDARY-10 · 제목 | D50: 연락 빈도에 대한 내 선호 적어두기 | E50: 초안 | G50: [쏠 실천 통합본 NEW-REL-BOUNDARY-10] 뜻은 원본 그대로, 설명 어미·이유를 타로 결과용으로 다듬음 | H50: =LEN(IF(F50<>"",F50,D50)) -> 19 | I50: =IF(OR(H50<4,H50>140),"분량 확인","")
A51: prescriptions.by_domain_need.LOV_BOUNDARY.how | B51: 연애 × 나를 지키는 선 | C51: 영역×필요 LOV_BOUNDARY · 쏠 실천 NEW-REL-BOUNDARY-10 · 방법 | D51: 연락이 편한 주기와 부담스러운 상황을 적고, 필요할 때 설명할 문장을 만들어보세요. | E51: 초안 | H51: =LEN(IF(F51<>"",F51,D51)) -> 46 | I51: =IF(OR(H51<4,H51>140),"분량 확인","")
A52: prescriptions.by_domain_need.LOV_BOUNDARY.why | B52: 연애 × 나를 지키는 선 | C52: 영역×필요 LOV_BOUNDARY · 쏠 실천 NEW-REL-BOUNDARY-10 · 왜 도움이 되나 | D52: 내가 편한 거리를 먼저 알아 두면, 관계 안에서도 나를 잃지 않고 지낼 수 있어요. | E52: 초안 | H52: =LEN(IF(F52<>"",F52,D52)) -> 46 | I52: =IF(OR(H52<4,H52>140),"분량 확인","")
A53: prescriptions.by_domain_need.LOV_LETGO.title | B53: 연애 × 놓아주기와 회복 | C53: 영역×필요 LOV_LETGO · 쏠 실천 SELF-MIND-L2-03 · 제목 | D53: 나에게 한 말을 친한 친구에게 하듯 부드럽게 바꿔 적기 | E53: 초안 | G53: [쏠 실천 통합본 SELF-MIND-L2-03] 뜻은 원본 그대로, 설명 어미·이유를 타로 결과용으로 다듬음 | H53: =LEN(IF(F53<>"",F53,D53)) -> 30 | I53: =IF(OR(H53<4,H53>140),"분량 확인","")
A54: prescriptions.by_domain_need.LOV_LETGO.how | B54: 연애 × 놓아주기와 회복 | C54: 영역×필요 LOV_LETGO · 쏠 실천 SELF-MIND-L2-03 · 방법 | D54: 요즘 나에게 자주 한 모진 말 하나를 적고, 친한 친구에게 하듯 부드러운 말로 바꿔 적어보세요. | E54: 초안 | H54: =LEN(IF(F54<>"",F54,D54)) -> 53 | I54: =IF(OR(H54<4,H54>140),"분량 확인","")
A55: prescriptions.by_domain_need.LOV_LETGO.why | B55: 연애 × 놓아주기와 회복 | C55: 영역×필요 LOV_LETGO · 쏠 실천 SELF-MIND-L2-03 · 왜 도움이 되나 | D55: 관계가 흔들릴 때 나를 탓하는 말이 커지기 쉬워서, 다정한 말로 바꾸는 것만으로도 마음이 조금 풀려요. | E55: 초안 | H55: =LEN(IF(F55<>"",F55,D55)) -> 57 | I55: =IF(OR(H55<4,H55>140),"분량 확인","")
A56: prescriptions.by_domain_need.FAM_REST.title | B56: 가족 × 쉼 | C56: 영역×필요 FAM_REST · 쏠 타로 자체 · 제목 | D56: 답하기 전 숨 세 번 | E56: 초안 | H56: =LEN(IF(F56<>"",F56,D56)) -> 11 | I56: =IF(OR(H56<4,H56>140),"분량 확인","")
A57: prescriptions.by_domain_need.FAM_REST.how | B57: 가족 × 쉼 | C57: 영역×필요 FAM_REST · 쏠 타로 자체 · 방법 | D57: 가족 연락이 부담될 때는 바로 답하지 말고 숨을 세 번 쉰 뒤, 답할 시간을 내가 정해 보세요. | E57: 초안 | H57: =LEN(IF(F57<>"",F57,D57)) -> 53 | I57: =IF(OR(H57<4,H57>140),"분량 확인","")
A58: prescriptions.by_domain_need.FAM_REST.why | B58: 가족 × 쉼 | C58: 영역×필요 FAM_REST · 쏠 타로 자체 · 왜 도움이 되나 | D58: 반응하기 전에 틈을 두면 감정에 휩쓸리지 않고 나를 지키며 대화할 수 있어요. | E58: 초안 | H58: =LEN(IF(F58<>"",F58,D58)) -> 43 | I58: =IF(OR(H58<4,H58>140),"분량 확인","")
A59: prescriptions.by_domain_need.FAM_START.title | B59: 가족 × 시작할 용기 | C59: 영역×필요 FAM_START · 쏠 타로 자체 · 다가가기형 · 제목 | D59: 다른 첫마디 | E59: 초안 | H59: =LEN(IF(F59<>"",F59,D59)) -> 6 | I59: =IF(OR(H59<4,H59>140),"분량 확인","")
A60: prescriptions.by_domain_need.FAM_START.how | B60: 가족 × 시작할 용기 | C60: 영역×필요 FAM_START · 쏠 타로 자체 · 다가가기형 · 방법 | D60: 늘 같은 다툼으로 흐르던 대화가 있다면, 이번엔 '요즘 어때?'처럼 다른 첫마디로 시작해 보세요. | E60: 초안 | H60: =LEN(IF(F60<>"",F60,D60)) -> 54 | I60: =IF(OR(H60<4,H60>140),"분량 확인","")
A61: prescriptions.by_domain_need.FAM_START.why | B61: 가족 × 시작할 용기 | C61: 영역×필요 FAM_START · 쏠 타로 자체 · 다가가기형 · 왜 도움이 되나 | D61: 대화의 시작이 바뀌면 익숙한 갈등의 흐름도 조금씩 달라질 수 있어요. | E61: 초안 | H61: =LEN(IF(F61<>"",F61,D61)) -> 38 | I61: =IF(OR(H61<4,H61>140),"분량 확인","")
A62: prescriptions.by_domain_need.FAM_CHOOSE.title | B62: 가족 × 정리와 선택 | C62: 영역×필요 FAM_CHOOSE · 쏠 타로 자체 · 제목 | D62: 내 몫과 나눌 몫 | E62: 초안 | H62: =LEN(IF(F62<>"",F62,D62)) -> 9 | I62: =IF(OR(H62<4,H62>140),"분량 확인","")
A63: prescriptions.by_domain_need.FAM_CHOOSE.how | B63: 가족 × 정리와 선택 | C63: 영역×필요 FAM_CHOOSE · 쏠 타로 자체 · 방법 | D63: 지금 가족 일 중 내가 꼭 해야 하는 것과 다른 사람이 나눌 수 있는 것을 두 칸으로 나눠 적어 보세요. | E63: 초안 | H63: =LEN(IF(F63<>"",F63,D63)) -> 58 | I63: =IF(OR(H63<4,H63>140),"분량 확인","")
A64: prescriptions.by_domain_need.FAM_CHOOSE.why | B64: 가족 × 정리와 선택 | C64: 영역×필요 FAM_CHOOSE · 쏠 타로 자체 · 왜 도움이 되나 | D64: 책임의 경계가 보이면 혼자 다 떠안던 마음의 짐이 가벼워져요. | E64: 초안 | H64: =LEN(IF(F64<>"",F64,D64)) -> 34 | I64: =IF(OR(H64<4,H64>140),"분량 확인","")
A65: prescriptions.by_domain_need.FAM_CONNECT.title | B65: 가족 × 연결 | C65: 영역×필요 FAM_CONNECT · 쏠 타로 자체 · 다가가기형 · 제목 | D65: 부담 없는 15분 | E65: 초안 | H65: =LEN(IF(F65<>"",F65,D65)) -> 9 | I65: =IF(OR(H65<4,H65>140),"분량 확인","")
... A68: prescriptions.by_domain_need.FAM_BOUNDARY.title | B68: 가족 × 나를 지키는 선 | C68: 영역×필요 FAM_BOUNDARY · 쏠 타로 자체 · 다가가기형 · 제목 | D68: 나를 지키는 한 문장 | E68: 초안 | H68: =LEN(IF(F68<>"",F68,D68)) -> 11 | I68: =IF(OR(H68<4,H68>140),"분량 확인","")
A69: prescriptions.by_domain_need.FAM_BOUNDARY.how | B69: 가족 × 나를 지키는 선 | C69: 영역×필요 FAM_BOUNDARY · 쏠 타로 자체 · 다가가기형 · 방법 | D69: 비교나 간섭이 시작될 때 쓸 '그 얘기는 지금은 하고 싶지 않아요' 같은 문장 하나를 정해 두세요. | E69: 초안 | G69: [Claude 점검 · 다가가기형으로 분류(문장 유지)] 다가가기형이 아닌데 간섭하는 가족에게 직접 선을 긋는 말을 하도록 제안 | H69: =LEN(IF(F69<>"",F69,D69)) -> 55 | I69: =IF(OR(H69<4,H69>140),"분량 확인","")
A70: prescriptions.by_domain_need.FAM_BOUNDARY.why | B70: 가족 × 나를 지키는 선 | C70: 영역×필요 FAM_BOUNDARY · 쏠 타로 자체 · 다가가기형 · 왜 도움이 되나 | D70: 미리 정한 문장은 감정이 올라온 순간에도 선을 부드럽게 지키게 도와줘요. | E70: 초안 | H70: =LEN(IF(F70<>"",F70,D70)) -> 40 | I70: =IF(OR(H70<4,H70>140),"분량 확인","")
A71: prescriptions.by_domain_need.FAM_LETGO.title | B71: 가족 × 놓아주기와 회복 | C71: 영역×필요 FAM_LETGO · 쏠 타로 자체 · 제목 | D71: 바라던 모습과 지금의 모습 | E71: 초안 | H71: =LEN(IF(F71<>"",F71,D71)) -> 14 | I71: =IF(OR(H71<4,H71>140),"분량 확인","")
A72: prescriptions.by_domain_need.FAM_LETGO.how | B72: 가족 × 놓아주기와 회복 | C72: 영역×필요 FAM_LETGO · 쏠 타로 자체 · 방법 | D72: 가족에게 바라던 모습과 지금의 모습을 나란히 적고, 그 차이에서 느끼는 마음에 한 단어로 이름을 붙여 보세요. | E72: 초안 | H72: =LEN(IF(F72<>"",F72,D72)) -> 61 | I72: =IF(OR(H72<4,H72>140),"분량 확인","")
A73: prescriptions.by_domain_need.FAM_LETGO.why | B73: 가족 × 놓아주기와 회복 | C73: 영역×필요 FAM_LETGO · 쏠 타로 자체 · 왜 도움이 되나 | D73: 바람과 현실의 차이를 인정하면, 바뀌지 않는 부분에 쓰던 에너지를 나에게 돌릴 수 있어요. | E73: 초안 | H73: =LEN(IF(F73<>"",F73,D73)) -> 50 | I73: =IF(OR(H73<4,H73>140),"분량 확인","")
A74: prescriptions.by_domain_need.SOC_REST.title | B74: 교우·사회관계 × 쉼 | C74: 영역×필요 SOC_REST · 쏠 실천 REL-CARE-L1-04 · 제목 | D74: 사람을 만나지 않는 저녁을 의도적으로 만들기 | E74: 초안 | G74: [쏠 실천 통합본 REL-CARE-L1-04] 뜻은 원본 그대로, 설명 어미·이유를 타로 결과용으로 다듬음 | H74: =LEN(IF(F74<>"",F74,D74)) -> 24 | I74: =IF(OR(H74<4,H74>140),"분량 확인","")
A75: prescriptions.by_domain_need.SOC_REST.how | B75: 교우·사회관계 × 쉼 | C75: 영역×필요 SOC_REST · 쏠 실천 REL-CARE-L1-04 · 방법 | D75: 이번 주 저녁 하루는 약속을 잡지 않고 나만을 위한 시간으로 비워두세요. | E75: 초안 | H75: =LEN(IF(F75<>"",F75,D75)) -> 40 | I75: =IF(OR(H75<4,H75>140),"분량 확인","")
A76: prescriptions.by_domain_need.SOC_REST.why | B76: 교우·사회관계 × 쉼 | C76: 영역×필요 SOC_REST · 쏠 실천 REL-CARE-L1-04 · 왜 도움이 되나 | D76: 사람 사이에서 쓴 에너지는 혼자만의 시간에 채워지기도 해서, 쉬는 저녁이 다음 만남을 가볍게 해 줘요. | E76: 초안 | H76: =LEN(IF(F76<>"",F76,D76)) -> 57 | I76: =IF(OR(H76<4,H76>140),"분량 확인","")
A77: prescriptions.by_domain_need.SOC_START.title | B77: 교우·사회관계 × 시작할 용기 | C77: 영역×필요 SOC_START · 쏠 실천 NEW-REL-NEW-02 · 제목 | D77: 관심사 커뮤니티 게시글 하나 읽기 | E77: 초안 | G77: [쏠 실천 통합본 NEW-REL-NEW-02] 뜻은 원본 그대로, 설명 어미·이유를 타로 결과용으로 다듬음 | H77: =LEN(IF(F77<>"",F77,D77)) -> 18 | I77: =IF(OR(H77<4,H77>140),"분량 확인","")
A78: prescriptions.by_domain_need.SOC_START.how | B78: 교우·사회관계 × 시작할 용기 | C78: 영역×필요 SOC_START · 쏠 실천 NEW-REL-NEW-02 · 방법 | D78: 관심 있는 활동의 온라인 모임에서 공지나 후기 한 개를 읽어보고 분위기를 살펴보세요. | E78: 초안 | H78: =LEN(IF(F78<>"",F78,D78)) -> 47 | I78: =IF(OR(H78<4,H78>140),"분량 확인","")
A79: prescriptions.by_domain_need.SOC_START.why | B79: 교우·사회관계 × 시작할 용기 | C79: 영역×필요 SOC_START · 쏠 실천 NEW-REL-NEW-02 · 왜 도움이 되나 | D79: 직접 나서기 전에 분위기를 먼저 살펴보면, 새로운 관계를 시작하는 문턱이 한결 낮아져요. | E79: 초안 | H79: =LEN(IF(F79<>"",F79,D79)) -> 49 | I79: =IF(OR(H79<4,H79>140),"분량 확인","")
A80: prescriptions.by_domain_need.SOC_CHOOSE.title | B80: 교우·사회관계 × 정리와 선택 | C80: 영역×필요 SOC_CHOOSE · 쏠 실천 THX-RBT-10 · 제목 | D80: 갈등이 정리된 뒤 바라는 내 마음 상태를 세 줄로 쓰기 | E80: 초안 | G80: [쏠 실천 통합본 THX-RBT-10] 원본 문장 그대로 | H80: =LEN(IF(F80<>"",F80,D80)) -> 30 | I80: =IF(OR(H80<4,H80>140),"분량 확인","")
A81: prescriptions.by_domain_need.SOC_CHOOSE.how | B81: 교우·사회관계 × 정리와 선택 | C81: 영역×필요 SOC_CHOOSE · 쏠 실천 THX-RBT-10 · 방법 | D81: 요즘 마음을 예민하게 만드는 갈등 하나를 골라, 정리된다면 내 마음이 어떤 상태면 좋을지 두세 줄 적어보세요(예: '덜 날카롭게 퇴근하기'). 그 가운데 상대가 바뀌지 않아도 내가 할 수 있는 한 줄을 골라 이번 주 해봅니다. | E81: 초안 | H81: =LEN(IF(F81<>"",F81,D81)) -> 126 | I81: =IF(OR(H81<4,H81>140),"분량 확인","")
A82: prescriptions.by_domain_need.SOC_CHOOSE.why | B82: 교우·사회관계 × 정리와 선택 | C82: 영역×필요 SOC_CHOOSE · 쏠 실천 THX-RBT-10 · 왜 도움이 되나 | D82: 상대가 바뀌길 기다리면 내 마음은 계속 묶여서, 내가 어떤 마음으로 지내고 싶은지부터 적어봐요. | E82: 초안 | H82: =LEN(IF(F82<>"",F82,D82)) -> 53 | I82: =IF(OR(H82<4,H82>140),"분량 확인","")
A83: prescriptions.by_domain_need.SOC_CONNECT.title | B83: 교우·사회관계 × 연결 | C83: 영역×필요 SOC_CONNECT · 쏠 실천 NEW-REL-ASYNC-01 · 다가가기형 · 제목 | D83: 답장을 재촉하지 않는 안부 보내기 | E83: 초안 | G83: [쏠 실천 통합본 NEW-REL-ASYNC-01] 뜻은 원본 그대로, 설명 어미·이유를 타로 결과용으로 다듬음 | H83: =LEN(IF(F83<>"",F83,D83)) -> 18 | I83: =IF(OR(H83<4,H83>140),"분량 확인","")
A84: prescriptions.by_domain_need.SOC_CONNECT.how | B84: 교우·사회관계 × 연결 | C84: 영역×필요 SOC_CONNECT · 쏠 실천 NEW-REL-ASYNC-01 · 다가가기형 · 방법 | D84: 오랜만에 떠오른 사람에게 답장을 기다리지 않아도 된다는 말과 함께 가벼운 안부를 보내보세요. | E84: 초안 | H84: =LEN(IF(F84<>"",F84,D84)) -> 51 | I84: =IF(OR(H84<4,H84>140),"분량 확인","")
A85: prescriptions.by_domain_need.SOC_CONNECT.why | B85: 교우·사회관계 × 연결 | C85: 영역×필요 SOC_CONNECT · 쏠 실천 NEW-REL-ASYNC-01 · 다가가기형 · 왜 도움이 되나 | D85: 답장 부담을 덜어 준 안부는 주고받는 마음을 가볍게 하고, 끊긴 줄 알았던 연결을 다시 이어 줘요. | E85: 초안 | H85: =LEN(IF(F85<>"",F85,D85)) -> 55 | I85: =IF(OR(H85<4,H85>140),"분량 확인","")
A86: prescriptions.by_domain_need.SOC_BOUNDARY.title | B86: 교우·사회관계 × 나를 지키는 선 | C86: 영역×필요 SOC_BOUNDARY · 쏠 실천 NEW-REL-BOUNDARY-03 · 제목 | D86: 만남 종료 시간을 미리 정하기 | E86: 초안 | G86: [쏠 실천 통합본 NEW-REL-BOUNDARY-03] 뜻은 원본 그대로, 설명 어미·이유를 타로 결과용으로 다듬음 | H86: =LEN(IF(F86<>"",F86,D86)) -> 16 | I86: =IF(OR(H86<4,H86>140),"분량 확인","")
A87: prescriptions.by_domain_need.SOC_BOUNDARY.how | B87: 교우·사회관계 × 나를 지키는 선 | C87: 영역×필요 SOC_BOUNDARY · 쏠 실천 NEW-REL-BOUNDARY-03 · 방법 | D87: 오랜만에 사람을 만나는 날에는 내가 편히 지킬 수 있는 귀가 시간을 생각해두세요. | E87: 초안 | H87: =LEN(IF(F87<>"",F87,D87)) -> 45 | I87: =IF(OR(H87<4,H87>140),"분량 확인","")
A88: prescriptions.by_domain_need.SOC_BOUNDARY.why | B88: 교우·사회관계 × 나를 지키는 선 | C88: 영역×필요 SOC_BOUNDARY · 쏠 실천 NEW-REL-BOUNDARY-03 · 왜 도움이 되나 | D88: 끝나는 시간을 미리 정해 두면 만남을 더 편하게 즐기고, 지친 채로 무리하지 않을 수 있어요. | E88: 초안 | H88: =LEN(IF(F88<>"",F88,D88)) -> 52 | I88: =IF(OR(H88<4,H88>140),"분량 확인","")
A89: prescriptions.by_domain_need.SOC_LETGO.title | B89: 교우·사회관계 × 놓아주기와 회복 | C89: 영역×필요 SOC_LETGO · 쏠 실천 REL-CARE-L1-02 · 제목 | D89: 즉각 반응해야 한다는 압박을 내려놓기 | E89: 초안 | G89: [쏠 실천 통합본 REL-CARE-L1-02] 뜻은 원본 그대로, 설명 어미·이유를 타로 결과용으로 다듬음 | H89: =LEN(IF(F89<>"",F89,D89)) -> 20 | I89: =IF(OR(H89<4,H89>140),"분량 확인","")
A90: prescriptions.by_domain_need.SOC_LETGO.how | B90: 교우·사회관계 × 놓아주기와 회복 | C90: 영역×필요 SOC_LETGO · 쏠 실천 REL-CARE-L1-02 · 방법 | D90: 메시지나 부탁에 바로 답해야 할 것 같을 때, 한 시간쯤 두었다가 답해도 괜찮은지 스스로에게 물어보세요. | E90: 초안 | H90: =LEN(IF(F90<>"",F90,D90)) -> 58 | I90: =IF(OR(H90<4,H90>140),"분량 확인","")
A91: prescriptions.by_domain_need.SOC_LETGO.why | B91: 교우·사회관계 × 놓아주기와 회복 | C91: 영역×필요 SOC_LETGO · 쏠 실천 REL-CARE-L1-02 · 왜 도움이 되나 | D91: 늘 바로 반응하려고 애쓰면 마음이 쉴 틈이 없어서, 조금 늦어도 괜찮다는 여유가 관계의 긴장을 풀어 줘요. | E91: 초안 | H91: =LEN(IF(F91<>"",F91,D91)) -> 59 | I91: =IF(OR(H91<4,H91>140),"분량 확인","")
A92: prescriptions.by_domain_need.LIF_REST.title | B92: 재정·생활안정 × 쉼 | C92: 영역×필요 LIF_REST · 쏠 타로 자체 · 제목 | D92: 잠자리 30분 루틴 | E92: 초안 | H92: =LEN(IF(F92<>"",F92,D92)) -> 10 | I92: =IF(OR(H92<4,H92>140),"분량 확인","")
A93: prescriptions.by_domain_need.LIF_REST.how | B93: 재정·생활안정 × 쉼 | C93: 영역×필요 LIF_REST · 쏠 타로 자체 · 방법 | D93: 자기 30분 전에는 화면을 끄고 씻기, 스트레칭, 조명 낮추기를 같은 순서로 해 보세요. | E93: 초안 | H93: =LEN(IF(F93<>"",F93,D93)) -> 49 | I93: =IF(OR(H93<4,H93>140),"분량 확인","")
A94: prescriptions.by_domain_need.LIF_REST.why | B94: 재정·생활안정 × 쉼 | C94: 영역×필요 LIF_REST · 쏠 타로 자체 · 왜 도움이 되나 | D94: 같은 순서의 루틴은 몸에 '이제 쉴 시간'이라는 신호를 주어 잠들기 쉽게 해 줘요. | E94: 초안 | H94: =LEN(IF(F94<>"",F94,D94)) -> 46 | I94: =IF(OR(H94<4,H94>140),"분량 확인","")
A95: prescriptions.by_domain_need.LIF_START.title | B95: 재정·생활안정 × 시작할 용기 | C95: 영역×필요 LIF_START · 쏠 타로 자체 · 제목 | D95: 생활 기둥 하나 | E95: 초안 | H95: =LEN(IF(F95<>"",F95,D95)) -> 8 | I95: =IF(OR(H95<4,H95>140),"분량 확인","")
A96: prescriptions.by_domain_need.LIF_START.how | B96: 재정·생활안정 × 시작할 용기 | C96: 영역×필요 LIF_START · 쏠 타로 자체 · 방법 | D96: 기상 시간이나 아침 식사처럼 하루를 받쳐 줄 습관 하나를 정해 이번 주 5일만 지켜 보세요. | E96: 초안 | H96: =LEN(IF(F96<>"",F96,D96)) -> 51 | I96: =IF(OR(H96<4,H96>140),"분량 확인","")
A97: prescriptions.by_domain_need.LIF_START.why | B97: 재정·생활안정 × 시작할 용기 | C97: 영역×필요 LIF_START · 쏠 타로 자체 · 왜 도움이 되나 | D97: 작은 습관 하나가 자리를 잡으면 무너졌던 생활 리듬이 그 기둥을 중심으로 다시 돌아와요. | E97: 초안 | H97: =LEN(IF(F97<>"",F97,D97)) -> 49 | I97: =IF(OR(H97<4,H97>140),"분량 확인","")
A98: prescriptions.by_domain_need.LIF_CHOOSE.title | B98: 재정·생활안정 × 정리와 선택 | C98: 영역×필요 LIF_CHOOSE · 쏠 타로 자체 · 제목 | D98: 돈의 흐름 세 칸 | E98: 초안 | H98: =LEN(IF(F98<>"",F98,D98)) -> 9 | I98: =IF(OR(H98<4,H98>140),"분량 확인","")
A99: prescriptions.by_domain_need.LIF_CHOOSE.how | B99: 재정·생활안정 × 정리와 선택 | C99: 영역×필요 LIF_CHOOSE · 쏠 타로 자체 · 방법 | D99: 이번 달 지출을 '고정 지출 / 꼭 필요한 지출 / 줄일 수 있는 지출' 세 칸으로 나눠 적어 보세요. | E99: 초안 | H99: =LEN(IF(F99<>"",F99,D99)) -> 57 | I99: =IF(OR(H99<4,H99>140),"분량 확인","")
A100: prescriptions.by_domain_need.LIF_CHOOSE.why | B100: 재정·생활안정 × 정리와 선택 | C100: 영역×필요 LIF_CHOOSE · 쏠 타로 자체 · 왜 도움이 되나 | D100: 막연한 돈 걱정을 숫자로 펼치면 내가 고를 수 있는 부분이 보이기 시작해요. | E100: 초안 | H100: =LEN(IF(F100<>"",F100,D100)) -> 42 | I100: =IF(OR(H100<4,H100>140),"분량 확인","")
A101: prescriptions.by_domain_need.LIF_CONNECT.title | B101: 재정·생활안정 × 연결 | C101: 영역×필요 LIF_CONNECT · 쏠 타로 자체 · 제목 | D101: 생활 고민 한 가지 나누기 | E101: 초안 | H101: =LEN(IF(F101<>"",F101,D101)) -> 14 | I101: =IF(OR(H101<4,H101>140),"분량 확인","")
... A109: prescriptions.by_domain_need.LIF_LETGO.why | B109: 재정·생활안정 × 놓아주기와 회복 | C109: 영역×필요 LIF_LETGO · 쏠 타로 자체 · 왜 도움이 되나 | D109: 할 수 없는 걱정을 내려놓으면 할 수 있는 일에 힘을 모을 수 있어요. | E109: 초안 | H109: =LEN(IF(F109<>"",F109,D109)) -> 39 | I109: =IF(OR(H109<4,H109>140),"분량 확인","")
...

Sheet 대체문장
A1: ID (수정 금지) | B1: 카드 · 분류 | C1: 항목 | D1: 현재 문장 (초안) | E1: 상태 | F1: 수정안 | G1: 검수 메모 | H1: 최종 글자 수 | I1: 분량
A2: fallbacks.story.CAR.0 | B2: 직업·커리어 | C2: 5번 이야기 대체 1 ({name}·{c1}{c2}{c3} 자리표시자) | D2: 일에 관한 고민을 적어 주셨죠. '{c1}' 카드는 지금 일 앞에서 느끼는 마음을, '{c2}' 카드는 그 마음을 무겁게 붙잡고 있는 것을 비춰요. 그리고 '{c3}' 카드는 일과 나 사이에서 내디딜 수 있는 다음 한 걸음을 가리킵니다. | E2: 초안 | H2: =LEN(IF(F2<>"",F2,D2)) -> 132 | I2: =IF(OR(H2<50,H2>450),"분량 확인","")
A3: fallbacks.story.CAR.1 | B3: 직업·커리어 | C3: 5번 이야기 대체 2 ({name}·{c1}{c2}{c3} 자리표시자) | D3: 일터에서의 고민이 마음에 오래 머물러 있었던 것 같아요. 세 장의 카드는 지금의 마음에서 시작해, 무엇이 나를 붙잡고 있는지 지나, 내가 고를 수 있는 작은 변화로 이어지는 흐름을 보여 줘요. | E3: 초안 | H3: =LEN(IF(F3<>"",F3,D3)) -> 107 | I3: =IF(OR(H3<50,H3>450),"분량 확인","")
A4: fallbacks.story.DIR.0 | B4: 진로·자기계발 | C4: 5번 이야기 대체 1 ({name}·{c1}{c2}{c3} 자리표시자) | D4: 앞으로의 길에 대한 고민을 적어 주셨죠. '{c1}' 카드는 방향을 찾는 지금의 마음을, '{c2}' 카드는 그 마음을 망설이게 하는 것을 비춰요. '{c3}' 카드는 정답 대신 나다운 다음 한 걸음을 가리킵니다. | E4: 초안 | H4: =LEN(IF(F4<>"",F4,D4)) -> 119 | I4: =IF(OR(H4<50,H4>450),"분량 확인","")
A5: fallbacks.story.DIR.1 | B5: 진로·자기계발 | C5: 5번 이야기 대체 2 ({name}·{c1}{c2}{c3} 자리표시자) | D5: 나 자신과 삶의 방향을 오래 고민해 온 마음이 느껴져요. 세 장은 지금 어디에 서 있는지, 무엇이 발걸음을 무겁게 하는지, 그리고 어느 쪽으로 작게 움직여 볼 수 있는지를 차례로 보여 줘요. | E5: 초안 | H5: =LEN(IF(F5<>"",F5,D5)) -> 106 | I5: =IF(OR(H5<50,H5>450),"분량 확인","")
A6: fallbacks.story.LOV.0 | B6: 연애 | C6: 5번 이야기 대체 1 ({name}·{c1}{c2}{c3} 자리표시자) | D6: 연애에 관한 고민을 적어 주셨죠. '{c1}' 카드는 이 관계 앞에서의 지금 마음을, '{c2}' 카드는 그 마음을 붙잡고 있는 것을 비춰요. '{c3}' 카드는 상대보다 먼저 내 마음을 살피는 다음 한 걸음을 가리킵니다. | E6: 초안 | H6: =LEN(IF(F6<>"",F6,D6)) -> 124 | I6: =IF(OR(H6<50,H6>450),"분량 확인","")
A7: fallbacks.story.LOV.1 | B7: 연애 | C7: 5번 이야기 대체 2 ({name}·{c1}{c2}{c3} 자리표시자) | D7: 마음을 쓰는 관계가 있어서 고민도 깊었던 것 같아요. 세 장은 지금의 마음에서 시작해, 그 마음을 머뭇거리게 하는 것을 지나, 나를 잃지 않고 이어질 수 있는 방향으로 흘러가요. | E7: 초안 | H7: =LEN(IF(F7<>"",F7,D7)) -> 99 | I7: =IF(OR(H7<50,H7>450),"분량 확인","")
A8: fallbacks.story.FAM.0 | B8: 가족 | C8: 5번 이야기 대체 1 ({name}·{c1}{c2}{c3} 자리표시자) | D8: 가족에 관한 고민을 적어 주셨죠. '{c1}' 카드는 가족 사이에서 느끼는 지금의 마음을, '{c2}' 카드는 그 마음을 무겁게 만드는 것을 비춰요. '{c3}' 카드는 가족 안에서도 나를 지킬 수 있는 다음 한 걸음을 가리킵니다. | E8: 초안 | H8: =LEN(IF(F8<>"",F8,D8)) -> 129 | I8: =IF(OR(H8<50,H8>450),"분량 확인","")
A9: fallbacks.story.FAM.1 | B9: 가족 | C9: 5번 이야기 대체 2 ({name}·{c1}{c2}{c3} 자리표시자) | D9: 가까운 사이라서 더 어려운 마음이 느껴져요. 세 장은 지금의 마음과, 그 마음을 붙잡고 있는 것, 그리고 나를 돌보며 가족과 지낼 수 있는 작은 방법을 차례로 비춰 줘요. | E9: 초안 | H9: =LEN(IF(F9<>"",F9,D9)) -> 95 | I9: =IF(OR(H9<50,H9>450),"분량 확인","")
A10: fallbacks.story.SOC.0 | B10: 교우·사회관계 | C10: 5번 이야기 대체 1 ({name}·{c1}{c2}{c3} 자리표시자) | D10: 사람 사이의 고민을 적어 주셨죠. '{c1}' 카드는 관계 속 지금의 마음을, '{c2}' 카드는 그 마음을 붙잡고 있는 것을 비춰요. '{c3}' 카드는 나에게 편안한 거리를 찾는 다음 한 걸음을 가리킵니다. | E10: 초안 | H10: =LEN(IF(F10<>"",F10,D10)) -> 117 | I10: =IF(OR(H10<50,H10>450),"분량 확인","")
A11: fallbacks.story.SOC.1 | B11: 교우·사회관계 | C11: 5번 이야기 대체 2 ({name}·{c1}{c2}{c3} 자리표시자) | D11: 사람들 사이에서 마음을 많이 써 온 것 같아요. 세 장은 지금의 마음에서 출발해, 무엇이 나를 지치게 하는지 지나, 나다운 관계의 모양을 찾아가는 흐름을 보여 줘요. | E11: 초안 | H11: =LEN(IF(F11<>"",F11,D11)) -> 92 | I11: =IF(OR(H11<50,H11>450),"분량 확인","")
A12: fallbacks.story.LIF.0 | B12: 재정·생활안정 | C12: 5번 이야기 대체 1 ({name}·{c1}{c2}{c3} 자리표시자) | D12: 생활과 돈에 관한 고민을 적어 주셨죠. '{c1}' 카드는 지금의 마음을, '{c2}' 카드는 그 마음을 조급하게 만드는 것을 비춰요. '{c3}' 카드는 큰 결심보다 오늘 할 수 있는 작은 정리를 가리킵니다. | E12: 초안 | H12: =LEN(IF(F12<>"",F12,D12)) -> 117 | I12: =IF(OR(H12<50,H12>450),"분량 확인","")
A13: fallbacks.story.LIF.1 | B13: 재정·생활안정 | C13: 5번 이야기 대체 2 ({name}·{c1}{c2}{c3} 자리표시자) | D13: 생활의 무게가 마음에도 내려앉아 있었던 것 같아요. 세 장은 지금의 불안에서 시작해, 그 불안을 키우는 것을 지나, 손에 잡히는 작은 한 걸음으로 이어지는 흐름을 보여 줘요. | E13: 초안 | H13: =LEN(IF(F13<>"",F13,D13)) -> 97 | I13: =IF(OR(H13<50,H13>450),"분량 확인","")
... A29: fallbacks.apply.NONE.1 | B29: 고민 미작성 | C29: 5번 '내 고민에 대어 보면' 대체 2 ({name}·{c1}{c2}{c3} 자리표시자) | D29: {name}님이 마음속에만 둔 고민도 세 장은 차례로 비추고 있어요. 지금의 마음, 나를 붙잡는 것, 다음 한 걸음 중 어느 카드가 가장 오래 눈에 남았나요? 그 카드의 해석을 한 번 더 읽고, 아래 처방과 실천 중 가장 손이 가는 것 하나부터 골라 보세요. | E29: 초안 | H29: =LEN(IF(F29<>"",F29,D29)) -> 144 | I29: =IF(OR(H29<50,H29>450),"분량 확인","")

Sheet 안전키워드
A1: ID (수정 금지) | B1: 카드 · 분류 | C1: 항목 | D1: 현재 문장 (초안) | E1: 상태 | F1: 수정안 | G1: 검수 메모 | H1: 최종 글자 수 | I1: 분량
A2: safety_keywords.urgent | B2: 위험(카드 멈추고 안전 안내) | C2: 쉼표로 구분 · 띄어쓰기 없이 | D2: 죽고싶, 죽어버리, 극단적선택, 사라지고싶, 살기싫, 살고싶지않, 유서, 뛰어내리, 목숨을끊, 삶을끝내, 인생을끝내, 세상을떠나고싶, 없어지고싶, 다끝내고싶, 그만살고싶, 살이유가없, 죽는게나을, 죽을것같아서, 약을모아, 마지막인사 | E2: 초안 | H2: =LEN(IF(F2<>"",F2,D2)) -> 129 | I2: =IF(OR(H2<0,H2>2000),"분량 확인","")
A3: safety_keywords.urgent_raw | B3: 위험 · 띄어쓰기 그대로 검사(두 글자 단어) | C3: 쉼표로 구분 · 띄어쓰기 없이 | D3: 자살, 자해 | E3: 초안 | H3: =LEN(IF(F3<>"",F3,D3)) -> 6 | I3: =IF(OR(H3<0,H3>2000),"분량 확인","")
A4: safety_keywords.watch | B4: 주의(결과에 안내 박스) | C4: 쉼표로 구분 · 띄어쓰기 없이 | D4: 너무힘들, 버틸수가없, 버티기힘들, 아무의미없, 아무것도못하겠, 숨이막, 무기력, 잠을못자, 매일울, 혼자인것같, 아무도없, 지쳐서아무것도, 우울, 공황, 밥을못먹, 먹지를못, 아무도날, 사는게지옥, 희망이없, 내가없어지면 | E4: 초안 | H4: =LEN(IF(F4<>"",F4,D4)) -> 124 | I4: =IF(OR(H4<0,H4>2000),"분량 확인","")
A5: safety_keywords.violence | B5: 폭력·통제(다가가기 실천 빼고 안내 박스) | C5: 쉼표로 구분 · 띄어쓰기 없이 | D5: 때리, 때렸, 맞았, 폭력, 폭행, 협박, 위협, 감시, 휴대폰을검사, 핸드폰을검사, 폰을뒤, 위치를공유하라, 위치공유를강요, 못만나게, 물건을던지, 스토킹, 따라다니, 무서워서, 밀쳤, 목을조, 가두, 돈을뺏, 욕설을퍼 | E5: 초안 | H5: =LEN(IF(F5<>"",F5,D5)) -> 123 | I5: =IF(OR(H5<0,H5>2000),"분량 확인","")
A6: safety_keywords.exclude | B6: 오탐 예외(이 표현은 지우고 검사) | C6: 쉼표로 구분 · 띄어쓰기 없이 | E6: 초안 | H6: =LEN(IF(F6<>"",F6,D6)) -> 0 | I6: =IF(OR(H6<0,H6>2000),"분량 확인","")

Sheet 감정문장
A1: ID (수정 금지) | B1: 카드 · 분류 | C1: 항목 | D1: 현재 문장 (초안) | E1: 상태 | F1: 수정안 | G1: 검수 메모 | H1: 최종 글자 수 | I1: 분량
A2: emotion_lines.ANX | B2: 감정: 불안 | C2: 감정 문장 ({name} = 닉네임) | D2: 지금 {name}님이 느끼는 불안은 소중한 것을 지키고 싶은 마음이 조금 앞서 나가 있다는 신호예요. | E2: 초안 | H2: =LEN(IF(F2<>"",F2,D2)) -> 56 | I2: =IF(OR(H2<30,H2>90),"분량 확인","")
A3: emotion_lines.TIR | B3: 감정: 지침 | C3: 감정 문장 ({name} = 닉네임) | D3: 지금 {name}님이 느끼는 지침은 게으름이 아니라, 오래 애써 온 몸과 마음이 보내는 정직한 신호예요. | E3: 초안 | H3: =LEN(IF(F3<>"",F3,D3)) -> 58 | I3: =IF(OR(H3<30,H3>90),"분량 확인","")
A4: emotion_lines.LON | B4: 감정: 외로움 | C4: 감정 문장 ({name} = 닉네임) | D4: 지금 {name}님이 느끼는 외로움은 누군가와 이어지고 싶은 마음이 그만큼 크다는 뜻이에요. | E4: 초안 | H4: =LEN(IF(F4<>"",F4,D4)) -> 51 | I4: =IF(OR(H4<30,H4>90),"분량 확인","")
A5: emotion_lines.HUR | B5: 감정: 서운함 | C5: 감정 문장 ({name} = 닉네임) | D5: 지금 {name}님이 느끼는 서운함은 그 관계가 그만큼 소중하다는 표시예요. | E5: 초안 | G5: [Claude 점검 · 고침] '{name}님'과 '나에게'가 한 문장에 섞여 시점이 맞지 않음, '가장 분명한'은 단정 (전: 지금 {name}님이 느끼는 서운함은 그 관계가 나에게 소중하다는 가장 분명한 표시예요.) | H5: =LEN(IF(F5<>"",F5,D5)) -> 42 | I5: =IF(OR(H5<30,H5>90),"분량 확인","")
A6: emotion_lines.CON | B6: 감정: 막막함 | C6: 감정 문장 ({name} = 닉네임) | D6: 지금 {name}님이 느끼는 막막함은 길을 잃었다는 뜻이 아니라, 아직 지도를 그리는 중이라는 뜻이에요. | E6: 초안 | H6: =LEN(IF(F6<>"",F6,D6)) -> 58 | I6: =IF(OR(H6<30,H6>90),"분량 확인","")
A7: emotion_lines.SHA | B7: 감정: 자책 | C7: 감정 문장 ({name} = 닉네임) | D7: 지금 {name}님이 느끼는 자책은 잘하고 싶은 마음이 그만큼 크다는 뜻이기도 해요. | E7: 초안 | H7: =LEN(IF(F7<>"",F7,D7)) -> 47 | I7: =IF(OR(H7<30,H7>90),"분량 확인","")
A8: emotion_lines.GRI | B8: 감정: 슬픔 | C8: 감정 문장 ({name} = 닉네임) | D8: 지금 {name}님이 느끼는 슬픔은 무언가를 깊이 아꼈다는 증거예요. | E8: 초안 | H8: =LEN(IF(F8<>"",F8,D8)) -> 38 | I8: =IF(OR(H8<30,H8>90),"분량 확인","")
A9: emotion_lines.HOP | B9: 감정: 설렘 | C9: 감정 문장 ({name} = 닉네임) | D9: 지금 {name}님이 느끼는 설렘과 긴장은 새로운 무언가를 향해 마음이 움직이고 있다는 신호예요. | E9: 초안 | H9: =LEN(IF(F9<>"",F9,D9)) -> 54 | I9: =IF(OR(H9<30,H9>90),"분량 확인","")

Sheet 화면문구
A1: ID (수정 금지) | B1: 카드 · 분류 | C1: 항목 | D1: 현재 문장 (초안) | E1: 상태 | F1: 수정안 | G1: 검수 메모 | H1: 최종 글자 수 | I1: 분량
A2: copy.intro.participants | B2: 1 인트로 | C2: participants | D2: 벌써 {count}명이 쏠 타로 하우스를 다녀갔어요 | E2: 초안 | H2: =LEN(IF(F2<>"",F2,D2)) -> 28 | I2: =IF(OR(H2<1,H2>400),"분량 확인","")
A3: copy.intro.button | B3: 1 인트로 | C3: button | D3: 테스트 하기 | E3: 초안 | G3: [Claude 점검 · 제안] 직접 정해 주신 문구라 그대로 둠. 제안: 테스트하기 — '테스트하다'는 붙여 씀 | H3: =LEN(IF(F3<>"",F3,D3)) -> 6 | I3: =IF(OR(H3<1,H3>400),"분량 확인","")
A4: copy.welcome.title | B4: 2 환영 | C4: title | D4: 쏠 타로 하우스에 오신 당신을 환영합니다. | E4: 초안 | H4: =LEN(IF(F4<>"",F4,D4)) -> 23 | I4: =IF(OR(H4<1,H4>400),"분량 확인","")
A5: copy.welcome.sub | B5: 2 환영 | C5: sub | D5: 당신을 뭐라고 불러드리면 될까요? | E5: 초안 | H5: =LEN(IF(F5<>"",F5,D5)) -> 18 | I5: =IF(OR(H5<1,H5>400),"분량 확인","")
A6: copy.welcome.placeholder | B6: 2 환영 | C6: placeholder | D6: 닉네임 | E6: 초안 | H6: =LEN(IF(F6<>"",F6,D6)) -> 3 | I6: =IF(OR(H6<1,H6>400),"분량 확인","")
A7: copy.welcome.empty_error | B7: 2 환영 | C7: empty_error | D7: 불러드릴 이름을 적어 주세요. | E7: 초안 | H7: =LEN(IF(F7<>"",F7,D7)) -> 16 | I7: =IF(OR(H7<1,H7>400),"분량 확인","")
A8: copy.welcome.button | B8: 2 환영 | C8: button | D8: 이렇게 불러주세요 | E8: 초안 | H8: =LEN(IF(F8<>"",F8,D8)) -> 9 | I8: =IF(OR(H8<1,H8>400),"분량 확인","")
A9: copy.experience.title | B9: 3 경험 질문 | C9: title | D9: {nickname}님, 오늘은 어떤 고민을 가져오셨나요? | E9: 초안 | H9: =LEN(IF(F9<>"",F9,D9)) -> 31 | I9: =IF(OR(H9<1,H9>400),"분량 확인","")
A10: copy.experience.sub | B10: 3 경험 질문 | C10: sub | D10: 타로카드는 처음이신지요? | E10: 초안 | G10: [Claude 점검 · 제안] 직접 정해 주신 문구라 그대로 둠. 제안: 타로카드는 처음이신가요? — '처음이신지요?'가 예스럽고 딱딱함 | H10: =LEN(IF(F10<>"",F10,D10)) -> 13 | I10: =IF(OR(H10<1,H10>400),"분량 확인","")
A11: copy.experience.button_returning | B11: 3 경험 질문 | C11: button_returning | D11: 전에 본 적이 있어요 | E11: 초안 | H11: =LEN(IF(F11<>"",F11,D11)) -> 11 | I11: =IF(OR(H11<1,H11>400),"분량 확인","")
A12: copy.experience.button_first | B12: 3 경험 질문 | C12: button_first | D12: 네, 처음이에요 | E12: 초안 | H12: =LEN(IF(F12<>"",F12,D12)) -> 8 | I12: =IF(OR(H12<1,H12>400),"분량 확인","")
A13: copy.first_time.body | B13: 3-1 처음 안내 | C13: body | D13: 오늘 {nickname}님의 고민을 타로카드가 어떻게 비춰 주는지 들어봅시다. 우리 쏠 하우스만의 특제 레시피로 {nickname}님의 타로 카드가 설명하는 현재 상황에 적절한 웰니스 제안을 해드릴게요. 이제 한 번 해볼까요? | E13: 초안 | G13: [Claude 점검 · 제안] 직접 정해 주신 문구라 그대로 둠. 제안: 오늘 {nickname}님의 고민을 타로카드가 어떻게 비춰 주는지 함께 살펴봐요. 쏠 타로 하우스만의 특제 레시피로 {nickname}님의 카드가 비춰 준 지금 상황에 맞는 웰니스 제안을 해 드릴게요. 이제 한번 해 볼까요? — '한 번'(시도의 뜻은 '한번'), '비춰 주는지 들어봅시다' 감각 불일치, '타로 카드가 설명하는 현재 상황에 적절한' 번역투, '쏠 하우스' 명칭 불일치 | H13: =LEN(IF(F13<>"",F13,D13)) -> 126 | I13: =IF(OR(H13<1,H13>400),"분량 확인","")
A14: copy.first_time.button | B14: 3-1 처음 안내 | C14: button | D14: 네, 좋아요! | E14: 초안 | H14: =LEN(IF(F14<>"",F14,D14)) -> 7 | I14: =IF(OR(H14<1,H14>400),"분량 확인","")
A15: copy.worry.title | B15: 4 고민 쓰기 | C15: title | D15: 좋습니다. 먼저 {nickname}님의 고민을 편하게 작성해주세요. | E15: 초안 | H15: =LEN(IF(F15<>"",F15,D15)) -> 37 | I15: =IF(OR(H15<1,H15>400),"분량 확인","")
A16: copy.worry.sub | B16: 4 고민 쓰기 | C16: sub | D16: 구체적으로 쓸수록 도움이 됩니다. 고민을 굳이 작성하지 않으셔도 타로카드는 볼 수 있어요. | E16: 초안 | G16: [Claude 점검 · 제안] 직접 정해 주신 문구라 그대로 둠. 제안: 구체적으로 쓸수록 도움이 돼요. 고민을 굳이 작성하지 않으셔도 타로카드는 볼 수 있어요. — '도움이 됩니다'와 '볼 수 있어요' 어체 섞임 | H16: =LEN(IF(F16<>"",F16,D16)) -> 50 | I16: =IF(OR(H16<1,H16>400),"분량 확인","")
A17: copy.worry.placeholder_examples.0 | B17: 4 고민 쓰기 | C17: placeholder_examples.0 | D17: 회사에서 열심히 하는데 인정받지 못하는 것 같아 지쳐요. | E17: 초안 | H17: =LEN(IF(F17<>"",F17,D17)) -> 31 | I17: =IF(OR(H17<1,H17>400),"분량 확인","")
A18: copy.worry.placeholder_examples.1 | B18: 4 고민 쓰기 | C18: placeholder_examples.1 | D18: 졸업이 다가오는데 뭘 하고 싶은지 모르겠어요. | E18: 초안 | H18: =LEN(IF(F18<>"",F18,D18)) -> 25 | I18: =IF(OR(H18<1,H18>400),"분량 확인","")
A19: copy.worry.placeholder_examples.2 | B19: 4 고민 쓰기 | C19: placeholder_examples.2 | D19: 연인이 요즘 연락이 뜸해서 서운한데 말을 못 하겠어요. | E19: 초안 | H19: =LEN(IF(F19<>"",F19,D19)) -> 30 | I19: =IF(OR(H19<1,H19>400),"분량 확인","")
A20: copy.worry.placeholder_examples.3 | B20: 4 고민 쓰기 | C20: placeholder_examples.3 | D20: 부모님이 저를 자꾸 형제와 비교해서 속상해요. | E20: 초안 | H20: =LEN(IF(F20<>"",F20,D20)) -> 25 | I20: =IF(OR(H20<1,H20>400),"분량 확인","")
A21: copy.worry.placeholder_examples.4 | B21: 4 고민 쓰기 | C21: placeholder_examples.4 | D21: 부탁을 거절하지 못해서 매번 손해 보는 느낌이에요. | E21: 초안 | G21: [Claude 점검 · 고침] '부탁을 거절을' 목적격 조사 중복 (전: 부탁을 거절을 못 해서 매번 손해 보는 느낌이에요.) | H21: =LEN(IF(F21<>"",F21,D21)) -> 28 | I21: =IF(OR(H21<1,H21>400),"분량 확인","")
A22: copy.worry.placeholder_examples.5 | B22: 4 고민 쓰기 | C22: placeholder_examples.5 | D22: 월급이 들어와도 금방 사라져서 돈 걱정이 끊이지 않아요. | E22: 초안 | H22: =LEN(IF(F22<>"",F22,D22)) -> 31 | I22: =IF(OR(H22<1,H22>400),"분량 확인","")
A23: copy.worry.button_submit | B23: 4 고민 쓰기 | C23: button_submit | D23: 제출하기 | E23: 초안 | H23: =LEN(IF(F23<>"",F23,D23)) -> 4 | I23: =IF(OR(H23<1,H23>400),"분량 확인","")
A24: copy.worry.button_skip | B24: 4 고민 쓰기 | C24: button_skip | D24: 고민은 마음속으로만 생각하고 싶어요 | E24: 초안 | H24: =LEN(IF(F24<>"",F24,D24)) -> 19 | I24: =IF(OR(H24<1,H24>400),"분량 확인","")
A25: copy.worry.too_short | B25: 4 고민 쓰기 | C25: too_short | D25: 조금만 더 들려주세요. 10자 이상 적어 주시면 해석이 더 정확해져요. | E25: 초안 | H25: =LEN(IF(F25<>"",F25,D25)) -> 39 | I25: =IF(OR(H25<1,H25>400),"분량 확인","")
A26: copy.worry.footnote | B26: 4 고민 쓰기 | C26: footnote | D26: 전문 심리상담사가 만든 자기이해 웰니스 콘텐츠예요. 미래를 예언하거나 의료적 진단·심리 치료를 대신하지 않아요. 적어 주신 고민은 카드 해석에만 쓰이고 공유 카드에는 보이지 않아요. | E26: 초안 | H26: =LEN(IF(F26<>"",F26,D26)) -> 101 | I26: =IF(OR(H26<1,H26>400),"분량 확인","")
A27: copy.shuffle.guide | B27: 5 셔플 | C27: guide | D27: 이제 카드를 선택할 시간입니다. 가장 고민되는 부분을 생각하면서 골라주세요. 최대한 구체적으로 생각하고 뽑을수록 좋아요. | E27: 초안 | G27: [Claude 점검 · 제안] 직접 정해 주신 문구라 그대로 둠. 제안: 이제 카드를 고를 시간이에요. 가장 고민되는 부분을 생각하면서 골라 주세요. 고민을 구체적으로 떠올릴수록 좋아요. — '구체적으로 생각하고 뽑을수록'은 '많이 뽑을수록'으로 읽혀 비문, 합쇼체·해요체 섞임 | H27: =LEN(IF(F27<>"",F27,D27)) -> 67 | I27: =IF(OR(H27<1,H27>400),"분량 확인","")
A28: copy.shuffle.done | B28: 5 셔플 | C28: done | D28: 카드가 잘 섞였습니다. 원하신다면 다시 섞으셔도 돼요. | E28: 초안 | H28: =LEN(IF(F28<>"",F28,D28)) -> 30 | I28: =IF(OR(H28<1,H28>400),"분량 확인","")
A29: copy.shuffle.button_pick | B29: 5 셔플 | C29: button_pick | D29: 지금 뽑을게요 | E29: 초안 | H29: =LEN(IF(F29<>"",F29,D29)) -> 7 | I29: =IF(OR(H29<1,H29>400),"분량 확인","")
A30: copy.shuffle.button_reshuffle | B30: 5 셔플 | C30: button_reshuffle | D30: 다시 섞을게요 | E30: 초안 | H30: =LEN(IF(F30<>"",F30,D30)) -> 7 | I30: =IF(OR(H30<1,H30>400),"분량 확인","")
A31: copy.pick.guide | B31: 6 뽑기 | C31: guide | D31: 고민을 되새기면서 가장 마음이 가는 카드 3개를 뽑아주세요. | E31: 초안 | G31: [Claude 점검 · 제안] 직접 정해 주신 문구라 그대로 둠. 제안: 고민을 되새기면서 가장 마음이 가는 카드 세 장을 뽑아주세요. — 카드 단위 '3개'가 다른 화면('세 장')과 불일치 | H31: =LEN(IF(F31<>"",F31,D31)) -> 33 | I31: =IF(OR(H31<1,H31>400),"분량 확인","")
A32: copy.pick.slot_labels.0 | B32: 6 뽑기 | C32: slot_labels.0 | D32: 지금의 마음 | E32: 초안 | H32: =LEN(IF(F32<>"",F32,D32)) -> 6 | I32: =IF(OR(H32<1,H32>400),"분량 확인","")
A33: copy.pick.slot_labels.1 | B33: 6 뽑기 | C33: slot_labels.1 | D33: 나를 붙잡는 것 | E33: 초안 | H33: =LEN(IF(F33<>"",F33,D33)) -> 8 | I33: =IF(OR(H33<1,H33>400),"분량 확인","")
A34: copy.pick.slot_labels.2 | B34: 6 뽑기 | C34: slot_labels.2 | D34: 다음 한 걸음 | E34: 초안 | H34: =LEN(IF(F34<>"",F34,D34)) -> 7 | I34: =IF(OR(H34<1,H34>400),"분량 확인","")
A35: copy.pick.counter | B35: 6 뽑기 | C35: counter | D35: {picked} / 3 | E35: 초안 | H35: =LEN(IF(F35<>"",F35,D35)) -> 12 | I35: =IF(OR(H35<1,H35>400),"분량 확인","")
A36: copy.reveal.done | B36: 6 다 뽑음 | C36: done | D36: 카드를 다 뽑았어요. 이제 설명을 보러 가볼까요? | E36: 초안 | H36: =LEN(IF(F36<>"",F36,D36)) -> 27 | I36: =IF(OR(H36<1,H36>400),"분량 확인","")
A37: copy.reveal.button | B37: 6 다 뽑음 | C37: button | D37: 네, 좋습니다. | E37: 초안 | H37: =LEN(IF(F37<>"",F37,D37)) -> 8 | I37: =IF(OR(H37<1,H37>400),"분량 확인","")
A38: copy.loading.message | B38: 대기 | C38: message | D38: {nickname}님의 타로 결과를 분석하고 있어요... | E38: 초안 | H38: =LEN(IF(F38<>"",F38,D38)) -> 31 | I38: =IF(OR(H38<1,H38>400),"분량 확인","")
A39: copy.loading.elapsed | B39: 대기 | C39: elapsed | D39: ({seconds}초 경과) | E39: 초안 | H39: =LEN(IF(F39<>"",F39,D39)) -> 15 | I39: =IF(OR(H39<1,H39>400),"분량 확인","")
A40: copy.result.headline | B40: 7 결과 | C40: headline | D40: {nickname}님에게 온 세 장의 카드 | E40: 초안 | H40: =LEN(IF(F40<>"",F40,D40)) -> 23 | I40: =IF(OR(H40<1,H40>400),"분량 확인","")
A41: copy.result.paywall_title | B41: 7 결과 | C41: paywall_title | D41: 이어지는 이야기는 리포트에서 열려요 | E41: 초안 | H41: =LEN(IF(F41<>"",F41,D41)) -> 19 | I41: =IF(OR(H41<1,H41>400),"분량 확인","")
A42: copy.result.paywall_body | B42: 7 결과 | C42: paywall_body | D42: 세 장이 함께 들려주는 이야기, 마음 깊이 읽기, 웰니스 처방, 이번 주 실천 카드까지 이어서 읽을 수 있어요. | E42: 초안 | H42: =LEN(IF(F42<>"",F42,D42)) -> 62 | I42: =IF(OR(H42<1,H42>400),"분량 확인","")
A43: copy.result.paywall_price | B43: 7 결과 | C43: paywall_price | D43: 전체 리포트 1,900원 | E43: 초안 | H43: =LEN(IF(F43<>"",F43,D43)) -> 13 | I43: =IF(OR(H43<1,H43>400),"분량 확인","")
... A55: copy.safety.urgent_contacts.0.name | B55: 안전 안내 | C55: urgent_contacts.0.name | D55: 자살예방상담전화 | E55: 초안 | H55: =LEN(IF(F55<>"",F55,D55)) -> 8 | I55: =IF(OR(H55<1,H55>400),"분량 확인","")
A56: copy.safety.urgent_contacts.0.number | B56: 안전 안내 | C56: urgent_contacts.0.number | D56: 109 | E56: 초안 | G56: [Claude 점검 · 판단 필요] 화면에 보이던 내부 메모 '[확인필요]'는 뺐음. 109·1577-0199 번호는 출시 전 최신 확인 필요 | H56: =LEN(IF(F56<>"",F56,D56)) -> 3 | I56: =IF(OR(H56<1,H56>400),"분량 확인","")
A57: copy.safety.urgent_contacts.0.note | B57: 안전 안내 | C57: urgent_contacts.0.note | D57: 24시간 | E57: 초안 | G57: [Claude 점검 · 고침] 노출 문구에 '[확인필요: 출시 전 최신 번호 확인]' 내부 메모 포함(contacts.1.note도 동일) (전: 24시간 [확인필요: 출시 전 최신 번호 확인]) | H57: =LEN(IF(F57<>"",F57,D57)) -> 4 | I57: =IF(OR(H57<1,H57>400),"분량 확인","")
A58: copy.safety.urgent_contacts.1.name | B58: 안전 안내 | C58: urgent_contacts.1.name | D58: 정신건강위기상담전화 | E58: 초안 | H58: =LEN(IF(F58<>"",F58,D58)) -> 10 | I58: =IF(OR(H58<1,H58>400),"분량 확인","")
A59: copy.safety.urgent_contacts.1.number | B59: 안전 안내 | C59: urgent_contacts.1.number | D59: 1577-0199 | E59: 초안 | H59: =LEN(IF(F59<>"",F59,D59)) -> 9 | I59: =IF(OR(H59<1,H59>400),"분량 확인","")
A60: copy.safety.urgent_contacts.1.note | B60: 안전 안내 | C60: urgent_contacts.1.note | D60: 24시간 | E60: 초안 | G60: [Claude 점검 · 고침] Claude 점검 (전: 24시간 [확인필요]) | H60: =LEN(IF(F60<>"",F60,D60)) -> 4 | I60: =IF(OR(H60<1,H60>400),"분량 확인","")
A61: copy.safety.urgent_contacts.2.name | B61: 안전 안내 | C61: urgent_contacts.2.name | D61: 긴급 상황 | E61: 초안 | H61: =LEN(IF(F61<>"",F61,D61)) -> 5 | I61: =IF(OR(H61<1,H61>400),"분량 확인","")
A62: copy.safety.urgent_contacts.2.number | B62: 안전 안내 | C62: urgent_contacts.2.number | D62: 119 / 112 | E62: 초안 | H62: =LEN(IF(F62<>"",F62,D62)) -> 9 | I62: =IF(OR(H62<1,H62>400),"분량 확인","")
A63: copy.safety.urgent_cta | B63: 안전 안내 | C63: urgent_cta | D63: 쏠 웰니스 하우스 전문 상담 알아보기 | E63: 초안 | H63: =LEN(IF(F63<>"",F63,D63)) -> 20 | I63: =IF(OR(H63<1,H63>400),"분량 확인","")
A64: copy.safety.watch_box | B64: 안전 안내 | C64: watch_box | D64: 요즘 마음이 많이 무거우셨던 것 같아요. 카드 해석과 함께, 필요할 때 언제든 기댈 수 있는 곳도 적어 둘게요. | E64: 초안 | G64: [Claude 점검 · 고침] '함께'가 한 문장에 두 번 (전: 요즘 마음이 많이 무거우셨던 것 같아요. 카드 해석과 함께, 필요할 때 언제든 기댈 수 있는 곳도 함께 적어 둘게요.) | H64: =LEN(IF(F64<>"",F64,D64)) -> 62 | I64: =IF(OR(H64<1,H64>400),"분량 확인","")
A65: copy.safety.violence_box | B65: 안전 안내 | C65: violence_box | D65: 혹시 상대가 무섭게 느껴지거나 통제받는다고 느낀다면, 그건 혼자 해결해야 할 고민이 아니에요. 여성긴급전화 1366(24시간), 긴급 시 112에서 도움받을 수 있어요. | E65: 초안 | G65: [Claude 점검 · 판단 필요] 1366(여성긴급전화)만 안내해 피해자를 여성으로 가정할 수 있음. 성별과 상관없는 안내를 함께 둘지 결정 필요. 번호는 출시 전 확인 | H65: =LEN(IF(F65<>"",F65,D65)) -> 94 | I65: =IF(OR(H65<1,H65>400),"분량 확인","")
A66: copy.cta_chat.title | B66: 결과 8번 쏘웰라 | C66: title | D66: 쏘웰라와 이어서 이야기하기 | E66: 초안 | H66: =LEN(IF(F66<>"",F66,D66)) -> 14 | I66: =IF(OR(H66<1,H66>400),"분량 확인","")
A67: copy.cta_chat.body | B67: 결과 8번 쏘웰라 | C67: body | D67: 카드에서 마음에 걸린 문장이 있다면 쏘웰라에게 이어서 이야기해 보세요. 쏘웰라는 전문 상담사가 설계한 웰니스 대화예요. 타로를 보신 분들은 3일 동안 무료로 이용할 수 있어요. 지금의 계정 그대로 쏘웰라에 접속할 수 있으니 지금 바로 대화해 볼까요? | E67: 초안 | G67: [Claude 점검 · 제안] 직접 정해 주신 문구라 그대로 둠. 제안: 카드에서 마음에 걸린 문장이 있다면 쏘웰라에게 이어서 이야기해 보세요. 쏘웰라는 전문 상담사가 설계한 웰니스 대화예요. 타로를 보신 분들은 3일 동안 무료로 이용할 수 있어요. 지금 계정 그대로 쏘웰라에 접속할 수 있으니 바로 대화해 볼까요? — '지금'이 한 문장에 두 번 | H67: =LEN(IF(F67<>"",F67,D67)) -> 139 | I67: =IF(OR(H67<1,H67>400),"분량 확인","")
A68: copy.cta_chat.button | B68: 결과 8번 쏘웰라 | C68: button | D68: 쏘웰라 3일 무료로 시작하기 | E68: 초안 | H68: =LEN(IF(F68<>"",F68,D68)) -> 15 | I68: =IF(OR(H68<1,H68>400),"분량 확인","")
A69: copy.asks_headings.0 | B69: 카드 섹션 질문 소제목 | C69: 0 | D69: 혹시 이렇진 않나요? | E69: 초안 | H69: =LEN(IF(F69<>"",F69,D69)) -> 11 | I69: =IF(OR(H69<1,H69>400),"분량 확인","")
A70: copy.asks_headings.1 | B70: 카드 섹션 질문 소제목 | C70: 1 | D70: 이런 순간, 떠오르지 않나요? | E70: 초안 | H70: =LEN(IF(F70<>"",F70,D70)) -> 16 | I70: =IF(OR(H70<1,H70>400),"분량 확인","")
A71: copy.asks_headings.2 | B71: 카드 섹션 질문 소제목 | C71: 2 | D71: 이런 마음이 익숙하진 않으세요? | E71: 초안 | H71: =LEN(IF(F71<>"",F71,D71)) -> 17 | I71: =IF(OR(H71<1,H71>400),"분량 확인","")
A72: copy.result_cards.hint | B72: 결과 맨 위 카드 | C72: hint | D72: 카드를 누르면 크게 볼 수 있어요 | E72: 초안 | H72: =LEN(IF(F72<>"",F72,D72)) -> 18 | I72: =IF(OR(H72<1,H72>400),"분량 확인","")
