Workbook

Sheet 읽어주세요
A1: 쏠 타로 — 결정형 고민 '기울기 점수' 검수표
A2: 무엇: 카드 22장 × 정·역방향 44개에 질문 유형별로 '움직이는 쪽(+) / 머무는 쪽(−)' 점수를 매겨, 결정형 고민(이직할까·연락할까 등)의 방향을 계산합니다. AI는 이 결론을 바꾸지 못하고 이유만 씁니다.
A3: 점수: +2 움직이는 쪽 강하게 / +1 움직이는 쪽 / −1 머무는 쪽 / −2 머무는 쪽 강하게 (0은 쓰지 않음 — 모든 카드가 어느 쪽이든 기울어야 함)
A4: 계산(v2): 지나온 길 점수×1 + 지금의 흐름 점수×1 + 앞으로의 열쇠 점수×2 → 합이 0 이상이면 움직이는 쪽(0도 움직이는 쪽), 0보다 작으면 머무는 쪽. 기준값(평균)은 빼지 않습니다.
A5: v2 변경: 행동을 제안하는 서비스라 결론이 '움직이는 쪽'으로 더 자주 나오도록, 8개 점수표마다 + 카드를 26개(44개 중)로 맞췄습니다. 바꾼 카드는 '바꾼 카드(v2)' 시트와 각 점수표의 연두색 칸에 있습니다. 결과: 표마다 움직이는 쪽 결론 63~67%.
A6: 강도: |점수| 3 이상 '뚜렷해요', 1.5 이상 '분명해요', 그 아래 '조금 더 커요' — '계산 예시' 시트의 노란 칸에서 바꿀 수 있음
A8: 검수하는 법
A9: 1) '기울기점수' 시트의 노란 칸 '확정 점수'에 −2·−1·+1·+2 중 하나를 넣습니다. 비워 두면 초안 점수가 쓰입니다.
A10: 2) '전통과 다름' 열에 ●가 있는 줄(초안 점수와 일반적인 예/아니오 해석이 반대)부터 먼저 봐 주세요. 결론을 가장 많이 바꾸는 카드들입니다.
A11: 3) '계산 예시' 시트에서 도현님(이직 제안·이직·퇴사 표) 등 예시 세 건의 결론이 바로 다시 계산됩니다.
A12: 4) 메모 칸에 이유를 적어 주세요. '이유' 열의 문장은 결과 화면에 나오므로, 원래 타로 이름(여사제·절제 등) 대신 우리 카드 말로 다시 쓸 예정입니다.
A14: 참고: '전통 예/아니오'는 일반적인 예/아니오 타로 해석을 정리한 참고값으로, 해석하는 사람마다 다를 수 있습니다. '초안 점수'는 이 덱의 쏠 해석(결정 렌즈)을 따라 매긴 Claude 초안입니다.
... A16: '기울기점수' 시트(기존 공통표)는 질문 유형별 표로 대체되어 비교용으로만 남깁니다.

Sheet 질문 유형
A1: 결정 질문 유형 — 어떤 점수표로 방향을 계산할지
A3: 유형 | B3: 코드 | C3: 어떤 질문 | D3: + 움직이는 쪽 | E3: − 머무는 쪽 | F3: 점수표 시트 | G3: '움직이는 쪽' 결론 비율 v1 → v2 | H3: '뚜렷' 비율(v2)
A4: 변화 · 이직·퇴사 | B4: job | C4: 이직 제안 수락, 퇴사, 부서 이동, 승진 제안 | D4: 옮기기·그만두기 | E4: 지금 자리에 남기 | F4: 변화형 점수 | G4: 52% → 67% | H4: 0.485
A5: 변화 · 시작·실행(한다/안 한다) | B5: start | C5: 창업, 부업, 공부·자격증, 새 프로젝트, 진로 전환 시작 | D5: 지금 시작하기 | E5: 준비하며 때를 기다리기 | F5: 변화형 점수 | G5: 39% → 64% | H5: 0.485
A6: 변화 · 이사·독립 | B6: move | C6: 이사, 본가에서 독립, 다른 도시·해외로 옮기기 | D6: 옮기기·독립하기 | E6: 지금 사는 곳 유지하기 | F6: 변화형 점수 | G6: 48% → 65% | H6: 0.494
A7: 관계 · 다가가기 | B7: approach | C7: 진행 중인 썸·연인에게 먼저 연락·표현할까 | D7: 먼저 연락·표현하기 | E7: 기다리며 지켜보기 | F7: 관계형 점수 | G7: 51% → 66% | H7: 0.468
A8: 관계 · 재회 | B8: reunion | C8: 이미 끝난 관계 — 다시 연락할까, 재회될까 | D8: 다시 연락·재회 시도 | E8: 연락하지 않고 정리하기 | F8: 재회점수 | G8: 45% → 66% | H8: 0.442
A9: 관계 · 진전 | B9: progress | C9: 고백·관계 정의·공개·결혼할까 | D9: 한 걸음 나아가기 | E9: 지금 단계를 유지하며 더 지켜보기 | F9: 관계형 점수 | G9: 50% → 63% | H9: 0.524
A10: 관계 · 지속 | B10: continue | C10: 계속 만날까, 흔들리는 관계(권태·의심) | D10: 이어 가며 회복하기 | E10: 이 관계를 다시 생각해 볼 때 | F10: 관계형 점수 | G10: 44% → 64% | H10: 0.487
A11: 관계 · 새 인연 | B11: newlove | C11: 만나 볼까, 새 사람에게 마음을 열까 | D11: 만나 보기·마음 열기 | E11: 지금은 나에게 집중하기 | F11: 관계형 점수 | G11: 51% → 66% | H11: 0.468
A12: 관계 밖 · 표현 | B12: express | C12: 친구·가족·직장 사람에게 먼저 말할까·연락할까·다가갈까, 외로움·낯선 동네 | D12: 먼저 말하기·연락하기 | E12: 말 아끼고 지켜보기 | F12: 표현·경계 점수
A13: 관계 밖 · 경계 | B13: boundary | C13: 거절할까·선 그을까·빠질까·내려놓을까·쉴까, 지침·쉴 틈 없음, 가족의 요구 | D13: 거절·선 긋기·내려놓기 | E13: 지금처럼 맞춰 주기·버티기 | F13: 표현·경계 점수
A15: 연애 세부 유형(qsub 38개) → 점수표
A16: qsub | B16: 이름 | C16: 점수표 | D16: 메모(검수)
A17: YN-TEXT | B17: 먼저 연락(선톡)해도 될까 | C17: 관계 · 다가가기
A18: YN-STOP | B18: 연락을 그만할까·기다릴까 | C18: 관계 · 다가가기
A19: OM-REPLY | B19: 읽씹·답장 속도·단답의 의미 | C19: 관계 · 다가가기
A20: OM-SSUM | B20: 썸인지·호감인지 확인 | C20: 관계 · 다가가기
A21: OM-HOTCOLD | B21: 온도차·밀당·회피형 | C21: 관계 · 다가가기
A22: OM-QUIET | B22: 표현 없는 연인의 속마음 | C22: 관계 · 다가가기
A23: OM-ANGRY | B23: 애인이 왜 화났나·서운해하나 | C23: 관계 · 다가가기
A24: TM-REPLY | B24: 연락이 언제 올까(썸·싸운 뒤) | C24: 관계 · 다가가기
A25: YN-EXCONTACT | B25: 전 애인에게 연락해도 될까 | C25: 관계 · 재회
A26: YN-REUNION | B26: 재회될까·다시 만나도 될까 | C26: 관계 · 재회
A27: TM-EXBACK | B27: 헤어진 사람 연락·재회가 언제 | C27: 관계 · 재회
A28: OM-EXMSG | B28: 전 애인 연락의 의미 | C28: 관계 · 재회
... A54: TM-HEAL | B54: 이별 뒤 언제 괜찮아질까 | C54: 방향 계산 안 함(내 마음·회복을 묻는 설명형)
A57: 커리어·생활 세부 주제 → 점수표
A58: 세부 주제 | B58: 점수표 | D58: 메모(검수)
A59: 이직·퇴사 | B59: 변화 · 이직·퇴사
A60: 직장 안 관계(상사·동료) | B60: 방향 계산 안 함(결정 질문이면 내용에 따라)
A61: 업무량·번아웃 | B61: 방향 계산 안 함 — '그만둘까'를 물으면 이직·퇴사
A62: 평가·성과·승진 | B62: 승진·이동 제안 수락을 물으면 이직·퇴사
A63: 진로 전환·새 직무 | B63: 시작·실행(한다/안 한다)
A64: 창업·부업 | B64: 시작·실행(한다/안 한다)
A65: 취업 준비 | B65: 시작·실행(한다/안 한다)(지원할까·준비를 더 할까)
A66: 이사·독립(생활) | B66: 변화 · 이사·독립
A67: 돈·투자·큰 지출 | B67: 변화 · 시작·실행(한다/안 한다) (+ 결과 화면 맨 아래 작은 글씨 안내 — 아래 문구) | D67: 막지 않음(CSO 확정)
A69: 돈·투자·큰 지출 작은 글씨 안내(초안)
A70: 결정적인 판단은 ○○님의 몫이에요. 카드는 금액·조건 같은 세부 내용을 알 수 없어서, 실제 금전 문제에 대한 판단 근거나 기반을 제공하지 않아요. 신중하게 판단해 주세요.

Sheet 기울기점수
A1: 키 | B1: 번호 | C1: 카드명 | D1: 캐릭터 | E1: 원래 타로 | F1: 방향 | G1: 결정 렌즈(stance) | H1: 초안 점수 | I1: 전통 예/아니오(참고) | J1: 전통과 다름 | K1: 확정 점수 | L1: 적용 점수 | M1: 이유(화면에 나옴) | N1: 지지하는 쪽(lean) | O1: 확인 질문 | P1: 함정 | Q1: 메모
A2: 0_up | B2: 0 | C2: 첫 물장구 | D2: 수달 | E2: 바보(The Fool) | F2: 정방향 | G2: 움직이기 | H2: 2 | I2: 예 | J2: =IF(OR(AND(I2="예",L2<0),AND(I2="아니오",L2>0)),"●","") | L2: =IF(K2="",H2,K2) -> 2 | M2: 전통적으로 바보 정방향은 강한 예라서, 가볍게 첫발을 떼는 쪽을 지지해요. | N2: 익숙한 쪽에 머물기보다, 가볍게 첫걸음을 내딛는 쪽을 지지해요. | O2: 실패해도 해 볼 만하다고 느껴지는 쪽은 어느 쪽인가요? | P2: 설렘만 보고 따져 볼 현실 조건을 건너뛰기 쉬워요
A3: 0_rev | B3: 0 | C3: 첫 물장구 | D3: 수달 | E3: 바보(The Fool) | F3: 역방향 | G3: 기다리기 | H3: -1 | I3: 아니오 | J3: =IF(OR(AND(I3="예",L3<0),AND(I3="아니오",L3>0)),"●","") | L3: =IF(K3="",H3,K3) -> -1 | M3: 역방향 바보는 준비 부족과 망설임의 신호라서, 잠시 멈추고 살피는 쪽을 지지해요. | N3: 아직 준비가 덜 됐다는 신호로 읽혀서, 한 번 더 살펴본 뒤 움직이는 쪽을 지지해요. | O3: 지금 망설이는 이유가 정보 부족인가요, 두려움인가요? | P3: 완벽한 준비를 기다리다 시작을 계속 미루기 쉬워요
A4: 1_up | B4: 1 | C4: 여덟 갈래의 손 | D4: 문어 | E4: 마법사(The Magician) | F4: 정방향 | G4: 움직이기 | H4: 2 | I4: 예 | J4: =IF(OR(AND(I4="예",L4<0),AND(I4="아니오",L4>0)),"●","") | L4: =IF(K4="",H4,K4) -> 2 | M4: 마법사 정방향은 능력과 자원이 갖춰진 강한 예라서, 직접 실행하는 쪽을 지지해요. | N4: 가진 능력과 자원이 이미 충분하니, 직접 실행에 옮기는 쪽을 지지해요. | O4: 지금 가진 것만으로 첫 단계를 시작할 수 있나요? | P4: 자신감이 앞서 준비 과정을 통째로 건너뛰기 쉬워요
A5: 1_rev | B5: 1 | C5: 여덟 갈래의 손 | D5: 문어 | E5: 마법사(The Magician) | F5: 역방향 | G5: 조건 바꾸기 | H5: -1 | I5: 아니오 | J5: =IF(OR(AND(I5="예",L5<0),AND(I5="아니오",L5>0)),"●","") | L5: =IF(K5="",H5,K5) -> -1 | M5: 역방향 마법사는 힘이 흩어진 상태라서, 벌이기보다 범위를 줄이는 쪽을 지지해요. | N5: 여러 곳에 힘을 나누기보다, 범위를 줄여 하나에 집중하는 쪽을 지지해요. | O5: 지금 손대는 일 중 가장 아끼고 싶은 한 가지는 무엇인가요? | P5: 다 잘하려다 어느 것도 깊게 하지 못하기 쉬워요
A6: 2_up | B6: 2 | C6: 고요히 바라보기 | D6: 왜가리 | E6: 여사제(The High Priestess) | F6: 정방향 | G6: 기다리기 | H6: -2 | I6: 보류 | J6: =IF(OR(AND(I6="예",L6<0),AND(I6="아니오",L6>0)),"●","") | L6: =IF(K6="",H6,K6) -> -2 | M6: 여사제 정방향은 전통적으로 아니오에 가까워서, 서두르지 않고 지켜보는 쪽을 지지해요. | N6: 서둘러 고르기보다, 조용히 지켜보며 속마음이 드러나길 기다리는 쪽을 지지해요. | O6: 아무도 보지 않는다면 어느 쪽에 더 마음이 가나요? | P6: 기다림이 길어져 그냥 피하는 것이 되기 쉬워요
A7: 2_rev | B7: 2 | C7: 고요히 바라보기 | D7: 왜가리 | E7: 여사제(The High Priestess) | F7: 역방향 | G7: 나 먼저 | H7: -1 | I7: 아니오 | J7: =IF(OR(AND(I7="예",L7<0),AND(I7="아니오",L7>0)),"●","") | L7: =IF(K7="",H7,K7) -> -1 | M7: 역방향 여사제는 속마음을 놓친 상태라서, 결정을 미루고 마음을 듣는 쪽을 지지해요. | N7: 정보를 더 모으기보다, 흐려진 내 직감을 먼저 들여다보는 쪽을 지지해요. | O7: 남의 의견을 빼면 내가 끌리는 쪽은 어디인가요? | P7: 자료를 찾을수록 오히려 더 헷갈리고 흐려지기 쉬워요
A8: 3_up | B8: 3 | C8: 품어 주는 품 | D8: 해달 | E8: 여황제(The Empress) | F8: 정방향 | G8: 머물기 | H8: -1 | I8: 예 | J8: =IF(OR(AND(I8="예",L8<0),AND(I8="아니오",L8>0)),"●","") -> ● | L8: =IF(K8="",H8,K8) -> -1 | M8: 여황제 정방향은 풍요로운 예지만 이미 가진 것을 키우라는 뜻이라, 머물며 돌보는 쪽을 지지해요. | N8: 지금 자리에서 받을 수 있는 돌봄과 풍요를 충분히 누리는 쪽을 지지해요. | O8: 지금 자리에서 이미 받고 있는 좋은 점은 무엇인가요? | P8: 편안함에 익숙해져 아쉬운 점을 못 본 척하기 쉬워요
A9: 3_rev | B9: 3 | C9: 품어 주는 품 | D9: 해달 | E9: 여황제(The Empress) | F9: 역방향 | G9: 나 먼저 | H9: -1 | I9: 아니오 | J9: =IF(OR(AND(I9="예",L9<0),AND(I9="아니오",L9>0)),"●","") | L9: =IF(K9="",H9,K9) -> -1 | M9: 역방향 여황제는 나를 돌보지 못한 신호라서, 움직이기 전에 회복하는 쪽을 지지해요. | N9: 남을 챙기느라 비어 버린 나를 먼저 채운 뒤에 정하는 쪽을 지지해요. | O9: 두 선택 중 내 에너지를 덜 쓰게 하는 쪽은 어디인가요? | P9: 지친 상태에서 내린 선택을 나중에 후회하기 쉬워요
A10: 4_up | B10: 4 | C10: 지키는 자리 | D10: 펭귄 | E10: 황제(The Emperor) | F10: 정방향 | G10: 머물기 | H10: -1 | I10: 예 | J10: =IF(OR(AND(I10="예",L10<0),AND(I10="아니오",L10>0)),"●","") -> ● | L10: =IF(K10="",H10,K10) -> -1 | M10: 황제 정방향은 안정과 질서의 예라서, 기반을 지키며 다지는 쪽을 지지해요. | N10: 기반을 단단히 지키고 책임질 수 있는 자리를 다지는 쪽을 지지해요. | O10: 이 자리를 지키면 내가 지켜야 할 것들이 더 안정되나요? | P10: 책임감 때문에 하고 싶은 마음을 뒤로 미루기 쉬워요
A11: 4_rev | B11: 4 | C11: 지키는 자리 | D11: 펭귄 | E11: 황제(The Emperor) | F11: 역방향 | G11: 조건 바꾸기 | H11: -1 | I11: 아니오 | J11: =IF(OR(AND(I11="예",L11<0),AND(I11="아니오",L11>0)),"●","") | L11: =IF(K11="",H11,K11) -> -1 | M11: 역방향 황제는 통제가 흔들린 상태라서, 구조를 다시 세운 뒤 움직이는 쪽을 지지해요. | N11: 혼자 다 짊어진 틀을 느슨하게 풀고, 역할과 규칙을 바꾸는 쪽을 지지해요. | O11: 내가 쥐고 있는 일 중 나눌 수 있는 것은 무엇인가요? | P11: 통제하려는 마음이 커져 선택지를 좁히기 쉬워요
A12: 5_up | B12: 5 | C12: 오래된 지혜 | D12: 거북 | E12: 교황(The Hierophant) | F12: 정방향 | G12: 머물기 | H12: -2 | I12: 예 | J12: =IF(OR(AND(I12="예",L12<0),AND(I12="아니오",L12>0)),"●","") -> ● | L12: =IF(K12="",H12,K12) -> -2 | M12: 교황 정방향은 검증된 방식을 따르라는 예라서, 지금 자리를 지키는 쪽을 지지해요. | N12: 검증된 길과 믿을 만한 사람의 조언을 따라 안정적으로 가는 쪽을 지지해요. | O12: 이 선택에 대해 믿고 물어볼 만한 사람은 누구인가요? | P12: 남이 가 본 길만 따르다 내 기준을 놓치기 쉬워요
A13: 5_rev | B13: 5 | C13: 오래된 지혜 | D13: 거북 | E13: 교황(The Hierophant) | F13: 역방향 | G13: 움직이기 | H13: 1 | I13: 아니오 | J13: =IF(OR(AND(I13="예",L13<0),AND(I13="아니오",L13>0)),"●","") -> ● | L13: =IF(K13="",H13,K13) -> 1 | M13: 역방향 교황은 관습에서 벗어나라는 신호라서, 나만의 길로 움직이는 쪽을 지지해요. | N13: 기존 틀이 나와 맞지 않는다는 신호로 읽혀, 내 방식대로 가는 쪽을 지지해요. | O13: 정해진 방식을 따를 때 내 마음이 편한가요, 답답한가요? | P13: 틀이 싫다는 이유로 조언까지 한꺼번에 밀어내기 쉬워요
... A45: 21_rev | B45: 21 | C45: 한 바퀴의 바다 | D45: 쏠 바다 친구들 모두 | E45: 세계(The World) | F45: 역방향 | G45: 머물기 | H45: -1 | I45: 아니오 | J45: =IF(OR(AND(I45="예",L45<0),AND(I45="아니오",L45>0)),"●","") | L45: =IF(K45="",H45,K45) -> -1 | M45: 역방향 세계는 마무리가 덜 된 신호라서, 하던 것을 끝맺으며 머무는 쪽을 지지해요. | N45: 끝내기 전에, 남은 마무리를 먼저 채우는 쪽을 지지해요. | O45: 떠나기 전에 꼭 마무리하고 싶은 일이 남아 있나요? | P45: 완벽하게 끝내려다 마지막 걸음을 계속 미루기 쉬워요
L47: 요약
L48: 기준값(4×평균) | M48: =4*AVERAGE(L2:L45) -> -1.0909091
L49: 움직이는 쪽 카드 수 | M49: =COUNTIF(L2:L45,">0") -> 15
L50: 머무는 쪽 카드 수 | M50: =COUNTIF(L2:L45,"<0") -> 29
L51: 전통과 다른 카드 수 | M51: =COUNTIF(J2:J45,"●") -> 14

Sheet 계산 예시
A1: 결론 계산 예시 — 점수표의 확정 점수를 바꾸면 아래 결론이 바로 다시 계산됩니다 (v2: 합 ≥ 0 → 움직이는 쪽)
A3: 설정
A4: 지나온 길 가중치 | B4: 1
A5: 지금의 흐름 가중치 | B5: 1
A6: 앞으로의 열쇠 가중치 | B6: 2
A7: '뚜렷해요' 기준(이상) | B7: 3
A8: '분명해요' 기준(이상) | B8: 1.5
A10: 도현 · 이직 제안 → 이직·퇴사 표
A11: 자리 | B11: 키 | C11: 카드 | D11: 적용 점수 | E11: 가중치 | F11: 점수×가중치
A12: 지나온 길 | B12: 11_rev | C12: =INDEX('변화형 점수'!B$2:B$45,MATCH(B12,'변화형 점수'!A$2:A$45,0))&" "&INDEX('변화형 점수'!D$2:D$45,MATCH(B12,'변화형 점수'!A$2:A$45,0)) -> 고요한 균형 역방향 | D12: =INDEX('변화형 점수'!G$2:G$45,MATCH(B12,'변화형 점수'!A$2:A$45,0)) -> -1 | E12: =$B$4 -> 1 | F12: =D12*E12 -> -1
A13: 지금의 흐름 | B13: 2_up | C13: =INDEX('변화형 점수'!B$2:B$45,MATCH(B13,'변화형 점수'!A$2:A$45,0))&" "&INDEX('변화형 점수'!D$2:D$45,MATCH(B13,'변화형 점수'!A$2:A$45,0)) -> 고요히 바라보기 정방향 | D13: =INDEX('변화형 점수'!G$2:G$45,MATCH(B13,'변화형 점수'!A$2:A$45,0)) -> -1 | E13: =$B$5 -> 1 | F13: =D13*E13 -> -1
A14: 앞으로의 열쇠 | B14: 14_up | C14: =INDEX('변화형 점수'!B$2:B$45,MATCH(B14,'변화형 점수'!A$2:A$45,0))&" "&INDEX('변화형 점수'!D$2:D$45,MATCH(B14,'변화형 점수'!A$2:A$45,0)) -> 물과 뭍 사이 정방향 | D14: =INDEX('변화형 점수'!G$2:G$45,MATCH(B14,'변화형 점수'!A$2:A$45,0)) -> -1 | E14: =$B$6 -> 2 | F14: =D14*E14 -> -2
E15: 합계 | F15: =SUM(F12:F14) -> -4
E16: 결론 | F16: =IF(F15>=0,"이직 제안 수락","현재 회사에 남기")&" 쪽 — "&IF(ABS(F15)>=$B$7,"뚜렷해요",IF(ABS(F15)>=$B$8,"분명해요","조금 더 커요")) -> 현재 회사에 남기 쪽 — 뚜렷해요
A19: 지윤 · 썸 상대 읽씹 → 다가가기 표
A20: 자리 | B20: 키 | C20: 카드 | D20: 적용 점수 | E20: 가중치 | F20: 점수×가중치
A21: 지나온 길 | B21: 4_rev | C21: =INDEX('관계형 점수'!B$2:B$45,MATCH(B21,'관계형 점수'!A$2:A$45,0))&" "&INDEX('관계형 점수'!D$2:D$45,MATCH(B21,'관계형 점수'!A$2:A$45,0)) -> 지키는 자리 역방향 | D21: =INDEX('관계형 점수'!G$2:G$45,MATCH(B21,'관계형 점수'!A$2:A$45,0)) -> -1 | E21: =$B$4 -> 1 | F21: =D21*E21 -> -1
A22: 지금의 흐름 | B22: 3_rev | C22: =INDEX('관계형 점수'!B$2:B$45,MATCH(B22,'관계형 점수'!A$2:A$45,0))&" "&INDEX('관계형 점수'!D$2:D$45,MATCH(B22,'관계형 점수'!A$2:A$45,0)) -> 품어 주는 품 역방향 | D22: =INDEX('관계형 점수'!G$2:G$45,MATCH(B22,'관계형 점수'!A$2:A$45,0)) -> -1 | E22: =$B$5 -> 1 | F22: =D22*E22 -> -1
A23: 앞으로의 열쇠 | B23: 19_up | C23: =INDEX('관계형 점수'!B$2:B$45,MATCH(B23,'관계형 점수'!A$2:A$45,0))&" "&INDEX('관계형 점수'!D$2:D$45,MATCH(B23,'관계형 점수'!A$2:A$45,0)) -> 햇살 바위 정방향 | D23: =INDEX('관계형 점수'!G$2:G$45,MATCH(B23,'관계형 점수'!A$2:A$45,0)) -> 2 | E23: =$B$6 -> 2 | F23: =D23*E23 -> 4
E24: 합계 | F24: =SUM(F21:F23) -> 2
E25: 결론 | F25: =IF(F24>=0,"한 번 더 연락하기","기다리기")&" 쪽 — "&IF(ABS(F24)>=$B$7,"뚜렷해요",IF(ABS(F24)>=$B$8,"분명해요","조금 더 커요")) -> 한 번 더 연락하기 쪽 — 분명해요
A28: 민준 · 주말에도 쉬지 못함(가상 선택: 팀장 역할 내려놓기 / 지금 역할 유지) → 이직·퇴사 표
A29: 자리 | B29: 키 | C29: 카드 | D29: 적용 점수 | E29: 가중치 | F29: 점수×가중치
A30: 지나온 길 | B30: 12_up | C30: =INDEX('변화형 점수'!B$2:B$45,MATCH(B30,'변화형 점수'!A$2:A$45,0))&" "&INDEX('변화형 점수'!D$2:D$45,MATCH(B30,'변화형 점수'!A$2:A$45,0)) -> 바위 위의 쉼 정방향 | D30: =INDEX('변화형 점수'!G$2:G$45,MATCH(B30,'변화형 점수'!A$2:A$45,0)) -> -2 | E30: =$B$4 -> 1 | F30: =D30*E30 -> -2
A31: 지금의 흐름 | B31: 4_rev | C31: =INDEX('변화형 점수'!B$2:B$45,MATCH(B31,'변화형 점수'!A$2:A$45,0))&" "&INDEX('변화형 점수'!D$2:D$45,MATCH(B31,'변화형 점수'!A$2:A$45,0)) -> 지키는 자리 역방향 | D31: =INDEX('변화형 점수'!G$2:G$45,MATCH(B31,'변화형 점수'!A$2:A$45,0)) -> 1 | E31: =$B$5 -> 1 | F31: =D31*E31 -> 1
A32: 앞으로의 열쇠 | B32: 3_up | C32: =INDEX('변화형 점수'!B$2:B$45,MATCH(B32,'변화형 점수'!A$2:A$45,0))&" "&INDEX('변화형 점수'!D$2:D$45,MATCH(B32,'변화형 점수'!A$2:A$45,0)) -> 품어 주는 품 정방향 | D32: =INDEX('변화형 점수'!G$2:G$45,MATCH(B32,'변화형 점수'!A$2:A$45,0)) -> -1 | E32: =$B$6 -> 2 | F32: =D32*E32 -> -2
E33: 합계 | F33: =SUM(F30:F32) -> -3
E34: 결론 | F34: =IF(F33>=0,"팀장 역할 내려놓기","지금 역할 유지")&" 쪽 — "&IF(ABS(F33)>=$B$7,"뚜렷해요",IF(ABS(F33)>=$B$8,"분명해요","조금 더 커요")) -> 지금 역할 유지 쪽 — 뚜렷해요
A37: 키는 노란 칸에서 바꿔 볼 수 있어요(번호_up 또는 번호_rev).

Sheet 재회점수
A1: 키 | B1: 카드명 | C1: 원래 타로 | D1: 방향 | E1: 공통 점수(기울기점수 시트) | F1: 재회 점수 초안 | G1: 확정 재회 점수 | H1: 적용 재회 점수 | I1: 두 점수 방향이 반대 | J1: 재회 질문에서의 뜻(초안) | K1: 메모
A2: 0_up | B2: 첫 물장구 | C2: 바보(The Fool) | D2: 정방향 | E2: =INDEX(기울기점수!L$2:L$45,MATCH(A2,기울기점수!A$2:A$45,0)) -> 2 | F2: 1 | H2: =IF(G2="",F2,G2) -> 1 | I2: =IF(E2*H2<0,"●","") | J2: 새로 시작하는 마음으로 지난 인연과 다시 만나 볼 수 있는 카드
A3: 0_rev | B3: 첫 물장구 | C3: 바보(The Fool) | D3: 역방향 | E3: =INDEX(기울기점수!L$2:L$45,MATCH(A3,기울기점수!A$2:A$45,0)) -> -1 | F3: -1 | H3: =IF(G3="",F3,G3) -> -1 | I3: =IF(E3*H3<0,"●","") | J3: 시작이 늦어지는 상태라 아직 움직일 때가 아님
A4: 1_up | B4: 여덟 갈래의 손 | C4: 마법사(The Magician) | D4: 정방향 | E4: =INDEX(기울기점수!L$2:L$45,MATCH(A4,기울기점수!A$2:A$45,0)) -> 2 | F4: 1 | H4: =IF(G4="",F4,G4) -> 1 | I4: =IF(E4*H4<0,"●","") | J4: 내가 먼저 움직이면 길을 만들 수 있다는 카드
A5: 1_rev | B5: 여덟 갈래의 손 | C5: 마법사(The Magician) | D5: 역방향 | E5: =INDEX(기울기점수!L$2:L$45,MATCH(A5,기울기점수!A$2:A$45,0)) -> -1 | F5: 1 | H5: =IF(G5="",F5,G5) -> 1 | I5: =IF(E5*H5<0,"●","") -> ● | J5: 엇갈린 말과 행동을 바로잡으면 다시 이어질 수 있는 상태
A6: 2_up | B6: 고요히 바라보기 | C6: 여사제(The High Priestess) | D6: 정방향 | E6: =INDEX(기울기점수!L$2:L$45,MATCH(A6,기울기점수!A$2:A$45,0)) -> -2 | F6: -1 | H6: =IF(G6="",F6,G6) -> -1 | I6: =IF(E6*H6<0,"●","") | J6: 속마음을 숨기고 지켜보는 카드라 아직 드러낼 때가 아님
A7: 2_rev | B7: 고요히 바라보기 | C7: 여사제(The High Priestess) | D7: 역방향 | E7: =INDEX(기울기점수!L$2:L$45,MATCH(A7,기울기점수!A$2:A$45,0)) -> -1 | F7: 1 | H7: =IF(G7="",F7,G7) -> 1 | I7: =IF(E7*H7<0,"●","") -> ● | J7: 숨겨 둔 마음이 드러나는 때라 연락의 문이 열림
A8: 3_up | B8: 품어 주는 품 | C8: 여황제(The Empress) | D8: 정방향 | E8: =INDEX(기울기점수!L$2:L$45,MATCH(A8,기울기점수!A$2:A$45,0)) -> -1 | F8: 1 | H8: =IF(G8="",F8,G8) -> 1 | I8: =IF(E8*H8<0,"●","") -> ● | J8: 정과 돌봄이 남아 있다는 카드
A9: 3_rev | B9: 품어 주는 품 | C9: 여황제(The Empress) | D9: 역방향 | E9: =INDEX(기울기점수!L$2:L$45,MATCH(A9,기울기점수!A$2:A$45,0)) -> -1 | F9: -1 | H9: =IF(G9="",F9,G9) -> -1 | I9: =IF(E9*H9<0,"●","") | J9: 돌볼 힘이 바닥난 상태라 관계를 다시 품기 어려움
A10: 4_up | B10: 지키는 자리 | C10: 황제(The Emperor) | D10: 정방향 | E10: =INDEX(기울기점수!L$2:L$45,MATCH(A10,기울기점수!A$2:A$45,0)) -> -1 | F10: -1 | H10: =IF(G10="",F10,G10) -> -1 | I10: =IF(E10*H10<0,"●","") | J10: 마음을 굳게 닫고 지키는 카드
A11: 4_rev | B11: 지키는 자리 | C11: 황제(The Emperor) | D11: 역방향 | E11: =INDEX(기울기점수!L$2:L$45,MATCH(A11,기울기점수!A$2:A$45,0)) -> -1 | F11: 1 | H11: =IF(G11="",F11,G11) -> 1 | I11: =IF(E11*H11<0,"●","") -> ● | J11: 통제가 풀리며 굳었던 마음이 조금씩 열리는 상태
A12: 5_up | B12: 오래된 지혜 | C12: 교황(The Hierophant) | D12: 정방향 | E12: =INDEX(기울기점수!L$2:L$45,MATCH(A12,기울기점수!A$2:A$45,0)) -> -2 | F12: 1 | H12: =IF(G12="",F12,G12) -> 1 | I12: =IF(E12*H12<0,"●","") -> ● | J12: 약속과 관계의 형식을 다시 세우는 카드
A13: 5_rev | B13: 오래된 지혜 | C13: 교황(The Hierophant) | D13: 역방향 | E13: =INDEX(기울기점수!L$2:L$45,MATCH(A13,기울기점수!A$2:A$45,0)) -> 1 | F13: 1 | H13: =IF(G13="",F13,G13) -> 1 | I13: =IF(E13*H13<0,"●","") | J13: 낡은 틀을 깨면 예전 관계도 새롭게 시작할 수 있는 상태
... A45: 21_rev | B45: 한 바퀴의 바다 | C45: 세계(The World) | D45: 역방향 | E45: =INDEX(기울기점수!L$2:L$45,MATCH(A45,기울기점수!A$2:A$45,0)) -> -1 | F45: 1 | H45: =IF(G45="",F45,G45) -> 1 | I45: =IF(E45*H45<0,"●","") -> ● | J45: 끝맺지 못한 관계가 남아 있다는 카드
E47: + 카드 수 / − 카드 수 | H47: =COUNTIF(H2:H45,">0")&" / "&COUNTIF(H2:H45,"<0") -> 26 / 18
E48: 두 점수가 반대인 카드 수 | H48: =COUNTIF(I2:I45,"●") -> 17
E49: 연두색 칸 = v2에서 −1 → +1로 바꾼 카드

Sheet 재회 사례
A1: 재회 사례 — '헤어진 지 오래됐는데, 다시 연락하면 가능성이 있을까?'
A2: 가상 고민(서연): 헤어진 지 1년 반 됐어요. 제가 먼저 헤어지자고 했는데 아직도 가끔 생각나요. 연락 안 한 지 1년이 넘었는데, 지금 연락하면 다시 만날 가능성이 있을까요?
A3: 선택지: 움직이는 쪽 = 다시 연락해 보기 / 머무는 쪽 = 연락하지 않고 마음 정리하기
A5: 가중치(노란 칸을 바꿔 보세요) | D5: v2 계산: 합 ≥ 0 → 연락 쪽 (기준값 없음)
A6: 지나온 길 | B6: 1 | D6: 공통 점수 기준값 | E6: 0
A7: 지금의 흐름 | B7: 1 | D7: 재회 점수 기준값 | E7: 0
A8: 앞으로의 열쇠 | B8: 2
A9: '뚜렷해요' 기준 | B9: 3
A10: '분명해요' 기준 | B10: 1.5
A12: 뽑기 예시 1 — 탑 · 죽음 · 바보 (공통 점수와 재회 점수가 정반대로 나오는 예)
A13: 자리 | B13: 키 | C13: 카드 | D13: 공통 점수 | E13: 재회 점수 | F13: 가중치
A14: 지나온 길 | B14: 16_up | C14: =INDEX(재회점수!B$2:B$45,MATCH(B14,재회점수!A$2:A$45,0))&" "&INDEX(재회점수!D$2:D$45,MATCH(B14,재회점수!A$2:A$45,0)) -> 다시 쌓는 둑 정방향 | D14: =INDEX(재회점수!E$2:E$45,MATCH(B14,재회점수!A$2:A$45,0)) -> 1 | E14: =INDEX(재회점수!H$2:H$45,MATCH(B14,재회점수!A$2:A$45,0)) -> -2 | F14: =$B$6 -> 1
A15: 지금의 흐름 | B15: 13_up | C15: =INDEX(재회점수!B$2:B$45,MATCH(B15,재회점수!A$2:A$45,0))&" "&INDEX(재회점수!D$2:D$45,MATCH(B15,재회점수!A$2:A$45,0)) -> 새 집으로 이사 정방향 | D15: =INDEX(재회점수!E$2:E$45,MATCH(B15,재회점수!A$2:A$45,0)) -> 1 | E15: =INDEX(재회점수!H$2:H$45,MATCH(B15,재회점수!A$2:A$45,0)) -> -2 | F15: =$B$7 -> 1
A16: 앞으로의 열쇠 | B16: 0_up | C16: =INDEX(재회점수!B$2:B$45,MATCH(B16,재회점수!A$2:A$45,0))&" "&INDEX(재회점수!D$2:D$45,MATCH(B16,재회점수!A$2:A$45,0)) -> 첫 물장구 정방향 | D16: =INDEX(재회점수!E$2:E$45,MATCH(B16,재회점수!A$2:A$45,0)) -> 2 | E16: =INDEX(재회점수!H$2:H$45,MATCH(B16,재회점수!A$2:A$45,0)) -> 1 | F16: =$B$8 -> 2
C17: 합계 | D17: =SUMPRODUCT(D14:D16,F14:F16)-$E$6 -> 6 | E17: =SUMPRODUCT(E14:E16,F14:F16)-$E$7 -> -2
C18: 결론 | D18: =IF(D17>=0,"다시 연락해 보기","마음 정리하기")&" — "&IF(ABS(D17)>=$B$9,"뚜렷",IF(ABS(D17)>=$B$10,"분명","조금 더")) -> 다시 연락해 보기 — 뚜렷 | E18: =IF(E17>=0,"다시 연락해 보기","마음 정리하기")&" — "&IF(ABS(E17)>=$B$9,"뚜렷",IF(ABS(E17)>=$B$10,"분명","조금 더")) -> 마음 정리하기 — 분명
A21: 뽑기 예시 2 — 연인 역 · 매달린 사람 · 심판 (두 점수가 같은 쪽으로 나오는 예)
A22: 자리 | B22: 키 | C22: 카드 | D22: 공통 점수 | E22: 재회 점수 | F22: 가중치
A23: 지나온 길 | B23: 6_rev | C23: =INDEX(재회점수!B$2:B$45,MATCH(B23,재회점수!A$2:A$45,0))&" "&INDEX(재회점수!D$2:D$45,MATCH(B23,재회점수!A$2:A$45,0)) -> 나란히 헤엄 역방향 | D23: =INDEX(재회점수!E$2:E$45,MATCH(B23,재회점수!A$2:A$45,0)) -> -1 | E23: =INDEX(재회점수!H$2:H$45,MATCH(B23,재회점수!A$2:A$45,0)) -> -2 | F23: =$B$6 -> 1
A24: 지금의 흐름 | B24: 12_up | C24: =INDEX(재회점수!B$2:B$45,MATCH(B24,재회점수!A$2:A$45,0))&" "&INDEX(재회점수!D$2:D$45,MATCH(B24,재회점수!A$2:A$45,0)) -> 바위 위의 쉼 정방향 | D24: =INDEX(재회점수!E$2:E$45,MATCH(B24,재회점수!A$2:A$45,0)) -> -2 | E24: =INDEX(재회점수!H$2:H$45,MATCH(B24,재회점수!A$2:A$45,0)) -> -1 | F24: =$B$7 -> 1
A25: 앞으로의 열쇠 | B25: 20_up | C25: =INDEX(재회점수!B$2:B$45,MATCH(B25,재회점수!A$2:A$45,0))&" "&INDEX(재회점수!D$2:D$45,MATCH(B25,재회점수!A$2:A$45,0)) -> 부름에 답하다 정방향 | D25: =INDEX(재회점수!E$2:E$45,MATCH(B25,재회점수!A$2:A$45,0)) -> 2 | E25: =INDEX(재회점수!H$2:H$45,MATCH(B25,재회점수!A$2:A$45,0)) -> 2 | F25: =$B$8 -> 2
C26: 합계 | D26: =SUMPRODUCT(D23:D25,F23:F25)-$E$6 -> 1 | E26: =SUMPRODUCT(E23:E25,F23:F25)-$E$7 -> 1
C27: 결론 | D27: =IF(D26>=0,"다시 연락해 보기","마음 정리하기")&" — "&IF(ABS(D26)>=$B$9,"뚜렷",IF(ABS(D26)>=$B$10,"분명","조금 더")) -> 다시 연락해 보기 — 조금 더 | E27: =IF(E26>=0,"다시 연락해 보기","마음 정리하기")&" — "&IF(ABS(E26)>=$B$9,"뚜렷",IF(ABS(E26)>=$B$10,"분명","조금 더")) -> 다시 연락해 보기 — 조금 더
A30: 뽑기 예시 3 — 직접 넣어 보기(키를 바꿔 보세요: 번호_up 또는 번호_rev)
A31: 자리 | B31: 키 | C31: 카드 | D31: 공통 점수 | E31: 재회 점수 | F31: 가중치
A32: 지나온 길 | B32: 9_up | C32: =INDEX(재회점수!B$2:B$45,MATCH(B32,재회점수!A$2:A$45,0))&" "&INDEX(재회점수!D$2:D$45,MATCH(B32,재회점수!A$2:A$45,0)) -> 나만의 등불 정방향 | D32: =INDEX(재회점수!E$2:E$45,MATCH(B32,재회점수!A$2:A$45,0)) -> -2 | E32: =INDEX(재회점수!H$2:H$45,MATCH(B32,재회점수!A$2:A$45,0)) -> -2 | F32: =$B$6 -> 1
A33: 지금의 흐름 | B33: 17_up | C33: =INDEX(재회점수!B$2:B$45,MATCH(B33,재회점수!A$2:A$45,0))&" "&INDEX(재회점수!D$2:D$45,MATCH(B33,재회점수!A$2:A$45,0)) -> 다시 빛나는 별 정방향 | D33: =INDEX(재회점수!E$2:E$45,MATCH(B33,재회점수!A$2:A$45,0)) -> 2 | E33: =INDEX(재회점수!H$2:H$45,MATCH(B33,재회점수!A$2:A$45,0)) -> 1 | F33: =$B$7 -> 1
A34: 앞으로의 열쇠 | B34: 14_up | C34: =INDEX(재회점수!B$2:B$45,MATCH(B34,재회점수!A$2:A$45,0))&" "&INDEX(재회점수!D$2:D$45,MATCH(B34,재회점수!A$2:A$45,0)) -> 물과 뭍 사이 정방향 | D34: =INDEX(재회점수!E$2:E$45,MATCH(B34,재회점수!A$2:A$45,0)) -> -1 | E34: =INDEX(재회점수!H$2:H$45,MATCH(B34,재회점수!A$2:A$45,0)) -> 2 | F34: =$B$8 -> 2
C35: 합계 | D35: =SUMPRODUCT(D32:D34,F32:F34)-$E$6 -> -2 | E35: =SUMPRODUCT(E32:E34,F32:F34)-$E$7 -> 3
C36: 결론 | D36: =IF(D35>=0,"다시 연락해 보기","마음 정리하기")&" — "&IF(ABS(D35)>=$B$9,"뚜렷",IF(ABS(D35)>=$B$10,"분명","조금 더")) -> 마음 정리하기 — 분명 | E36: =IF(E35>=0,"다시 연락해 보기","마음 정리하기")&" — "&IF(ABS(E35)>=$B$9,"뚜렷",IF(ABS(E35)>=$B$10,"분명","조금 더")) -> 다시 연락해 보기 — 뚜렷
A39: 모든 뽑기(73,920가지)로 계산한 재회 결론 — Python 계산값(가중치 1·1·2)
A40: 점수표 | B40: '연락' 결론 비율 | C40: '뚜렷' 비율
A41: v1 (+ 카드 18개, 합 ≥ 0) | B41: 0.454 | C41: 0.445
A42: v2 (+ 카드 26개, 합 ≥ 0) | B42: 0.658 | C42: 0.442

Sheet 관계형 점수
A1: 키 | B1: 카드명 | C1: 원래 타로 | D1: 방향 | E1: 다가가기 초안 | F1: 다가가기 확정 | G1: 다가가기 적용 | H1: 다가가기 — 질문에서의 뜻 | I1: 진전 초안 | J1: 진전 확정 | K1: 진전 적용 | L1: 진전 — 질문에서의 뜻 | M1: 지속 초안 | N1: 지속 확정 | O1: 지속 적용 | P1: 지속 — 질문에서의 뜻 | Q1: 새 인연 초안 | R1: 새 인연 확정 | S1: 새 인연 적용 | T1: 새 인연 — 질문에서의 뜻
A2: 0_up | B2: 첫 물장구 | C2: 바보(The Fool) | D2: 정방향 | E2: 2 | G2: =IF(F2="",E2,F2) -> 2 | H2: 가벼운 마음으로 먼저 말을 건네 보라는 카드 | I2: 1 | K2: =IF(J2="",I2,J2) -> 1 | L2: 새로운 단계로 가볍게 첫발을 내딛는 카드 | M2: 1 | O2: =IF(N2="",M2,N2) -> 1 | P2: 새로운 마음으로 다시 시작해 볼 수 있는 카드 | Q2: 2 | S2: =IF(R2="",Q2,R2) -> 2 | T2: 설레는 마음으로 새 만남에 첫발을 내딛는 카드
A3: 0_rev | B3: 첫 물장구 | C3: 바보(The Fool) | D3: 역방향 | E3: 1 | G3: =IF(F3="",E3,F3) -> 1 | H3: 부담을 덜고 가볍게 한마디 건네면 풀리는 상태 | I3: 1 | K3: =IF(J3="",I3,J3) -> 1 | L3: 조금만 준비하면 한 걸음 내디뎌 볼 만한 상태 | M3: -1 | O3: =IF(N3="",M3,N3) -> -1 | P3: 익숙함이 답답해 마음이 떠나려는 상태 | Q3: 1 | S3: =IF(R3="",Q3,R3) -> 1 | T3: 두려움을 조금 내려놓으면 새 만남을 시작할 수 있는 상태
A4: 1_up | B4: 여덟 갈래의 손 | C4: 마법사(The Magician) | D4: 정방향 | E4: 2 | G4: =IF(F4="",E4,F4) -> 2 | H4: 하고 싶은 말을 솜씨 있게 꺼내 전할 수 있다는 카드 | I4: 2 | K4: =IF(J4="",I4,J4) -> 2 | L4: 의지와 말솜씨로 관계의 다음 단계를 열 수 있는 카드 | M4: 1 | O4: =IF(N4="",M4,N4) -> 1 | P4: 서로의 노력으로 관계를 바로잡을 수 있는 카드 | Q4: 2 | S4: =IF(R4="",Q4,R4) -> 2 | T4: 스스로 자리를 만들어 새 인연을 만날 수 있는 카드
A5: 1_rev | B5: 여덟 갈래의 손 | C5: 마법사(The Magician) | D5: 역방향 | E5: 1 | G5: =IF(F5="",E5,F5) -> 1 | H5: 말을 고르다 늦었어도 지금 짧게 표현해 볼 수 있는 상태 | I5: -1 | K5: =IF(J5="",I5,J5) -> -1 | L5: 말만 앞서고 실제 준비가 부족한 상태 | M5: -2 | O5: =IF(N5="",M5,N5) -> -2 | P5: 말과 행동이 달라 신뢰가 깎여 가는 상태 | Q5: -1 | S5: =IF(R5="",Q5,R5) -> -1 | T5: 겉모습만 좋은 만남에 휘둘리기 쉬운 상태
A6: 2_up | B6: 고요히 바라보기 | C6: 여사제(The High Priestess) | D6: 정방향 | E6: -2 | G6: =IF(F6="",E6,F6) -> -2 | H6: 속마음을 아끼며 상대의 신호를 더 지켜보라는 카드 | I6: -1 | K6: =IF(J6="",I6,J6) -> -1 | L6: 속도를 늦추고 서로의 마음을 더 알아가라는 카드 | M6: -1 | O6: =IF(N6="",M6,N6) -> -1 | P6: 서로 속마음을 숨겨 거리가 생겨 있는 카드 | Q6: -1 | S6: =IF(R6="",Q6,R6) -> -1 | T6: 직감을 믿고 마음을 조금 더 지켜보라는 카드
A7: 2_rev | B7: 고요히 바라보기 | C7: 여사제(The High Priestess) | D7: 역방향 | E7: 1 | G7: =IF(F7="",E7,F7) -> 1 | H7: 숨겨 둔 마음을 이제 꺼내도 좋다는 카드 | I7: 1 | K7: =IF(J7="",I7,J7) -> 1 | L7: 숨겨진 마음이 드러나 확신을 얻을 수 있는 카드 | M7: 1 | O7: =IF(N7="",M7,N7) -> 1 | P7: 숨겨 온 마음을 나누며 거리를 좁힐 수 있는 카드 | Q7: 1 | S7: =IF(R7="",Q7,R7) -> 1 | T7: 마음을 닫아 두었다가 서서히 열 수 있는 카드
A8: 3_up | B8: 품어 주는 품 | C8: 여황제(The Empress) | D8: 정방향 | E8: 1 | G8: =IF(F8="",E8,F8) -> 1 | H8: 따뜻한 관심과 다정한 표현이 잘 닿는 카드 | I8: 1 | K8: =IF(J8="",I8,J8) -> 1 | L8: 애정이 풍성하게 자라 관계를 키워 갈 수 있는 카드 | M8: 2 | O8: =IF(N8="",M8,N8) -> 2 | P8: 애정과 돌봄이 충분해 관계를 키워 갈 수 있는 카드 | Q8: 1 | S8: =IF(R8="",Q8,R8) -> 1 | T8: 따뜻함이 넘쳐 좋은 만남을 끌어당기는 카드
A9: 3_rev | B9: 품어 주는 품 | C9: 여황제(The Empress) | D9: 역방향 | E9: -1 | G9: =IF(F9="",E9,F9) -> -1 | H9: 챙기려는 마음이 과해 부담을 줄 수 있는 상태 | I9: -1 | K9: =IF(J9="",I9,J9) -> -1 | L9: 한쪽이 과하게 맞추느라 관계가 지친 상태 | M9: 1 | O9: =IF(N9="",M9,N9) -> 1 | P9: 지친 서로를 돌보기 시작하면 관계가 살아날 수 있는 상태 | Q9: -1 | S9: =IF(R9="",Q9,R9) -> -1 | T9: 나를 돌보지 않고 상대에게 먼저 쏟는 상태
A10: 4_up | B10: 지키는 자리 | C10: 황제(The Emperor) | D10: 정방향 | E10: 1 | G10: =IF(F10="",E10,F10) -> 1 | H10: 분명한 태도로 주도권을 잡고 다가가도 좋은 카드 | I10: 2 | K10: =IF(J10="",I10,J10) -> 2 | L10: 책임감 있는 약속으로 관계를 단단히 세우는 카드 | M10: 1 | O10: =IF(N10="",M10,N10) -> 1 | P10: 안정과 책임이 있어 관계를 지탱할 수 있는 카드 | Q10: -1 | S10: =IF(R10="",Q10,R10) -> -1 | T10: 기준이 높고 단단해 선뜻 마음 열기 어려운 카드
A11: 4_rev | B11: 지키는 자리 | C11: 황제(The Emperor) | D11: 역방향 | E11: -1 | G11: =IF(F11="",E11,F11) -> -1 | H11: 고집과 경직된 태도로 다가가기 어려운 상태 | I11: -2 | K11: =IF(J11="",I11,J11) -> -2 | L11: 통제와 고집이 앞서 관계 정의가 어려운 상태 | M11: 1 | O11: =IF(N11="",M11,N11) -> 1 | P11: 통제와 고집을 내려놓으면 숨통이 트이는 상태 | Q11: -1 | S11: =IF(R11="",Q11,R11) -> -1 | T11: 경계가 지나치게 굳어 새 사람을 막는 상태
A12: 5_up | B12: 오래된 지혜 | C12: 교황(The Hierophant) | D12: 정방향 | E12: 1 | G12: =IF(F12="",E12,F12) -> 1 | H12: 예의를 지키며 먼저 안부를 건네기 좋은 카드 | I12: 2 | K12: =IF(J12="",I12,J12) -> 2 | L12: 관계를 공식적으로 약속하고 인정받는 카드 | M12: 1 | O12: =IF(N12="",M12,N12) -> 1 | P12: 함께한 약속과 신뢰가 관계를 받쳐 주는 카드 | Q12: 1 | S12: =IF(R12="",Q12,R12) -> 1 | T12: 소개나 모임처럼 믿을 만한 만남이 열리는 카드
A13: 5_rev | B13: 오래된 지혜 | C13: 교황(The Hierophant) | D13: 역방향 | E13: 1 | G13: =IF(F13="",E13,F13) -> 1 | H13: 형식을 내려놓고 편하게 다가가도 되는 카드 | I13: -1 | K13: =IF(J13="",I13,J13) -> -1 | L13: 형식과 기대에 얽매여 마음이 따라가지 못하는 상태 | M13: 1 | O13: =IF(N13="",M13,N13) -> 1 | P13: 낡은 틀을 바꾸면 관계를 새롭게 이어 갈 수 있는 상태 | Q13: -1 | S13: =IF(R13="",Q13,R13) -> -1 | T13: 관습과 기대에 갇혀 마음이 닫힌 상태
... A45: 21_rev | B45: 한 바퀴의 바다 | C45: 세계(The World) | D45: 역방향 | E45: -1 | G45: =IF(F45="",E45,F45) -> -1 | H45: 마무리가 덜 되어 표현을 더 미루게 되는 상태 | I45: 1 | K45: =IF(J45="",I45,J45) -> 1 | L45: 마무리를 조금만 더하면 다음 단계로 갈 수 있는 상태 | M45: -1 | O45: =IF(N45="",M45,N45) -> -1 | P45: 마무리가 덜 되어 만족하지 못하는 상태 | Q45: 1 | S45: =IF(R45="",Q45,R45) -> 1 | T45: 마무리를 조금 정리하면 새 사람에게 열 수 있는 상태
A47: + 카드 수 / − 카드 수 | G47: =COUNTIF(G2:G45,">0")&" / "&COUNTIF(G2:G45,"<0") -> 26 / 18 | K47: =COUNTIF(K2:K45,">0")&" / "&COUNTIF(K2:K45,"<0") -> 26 / 18 | O47: =COUNTIF(O2:O45,">0")&" / "&COUNTIF(O2:O45,"<0") -> 26 / 18 | S47: =COUNTIF(S2:S45,">0")&" / "&COUNTIF(S2:S45,"<0") -> 26 / 18
A48: 연두색 칸 = v2에서 −1 → +1로 바꾼 카드

Sheet 변화형 점수
A1: 키 | B1: 카드명 | C1: 원래 타로 | D1: 방향 | E1: 이직·퇴사 초안 | F1: 이직·퇴사 확정 | G1: 이직·퇴사 적용 | H1: 이직·퇴사 — 질문에서의 뜻 | I1: 시작·도전 초안 | J1: 시작·도전 확정 | K1: 시작·도전 적용 | L1: 시작·도전 — 질문에서의 뜻 | M1: 이사·독립 초안 | N1: 이사·독립 확정 | O1: 이사·독립 적용 | P1: 이사·독립 — 질문에서의 뜻
A2: 0_up | B2: 첫 물장구 | C2: 바보(The Fool) | D2: 정방향 | E2: 2 | G2: =IF(F2="",E2,F2) -> 2 | H2: 새 자리로 가볍게 첫발을 내딛어도 좋다는 카드 | I2: 2 | K2: =IF(J2="",I2,J2) -> 2 | L2: 완벽하지 않아도 가볍게 첫발을 떼라는 카드 | M2: 2 | O2: =IF(N2="",M2,N2) -> 2 | P2: 새로운 곳으로 가볍게 떠나 보라는 카드
A3: 0_rev | B3: 첫 물장구 | C3: 바보(The Fool) | D3: 역방향 | E3: 1 | G3: =IF(F3="",E3,F3) -> 1 | H3: 두려움만 내려놓으면 옮겨 볼 만한 상태 | I3: 1 | K3: =IF(J3="",I3,J3) -> 1 | L3: 부담을 덜고 작게 시작하면 되는 상태 | M3: 1 | O3: =IF(N3="",M3,N3) -> 1 | P3: 낯선 곳에 대한 두려움이 풀리면 떠나 볼 수 있는 상태
A4: 1_up | B4: 여덟 갈래의 손 | C4: 마법사(The Magician) | D4: 정방향 | E4: 2 | G4: =IF(F4="",E4,F4) -> 2 | H4: 가진 역량을 밑천 삼아 새 자리를 직접 열어 갈 카드 | I4: 2 | K4: =IF(J4="",I4,J4) -> 2 | L4: 필요한 자원이 갖춰져 바로 실행에 옮길 수 있는 카드 | M4: 2 | O4: =IF(N4="",M4,N4) -> 2 | P4: 필요한 것을 모아 이사를 실행에 옮길 수 있는 카드
A5: 1_rev | B5: 여덟 갈래의 손 | C5: 마법사(The Magician) | D5: 역방향 | E5: -1 | G5: =IF(F5="",E5,F5) -> -1 | H5: 이것저것 벌여 놓아 지금 자리에 집중이 필요한 상태 | I5: -1 | K5: =IF(J5="",I5,J5) -> -1 | L5: 이것저것 벌여 집중이 흩어져 정리가 먼저인 상태 | M5: -1 | O5: =IF(N5="",M5,N5) -> -1 | P5: 챙길 일이 분산되어 준비가 엉킨 상태
A6: 2_up | B6: 고요히 바라보기 | C6: 여사제(The High Priestess) | D6: 정방향 | E6: -1 | G6: =IF(F6="",E6,F6) -> -1 | H6: 속마음이 정리될 때까지 조용히 지켜보며 머무는 카드 | I6: -2 | K6: =IF(J6="",I6,J6) -> -2 | L6: 직관을 따라 조용히 관찰하며 준비하라는 카드 | M6: -1 | O6: =IF(N6="",M6,N6) -> -1 | P6: 속마음을 더 들여다보며 조용히 머무르는 카드
A7: 2_rev | B7: 고요히 바라보기 | C7: 여사제(The High Priestess) | D7: 역방향 | E7: -1 | G7: =IF(F7="",E7,F7) -> -1 | H7: 정보에 휘둘려 결정이 흐려져 서두르지 않는 편이 나은 상태 | I7: -1 | K7: =IF(J7="",I7,J7) -> -1 | L7: 정보만 쌓다 결정이 흐려져 정리가 필요한 상태 | M7: -1 | O7: =IF(N7="",M7,N7) -> -1 | P7: 정보에 휘둘려 어디로 갈지 흐려진 상태
A8: 3_up | B8: 품어 주는 품 | C8: 여황제(The Empress) | D8: 정방향 | E8: -1 | G8: =IF(F8="",E8,F8) -> -1 | H8: 지금 자리에서 받는 보살핌과 안정을 누리는 카드 | I8: 1 | K8: =IF(J8="",I8,J8) -> 1 | L8: 충분히 채워진 토대 위에서 키워 가기 좋은 카드 | M8: -2 | O8: =IF(N8="",M8,N8) -> -2 | P8: 지금 사는 곳의 포근함과 안정을 누리는 카드
A9: 3_rev | B9: 품어 주는 품 | C9: 여황제(The Empress) | D9: 역방향 | E9: 1 | G9: =IF(F9="",E9,F9) -> 1 | H9: 지금 자리에서 소진되어 새로 채울 곳이 필요한 상태 | I9: 1 | K9: =IF(J9="",I9,J9) -> 1 | L9: 여유를 조금 채우며 작게 시작해 볼 만한 상태 | M9: 1 | O9: =IF(N9="",M9,N9) -> 1 | P9: 지금 사는 곳에서 소진되어 환경을 바꿔야 하는 상태
A10: 4_up | B10: 지키는 자리 | C10: 황제(The Emperor) | D10: 정방향 | E10: -2 | G10: =IF(F10="",E10,F10) -> -2 | H10: 지금 조직 안에서 책임과 질서를 지키며 자리를 굳히는 카드 | I10: 2 | K10: =IF(J10="",I10,J10) -> 2 | L10: 구조와 계획을 세워 책임지고 밀어붙일 카드 | M10: 1 | O10: =IF(N10="",M10,N10) -> 1 | P10: 내 공간을 책임지고 꾸려 갈 독립의 카드
A11: 4_rev | B11: 지키는 자리 | C11: 황제(The Emperor) | D11: 역방향 | E11: 1 | G11: =IF(F11="",E11,F11) -> 1 | H11: 통제와 경직에 지쳐 숨 쉴 새 자리가 필요한 상태 | I11: 1 | K11: =IF(J11="",I11,J11) -> 1 | L11: 긴장을 풀고 구조를 잡으면 시작할 수 있는 상태 | M11: 1 | O11: =IF(N11="",M11,N11) -> 1 | P11: 부담을 나눠 정리하면 옮겨 갈 수 있는 상태
A12: 5_up | B12: 오래된 지혜 | C12: 교황(The Hierophant) | D12: 정방향 | E12: -1 | G12: =IF(F12="",E12,F12) -> -1 | H12: 지금 조직의 선배와 제도에서 배우고 기댈 수 있는 카드 | I12: -1 | K12: =IF(J12="",I12,J12) -> -1 | L12: 배우고 조언을 구하며 기초를 다지라는 카드 | M12: -1 | O12: =IF(N12="",M12,N12) -> -1 | P12: 가족과 익숙한 곳의 조언에 기댈 수 있는 카드
A13: 5_rev | B13: 오래된 지혜 | C13: 교황(The Hierophant) | D13: 역방향 | E13: 1 | G13: =IF(F13="",E13,F13) -> 1 | H13: 지금 조직의 틀이 맞지 않아 겉도는 상태 | I13: -1 | K13: =IF(J13="",I13,J13) -> -1 | L13: 혼자 해결하려다 길이 막혀 점검이 먼저인 상태 | M13: 1 | O13: =IF(N13="",M13,N13) -> 1 | P13: 맞지 않는 틀에서 벗어나 독립하고 싶은 상태
... A45: 21_rev | B45: 한 바퀴의 바다 | C45: 세계(The World) | D45: 역방향 | E45: 1 | G45: =IF(F45="",E45,F45) -> 1 | H45: 지금 자리를 조금만 매듭지으면 옮겨 갈 수 있는 상태 | I45: 1 | K45: =IF(J45="",I45,J45) -> 1 | L45: 마지막 점검만 하면 시작할 수 있는 상태 | M45: 1 | O45: =IF(N45="",M45,N45) -> 1 | P45: 정리할 일을 마치면 떠날 수 있는 상태
A47: + 카드 수 / − 카드 수 | G47: =COUNTIF(G2:G45,">0")&" / "&COUNTIF(G2:G45,"<0") -> 26 / 18 | K47: =COUNTIF(K2:K45,">0")&" / "&COUNTIF(K2:K45,"<0") -> 26 / 18 | O47: =COUNTIF(O2:O45,">0")&" / "&COUNTIF(O2:O45,"<0") -> 26 / 18
A48: 연두색 칸 = v2에서 −1 → +1로 바꾼 카드

Sheet 표현·경계 점수
A1: 키 | B1: 카드명 | C1: 원래 타로 | D1: 방향 | E1: 표현 초안 | F1: 표현 확정 | G1: 표현 적용 | H1: 표현 — 질문에서의 뜻 | I1: 경계 초안 | J1: 경계 확정 | K1: 경계 적용 | L1: 경계 — 질문에서의 뜻
A2: 0_up | B2: 첫 물장구 | C2: 바보(The Fool) | D2: 정방향 | E2: 2 | G2: =IF(F2="",E2,F2) -> 2 | H2: 가벼운 마음으로 먼저 말을 건네 보라는 카드 | I2: -1 | K2: =IF(J2="",I2,J2) -> -1 | L2: 가볍게 열린 마음으로 일단 받아들이며 따라가 보는 카드
A3: 0_rev | B3: 첫 물장구 | C3: 바보(The Fool) | D3: 역방향 | E3: 1 | G3: =IF(F3="",E3,F3) -> 1 | H3: 부담을 덜고 가볍게 한마디 건네면 풀리는 상태 | I3: 1 | K3: =IF(J3="",I3,J3) -> 1 | L3: 준비가 덜 됐으니 선뜻 맡지 말고 한 걸음 물러서는 상태
A4: 1_up | B4: 여덟 갈래의 손 | C4: 마법사(The Magician) | D4: 정방향 | E4: 2 | G4: =IF(F4="",E4,F4) -> 2 | H4: 하고 싶은 말을 솜씨 있게 꺼내 전할 수 있다는 카드 | I4: -1 | K4: =IF(J4="",I4,J4) -> -1 | L4: 할 수 있는 힘이 충분해 맡은 일을 계속 해내는 카드
A5: 1_rev | B5: 여덟 갈래의 손 | C5: 마법사(The Magician) | D5: 역방향 | E5: 1 | G5: =IF(F5="",E5,F5) -> 1 | H5: 말을 고르다 늦었어도 지금 짧게 표현해 볼 수 있는 상태 | I5: 1 | K5: =IF(J5="",I5,J5) -> 1 | L5: 여기저기 힘이 흩어져 맡은 일을 덜어 내야 하는 상태
A6: 2_up | B6: 고요히 바라보기 | C6: 여사제(The High Priestess) | D6: 정방향 | E6: -2 | G6: =IF(F6="",E6,F6) -> -2 | H6: 속마음을 아끼며 상대의 신호를 더 지켜보라는 카드 | I6: 1 | K6: =IF(J6="",I6,J6) -> 1 | L6: 소란에서 한발 떨어져 조용히 거리를 두는 편이 맞는 카드
A7: 2_rev | B7: 고요히 바라보기 | C7: 여사제(The High Priestess) | D7: 역방향 | E7: 1 | G7: =IF(F7="",E7,F7) -> 1 | H7: 숨겨 둔 마음을 이제 꺼내도 좋다는 카드 | I7: -1 | K7: =IF(J7="",I7,J7) -> -1 | L7: 주변 소리에 묻혀 내 뜻 없이 남에게 맞추고 있는 상태
A8: 3_up | B8: 품어 주는 품 | C8: 여황제(The Empress) | D8: 정방향 | E8: 1 | G8: =IF(F8="",E8,F8) -> 1 | H8: 따뜻한 관심과 다정한 한마디가 잘 닿는 카드 | I8: -2 | K8: =IF(J8="",I8,J8) -> -2 | L8: 넉넉히 품고 베풀며 곁의 사람을 계속 챙기게 되는 카드
A9: 3_rev | B9: 품어 주는 품 | C9: 여황제(The Empress) | D9: 역방향 | E9: -1 | G9: =IF(F9="",E9,F9) -> -1 | H9: 챙기려는 마음이 과해 오히려 부담을 줄 수 있는 상태 | I9: 2 | K9: =IF(J9="",I9,J9) -> 2 | L9: 남을 챙기느라 바닥난 나를 위해 이제 멈추고 쉬어야 하는 상태
A10: 4_up | B10: 지키는 자리 | C10: 황제(The Emperor) | D10: 정방향 | E10: 1 | G10: =IF(F10="",E10,F10) -> 1 | H10: 분명한 태도로 주도권을 잡고 다가가도 좋은 카드 | I10: 1 | K10: =IF(J10="",I10,J10) -> 1 | L10: 내가 지킬 선과 원칙을 분명하고 단단하게 세우는 카드
A11: 4_rev | B11: 지키는 자리 | C11: 황제(The Emperor) | D11: 역방향 | E11: -1 | G11: =IF(F11="",E11,F11) -> -1 | H11: 고집과 경직된 태도로 다가가기 어려운 상태 | I11: 1 | K11: =IF(J11="",I11,J11) -> 1 | L11: 혼자 다 짊어진 짐을 느슨히 풀고 나눠 맡겨야 하는 상태
A12: 5_up | B12: 오래된 지혜 | C12: 교황(The Hierophant) | D12: 정방향 | E12: 1 | G12: =IF(F12="",E12,F12) -> 1 | H12: 예의를 지키며 먼저 안부를 건네기 좋은 카드 | I12: -2 | K12: =IF(J12="",I12,J12) -> -2 | L12: 오래된 관례와 주변 기대에 맞춰 따라가게 되는 카드
A13: 5_rev | B13: 오래된 지혜 | C13: 교황(The Hierophant) | D13: 역방향 | E13: 1 | G13: =IF(F13="",E13,F13) -> 1 | H13: 형식을 내려놓고 편하게 다가가도 되는 카드 | I13: 1 | K13: =IF(J13="",I13,J13) -> 1 | L13: 낡은 틀과 기대가 나와 맞지 않아 벗어나도 좋은 카드
... A45: 21_rev | B45: 한 바퀴의 바다 | C45: 세계(The World) | D45: 역방향 | E45: -1 | G45: =IF(F45="",E45,F45) -> -1 | H45: 마무리가 덜 되어 표현을 더 미루게 되는 상태 | I45: -1 | K45: =IF(J45="",I45,J45) -> -1 | L45: 마무리가 덜 되어 맡은 일을 더 이어 가야 하는 상태
A47: + 카드 수 / − 카드 수 | G47: =COUNTIF(G2:G45,">0")&" / "&COUNTIF(G2:G45,"<0") -> 26 / 18 | K47: =COUNTIF(K2:K45,">0")&" / "&COUNTIF(K2:K45,"<0") -> 26 / 18
A48: 2026-10-22: '일반 행동' 표를 둘로 나눔 — 같은 카드가 두 표에서 반대로 읽힘(예: 9 정방향 표현 −2 / 경계 +2). 표현: 친구·가족·직장 사람에게 먼저 말하기·연락·다가가기(+) / 말 아끼고 지켜보기(−). 경계: 거절·선 긋기·빠지기·내려놓기(+) / 맞춰 주기·계속 맡기(−).

Sheet 바꾼 카드(v2)
A1: v2에서 −1 → +1로 바꾼 카드 — 유형마다 + 카드 26개가 되도록 (−2 카드는 그대로)
A3: 유형 | B3: 키 | C3: 카드 | D3: 전 | E3: 전 — 질문에서의 뜻 | F3: 후 | G3: 후 — 질문에서의 뜻 | H3: 바꾼 이유 | I3: 검수(OK / 되돌리기)
A4: 재회 | B4: 0_up | C4: 첫 물장구 정방향 | D4: -1 | E4: 새 출발의 카드라 지난 인연보다 새 인연 쪽 | F4: 1 | G4: 새로 시작하는 마음으로 지난 인연과 다시 만나 볼 수 있는 카드 | H4: 새 출발의 기운이 재회에도 열려 있어 예(+)로 읽힘.
A5: 재회 | B5: 1_rev | C5: 여덟 갈래의 손 역방향 | D5: -1 | E5: 말과 행동이 엇갈리는 상태라 연락이 꼬이기 쉬움 | F5: 1 | G5: 엇갈린 말과 행동을 바로잡으면 다시 이어질 수 있는 상태 | H5: 꼬인 소통이 풀리는 중이라 다시 연락해 볼 만함.
A6: 재회 | B6: 4_rev | C6: 지키는 자리 역방향 | D6: -1 | E6: 통제가 흔들려 다시 시작해도 같은 갈등이 되풀이되기 쉬움 | F6: 1 | G6: 통제가 풀리며 굳었던 마음이 조금씩 열리는 상태 | H6: 경직이 풀리는 방향이라 재접촉 여지가 생김.
A7: 재회 | B7: 5_rev | C7: 오래된 지혜 역방향 | D7: -1 | E7: 틀을 깨려는 때라 예전 관계로 돌아가기 어려움 | F7: 1 | G7: 낡은 틀을 깨면 예전 관계도 새롭게 시작할 수 있는 상태 | H7: 틀이 깨지는 것을 새 관계 방식의 기회로 읽을 수 있음.
A8: 재회 | B8: 8_rev | C8: 진주를 품는 힘 역방향 | D8: -1 | E8: 감정이 앞서 다시 다치기 쉬운 상태 | F8: 1 | G8: 감정이 앞서도 마음을 추스르면 다시 다가가 볼 만한 상태 | H8: 추스르면 해 볼 만하다는 조건부 긍정.
A9: 재회 | B9: 14_rev | C9: 물과 뭍 사이 역방향 | D9: -1 | E9: 조율이 어긋나 다시 맞추기 어려운 상태 | F9: 1 | G9: 어긋난 조율을 다시 맞추면 이어 볼 수 있는 상태 | H9: 재조율하면 되는 문제라 회복 쪽으로 읽힘.
A10: 재회 | B10: 16_rev | C10: 다시 쌓는 둑 역방향 | D10: -1 | E10: 무너진 뒤의 혼란이 아직 남은 상태 | F10: 1 | G10: 무너진 뒤 혼란이 가라앉으며 다시 세워 갈 수 있는 상태 | H10: 역방향은 충격이 지나가는 중이라 재건 쪽으로 읽힘.
A11: 재회 | B11: 21_up | C11: 한 바퀴의 바다 정방향 | D11: -1 | E11: 한 사이클이 끝나고 다음 단계로 가는 카드 | F11: 1 | G11: 한 사이클을 마치고 다음 단계에서 다시 만날 수 있는 카드 | H11: 한 번 끝난 뒤 새 단계로 이어진다는 예 쪽 해석.
A12: 다가가기 | B12: 0_rev | C12: 첫 물장구 역방향 | D12: -1 | E12: 잘해야 한다는 부담에 연락 버튼 앞에서 머뭇거리는 상태 | F12: 1 | G12: 부담을 덜고 가볍게 한마디 건네면 풀리는 상태 | H12: 머뭇거림이 풀리는 중이라 작게 먼저 연락할 만함.
A13: 다가가기 | B13: 1_rev | C13: 여덟 갈래의 손 역방향 | D13: -1 | E13: 말을 고르다 타이밍을 놓치거나 표현이 꼬이기 쉬운 상태 | F13: 1 | G13: 말을 고르다 늦었어도 지금 짧게 표현해 볼 수 있는 상태 | H13: 타이밍을 놓친 것이 아니라 짧게 만회 가능.
A14: 다가가기 | B14: 5_up | C14: 오래된 지혜 정방향 | D14: -1 | E14: 예의와 순서를 지키며 천천히 거리를 좁히라는 카드 | F14: 1 | G14: 예의를 지키며 먼저 안부를 건네기 좋은 카드 | H14: 예의 있는 접근은 먼저 다가가는 방식으로도 자연스러움.
A15: 다가가기 | B15: 6_rev | C15: 나란히 헤엄 역방향 | D15: -1 | E15: 마음이 엇갈려 표현이 제대로 전해지지 않는 상태 | F15: 1 | G15: 엇갈린 마음을 솔직히 표현하면 풀릴 수 있는 상태 | H15: 솔직한 표현이 오히려 오해를 푸는 열쇠.
... A60: 이사·독립 | B60: 21_rev | C60: 한 바퀴의 바다 역방향 | D60: -1 | E60: 정리할 일이 남아 떠나기 전 마무리가 필요한 상태 | F60: 1 | G60: 정리할 일을 마치면 떠날 수 있는 상태 | H60: 마무리만 하면 이동 가능.
A62: 합계 57장. '되돌리기'로 표시한 카드는 해당 점수표의 노란 '확정' 칸에 −1을 넣으면 바로 반영됩니다.

Sheet 유형 비교
A1: 점수표끼리 결론이 얼마나 다른가(v2) — 모든 뽑기 73,920가지 중 '움직이는 쪽/머무는 쪽' 결론이 서로 다른 비율(가중치 1·1·2, 합 ≥ 0 → 움직이는 쪽, Python 계산값)
B3: 재회 | C3: 다가가기 | D3: 진전 | E3: 지속 | F3: 새 인연 | G3: 이직·퇴사 | H3: 시작·도전 | I3: 이사·독립
A4: 재회 | B4: 0 | C4: 0.224 | D4: 0.29 | E4: 0.231 | F4: 0.292 | G4: 0.338 | H4: 0.312 | I4: 0.389
A5: 다가가기 | B5: 0.224 | C5: 0 | D5: 0.234 | E5: 0.282 | F5: 0.184 | G5: 0.333 | H5: 0.265 | I5: 0.321
A6: 진전 | B6: 0.29 | C6: 0.234 | D6: 0 | E6: 0.254 | F6: 0.149 | G6: 0.351 | H6: 0.237 | I6: 0.333
A7: 지속 | B7: 0.231 | C7: 0.282 | D7: 0.254 | E7: 0 | F7: 0.301 | G7: 0.402 | H7: 0.327 | I7: 0.399
A8: 새 인연 | B8: 0.292 | C8: 0.184 | D8: 0.149 | E8: 0.301 | F8: 0 | G8: 0.288 | H8: 0.233 | I8: 0.283
A9: 이직·퇴사 | B9: 0.338 | C9: 0.333 | D9: 0.351 | E9: 0.402 | F9: 0.288 | G9: 0 | H9: 0.293 | I9: 0.122
A10: 시작·도전 | B10: 0.312 | C10: 0.265 | D10: 0.237 | E10: 0.327 | F10: 0.233 | G10: 0.293 | H10: 0 | I10: 0.216
A11: 이사·독립 | B11: 0.389 | C11: 0.321 | D11: 0.333 | E11: 0.399 | F11: 0.283 | G11: 0.122 | H11: 0.216 | I11: 0
A13: 가장 가까운 짝: 이직·퇴사↔이사·독립 12%, 진전↔새 인연 15%, 다가가기↔새 인연 18% / 가장 먼 짝: 재회↔이사·독립 39%, 지속↔이사·독립 40%, 지속↔이직·퇴사 40%
